[{"pk": 5, "model": "contenttypes.contenttype", "fields": {"model": "contenttype", "name": "content type", "app_label": "contenttypes"}}, {"pk": 10, "model": "contenttypes.contenttype", "fields": {"model": "dataseries", "name": "data series", "app_label": "scorecard_processor"}}, {"pk": 9, "model": "contenttypes.contenttype", "fields": {"model": "dataseriesgroup", "name": "data series group", "app_label": "scorecard_processor"}}, {"pk": 12, "model": "contenttypes.contenttype", "fields": {"model": "entity", "name": "entity", "app_label": "scorecard_processor"}}, {"pk": 11, "model": "contenttypes.contenttype", "fields": {"model": "entitytype", "name": "entity type", "app_label": "scorecard_processor"}}, {"pk": 30, "model": "contenttypes.contenttype", "fields": {"model": "glossarydefinition", "name": "glossary definition", "app_label": "scorecard_processor"}}, {"pk": 31, "model": "contenttypes.contenttype", "fields": {"model": "glossaryterm", "name": "glossary term", "app_label": "scorecard_processor"}}, {"pk": 2, "model": "contenttypes.contenttype", "fields": {"model": "group", "name": "group", "app_label": "auth"}}, {"pk": 33, "model": "contenttypes.contenttype", "fields": {"model": "groupobjectpermission", "name": "group object permission", "app_label": "guardian"}}, {"pk": 17, "model": "contenttypes.contenttype", "fields": {"model": "importfieldmap", "name": "import field map", "app_label": "scorecard_processor"}}, {"pk": 16, "model": "contenttypes.contenttype", "fields": {"model": "importmap", "name": "import map", "app_label": "scorecard_processor"}}, {"pk": 25, "model": "contenttypes.contenttype", "fields": {"model": "logentry", "name": "log entry", "app_label": "admin"}}, {"pk": 4, "model": "contenttypes.contenttype", "fields": {"model": "message", "name": "message", "app_label": "auth"}}, {"pk": 26, "model": "contenttypes.contenttype", "fields": {"model": "migrationhistory", "name": "migration history", "app_label": "south"}}, {"pk": 22, "model": "contenttypes.contenttype", "fields": {"model": "operation", "name": "operation", "app_label": "scorecard_processor"}}, {"pk": 23, "model": "contenttypes.contenttype", "fields": {"model": "operationargument", "name": "operation argument", "app_label": "scorecard_processor"}}, {"pk": 1, "model": "contenttypes.contenttype", "fields": {"model": "permission", "name": "permission", "app_label": "auth"}}, {"pk": 8, "model": "contenttypes.contenttype", "fields": {"model": "project", "name": "project", "app_label": "scorecard_processor"}}, {"pk": 15, "model": "contenttypes.contenttype", "fields": {"model": "question", "name": "question", "app_label": "scorecard_processor"}}, {"pk": 14, "model": "contenttypes.contenttype", "fields": {"model": "questiongroup", "name": "question group", "app_label": "scorecard_processor"}}, {"pk": 28, "model": "contenttypes.contenttype", "fields": {"model": "questiongrouptranslation", "name": "question group translation", "app_label": "scorecard_processor"}}, {"pk": 29, "model": "contenttypes.contenttype", "fields": {"model": "questiontranslation", "name": "question translation", "app_label": "scorecard_processor"}}, {"pk": 24, "model": "contenttypes.contenttype", "fields": {"model": "reportrun", "name": "report run", "app_label": "scorecard_processor"}}, {"pk": 19, "model": "contenttypes.contenttype", "fields": {"model": "response", "name": "response", "app_label": "scorecard_processor"}}, {"pk": 20, "model": "contenttypes.contenttype", "fields": {"model": "responseoverride", "name": "response override", "app_label": "scorecard_processor"}}, {"pk": 18, "model": "contenttypes.contenttype", "fields": {"model": "responseset", "name": "response set", "app_label": "scorecard_processor"}}, {"pk": 34, "model": "contenttypes.contenttype", "fields": {"model": "responsesetmetadata", "name": "response set meta data", "app_label": "scorecard_processor"}}, {"pk": 21, "model": "contenttypes.contenttype", "fields": {"model": "scorecard", "name": "scorecard", "app_label": "scorecard_processor"}}, {"pk": 6, "model": "contenttypes.contenttype", "fields": {"model": "session", "name": "session", "app_label": "sessions"}}, {"pk": 7, "model": "contenttypes.contenttype", "fields": {"model": "site", "name": "site", "app_label": "sites"}}, {"pk": 13, "model": "contenttypes.contenttype", "fields": {"model": "survey", "name": "survey", "app_label": "scorecard_processor"}}, {"pk": 27, "model": "contenttypes.contenttype", "fields": {"model": "surveytranslation", "name": "survey translation", "app_label": "scorecard_processor"}}, {"pk": 3, "model": "contenttypes.contenttype", "fields": {"model": "user", "name": "user", "app_label": "auth"}}, {"pk": 32, "model": "contenttypes.contenttype", "fields": {"model": "userobjectpermission", "name": "user object permission", "app_label": "guardian"}}, {"pk": "f6e3f151d90200e5425a90a9c94dfa9c", "model": "sessions.session", "fields": {"expire_date": "2012-02-29 12:58:51", "session_data": "MjNhZjdlNWEzYTM5NjU4ZDU4MWFkNDdhYzMzYTU0YzhlYTdkMTM4NDqAAn1xAVUKdGVzdGNvb2tp\nZXECVQZ3b3JrZWRxA3Mu\n"}}, {"pk": "e9211256a7facfe9241e474facd8554c", "model": "sessions.session", "fields": {"expire_date": "2012-02-29 12:58:52", "session_data": "MjNhZjdlNWEzYTM5NjU4ZDU4MWFkNDdhYzMzYTU0YzhlYTdkMTM4NDqAAn1xAVUKdGVzdGNvb2tp\nZXECVQZ3b3JrZWRxA3Mu\n"}}, {"pk": "f016c35314c3e0e5e73ee7a95791266b", "model": "sessions.session", "fields": {"expire_date": "2012-02-29 14:01:07", "session_data": "MjNhZjdlNWEzYTM5NjU4ZDU4MWFkNDdhYzMzYTU0YzhlYTdkMTM4NDqAAn1xAVUKdGVzdGNvb2tp\nZXECVQZ3b3JrZWRxA3Mu\n"}}, {"pk": "37ac1292177dc4dbdc79c3a53474c050", "model": "sessions.session", "fields": {"expire_date": "2012-02-23 16:14:56", "session_data": "MDhmNTFjMzNhY2MxOTk1NDI1MjNkYWJhZmIxN2ExYTNkMTY5MWNhNDqAAn1xAS4=\n"}}, {"pk": "ff0f2a309c533518bb9acb1fa0d99fe1", "model": "sessions.session", "fields": {"expire_date": "2012-02-29 14:01:12", "session_data": "MjNhZjdlNWEzYTM5NjU4ZDU4MWFkNDdhYzMzYTU0YzhlYTdkMTM4NDqAAn1xAVUKdGVzdGNvb2tp\nZXECVQZ3b3JrZWRxA3Mu\n"}}, {"pk": "a82e5b89f3fe2d3333406ba426418b7d", "model": "sessions.session", "fields": {"expire_date": "2012-03-01 17:14:45", "session_data": "MjNhZjdlNWEzYTM5NjU4ZDU4MWFkNDdhYzMzYTU0YzhlYTdkMTM4NDqAAn1xAVUKdGVzdGNvb2tp\nZXECVQZ3b3JrZWRxA3Mu\n"}}, {"pk": "1e366701e3d709a970985b5ad793f82a", "model": "sessions.session", "fields": {"expire_date": "2012-03-01 17:16:52", "session_data": "ZjgwYmRhMjJkMTYzYmE2NGM1MzQ0Y2JjM2ExNmYyNTExZTY4ZmI1ZTqAAn1xAShVEl9hdXRoX3Vz\nZXJfYmFja2VuZHECVSlkamFuZ28uY29udHJpYi5hdXRoLmJhY2tlbmRzLk1vZGVsQmFja2VuZHED\nVQ1fYXV0aF91c2VyX2lkcQRLCHUu\n"}}, {"pk": "08581cd6f205c261c7caa658f9ab68f5", "model": "sessions.session", "fields": {"expire_date": "2012-03-02 02:11:34", "session_data": "MjNhZjdlNWEzYTM5NjU4ZDU4MWFkNDdhYzMzYTU0YzhlYTdkMTM4NDqAAn1xAVUKdGVzdGNvb2tp\nZXECVQZ3b3JrZWRxA3Mu\n"}}, {"pk": "bbefc52fc75349b15947f72ad9b006e3", "model": "sessions.session", "fields": {"expire_date": "2012-02-24 11:24:06", "session_data": "MzIyYWU2MTczNDkwNTAyMzcyNzJlOWFjMzAzMGI3YzhiNGVhOGJiOTqAAn1xAShVEl9hdXRoX3Vz\nZXJfYmFja2VuZHECVSlkamFuZ28uY29udHJpYi5hdXRoLmJhY2tlbmRzLk1vZGVsQmFja2VuZHED\nVQ1fYXV0aF91c2VyX2lkcQRLBnUu\n"}}, {"pk": "5b2e828bbcbb73c96e9e1f7d61353469", "model": "sessions.session", "fields": {"expire_date": "2012-03-02 10:43:52", "session_data": "MjNhZjdlNWEzYTM5NjU4ZDU4MWFkNDdhYzMzYTU0YzhlYTdkMTM4NDqAAn1xAVUKdGVzdGNvb2tp\nZXECVQZ3b3JrZWRxA3Mu\n"}}, {"pk": "98d7e3a46c67aa49f0704e5174a877a9", "model": "sessions.session", "fields": {"expire_date": "2012-02-29 14:48:44", "session_data": "MjNhZjdlNWEzYTM5NjU4ZDU4MWFkNDdhYzMzYTU0YzhlYTdkMTM4NDqAAn1xAVUKdGVzdGNvb2tp\nZXECVQZ3b3JrZWRxA3Mu\n"}}, {"pk": "08083e27ef0982650f4b144f8271e1d4", "model": "sessions.session", "fields": {"expire_date": "2012-03-02 10:47:25", "session_data": "MDhmNTFjMzNhY2MxOTk1NDI1MjNkYWJhZmIxN2ExYTNkMTY5MWNhNDqAAn1xAS4=\n"}}, {"pk": "09ffafad2f30bee1132f08dae29326fe", "model": "sessions.session", "fields": {"expire_date": "2012-03-02 10:47:36", "session_data": "MjNhZjdlNWEzYTM5NjU4ZDU4MWFkNDdhYzMzYTU0YzhlYTdkMTM4NDqAAn1xAVUKdGVzdGNvb2tp\nZXECVQZ3b3JrZWRxA3Mu\n"}}, {"pk": "ad3a96b5607bb1ebb786225f12c91203", "model": "sessions.session", "fields": {"expire_date": "2012-02-29 14:54:28", "session_data": "NzU5NWNhMTc0NTc5NWZmMTNhN2I3YmU2MzM5M2Y3MTc0Yjk2YjJkZDqAAn1xAShVEl9hdXRoX3Vz\nZXJfYmFja2VuZHECVSlkamFuZ28uY29udHJpYi5hdXRoLmJhY2tlbmRzLk1vZGVsQmFja2VuZHED\nVQ1fYXV0aF91c2VyX2lkcQRLAXUu\n"}}, {"pk": "ce8798d88406011c620aab22def7b456", "model": "sessions.session", "fields": {"expire_date": "2012-03-02 11:25:10", "session_data": "MzVlZDAwZjI0NThlMGVkOTI5ZmMzMTY4NWU3NWJiN2Q3MDE2YTM0YjqAAn1xAShVCnRlc3Rjb29r\naWVxAlUGd29ya2VkcQNVDV9hdXRoX3VzZXJfaWRLBFUSX2F1dGhfdXNlcl9iYWNrZW5kVSZpaHBf\ncmVzdWx0cy5iYWNrZW5kcy5FbWFpbE1vZGVsQmFja2VuZHUu\n"}}, {"pk": "1ee9cd1eb704a199b3dbb27d1fc46f8a", "model": "sessions.session", "fields": {"expire_date": "2012-02-29 15:14:29", "session_data": "MDhmNTFjMzNhY2MxOTk1NDI1MjNkYWJhZmIxN2ExYTNkMTY5MWNhNDqAAn1xAS4=\n"}}, {"pk": "f6c1222b9639c6a92d1ea1dc05370ca2", "model": "sessions.session", "fields": {"expire_date": "2012-03-02 15:17:58", "session_data": "Y2UyOWJkNTU5ZmQ3Njg4NTQxZTQ0ZGQ4ODM2ZGM5MmViYTQ3NDcyYzqAAn1xAShVEl9hdXRoX3Vz\nZXJfYmFja2VuZFUpZGphbmdvLmNvbnRyaWIuYXV0aC5iYWNrZW5kcy5Nb2RlbEJhY2tlbmRVDV9h\ndXRoX3VzZXJfaWRLCVUPZGphbmdvX2xhbmd1YWdlWAUAAABlbi1nYnECdS4=\n"}}, {"pk": "871c6bd3184b3feb5acb8ce961fa65c2", "model": "sessions.session", "fields": {"expire_date": "2012-03-08 16:02:34", "session_data": "N2FiZjQyOTJlMjE4NWQ4YTM1M2Y1NGY1MGZlNWYyZjEyZDZkN2VmMjqAAn1xAShVEl9hdXRoX3Vz\nZXJfYmFja2VuZFUpZGphbmdvLmNvbnRyaWIuYXV0aC5iYWNrZW5kcy5Nb2RlbEJhY2tlbmRVDV9h\ndXRoX3VzZXJfaWRLAVUPZGphbmdvX2xhbmd1YWdlWAUAAABlbi1nYnECdS4=\n"}}, {"pk": "49589835c2522e7c11a7a11457e38f9e", "model": "sessions.session", "fields": {"expire_date": "2012-03-05 16:08:27", "session_data": "MjNhZjdlNWEzYTM5NjU4ZDU4MWFkNDdhYzMzYTU0YzhlYTdkMTM4NDqAAn1xAVUKdGVzdGNvb2tp\nZXECVQZ3b3JrZWRxA3Mu\n"}}, {"pk": "21e0fc92c5c460ce766877a67f28178b", "model": "sessions.session", "fields": {"expire_date": "2012-03-05 18:26:04", "session_data": "MjNhZjdlNWEzYTM5NjU4ZDU4MWFkNDdhYzMzYTU0YzhlYTdkMTM4NDqAAn1xAVUKdGVzdGNvb2tp\nZXECVQZ3b3JrZWRxA3Mu\n"}}, {"pk": "4a1a2b97ca07382bbd1bbc9bcadd4153", "model": "sessions.session", "fields": {"expire_date": "2012-03-05 19:34:09", "session_data": "MjNhZjdlNWEzYTM5NjU4ZDU4MWFkNDdhYzMzYTU0YzhlYTdkMTM4NDqAAn1xAVUKdGVzdGNvb2tp\nZXECVQZ3b3JrZWRxA3Mu\n"}}, {"pk": "8f72da9bedf72f78112442ca709ae0db", "model": "sessions.session", "fields": {"expire_date": "2012-03-05 20:54:08", "session_data": "MjNhZjdlNWEzYTM5NjU4ZDU4MWFkNDdhYzMzYTU0YzhlYTdkMTM4NDqAAn1xAVUKdGVzdGNvb2tp\nZXECVQZ3b3JrZWRxA3Mu\n"}}, {"pk": "b53f15575186d1ac581201c1a48eff88", "model": "sessions.session", "fields": {"expire_date": "2012-02-28 20:40:14", "session_data": "MjNhZjdlNWEzYTM5NjU4ZDU4MWFkNDdhYzMzYTU0YzhlYTdkMTM4NDqAAn1xAVUKdGVzdGNvb2tp\nZXECVQZ3b3JrZWRxA3Mu\n"}}, {"pk": "0f917cefacc1806895778e1efb5e85e6", "model": "sessions.session", "fields": {"expire_date": "2012-03-01 12:55:40", "session_data": "MjNhZjdlNWEzYTM5NjU4ZDU4MWFkNDdhYzMzYTU0YzhlYTdkMTM4NDqAAn1xAVUKdGVzdGNvb2tp\nZXECVQZ3b3JrZWRxA3Mu\n"}}, {"pk": "de964bc81f98694784825342db52ac21", "model": "sessions.session", "fields": {"expire_date": "2012-02-24 17:05:35", "session_data": "NGM5Yjg0ZmQwZjljNjczYjczMzRlYzRhMDk5NGZkMWJjMTVmMDcwZTqAAn1xAVUKdGVzdGNvb2tp\nZVUGd29ya2VkcQJzLg==\n"}}, {"pk": "2138de68c8bbb09a23b69f45f6a65823", "model": "sessions.session", "fields": {"expire_date": "2012-02-24 17:11:50", "session_data": "NGM5Yjg0ZmQwZjljNjczYjczMzRlYzRhMDk5NGZkMWJjMTVmMDcwZTqAAn1xAVUKdGVzdGNvb2tp\nZVUGd29ya2VkcQJzLg==\n"}}, {"pk": "95e85ae072f25133dad9335fd8302b60", "model": "sessions.session", "fields": {"expire_date": "2012-03-08 17:54:04", "session_data": "M2RiNmUyNjUwZjZlYTg0OWQ5M2ZhMThkYTkxYWIzOTdiNDdmMDgzZDqAAn1xAShVDV9hdXRoX3Vz\nZXJfaWRLBlUSX2F1dGhfdXNlcl9iYWNrZW5kVSlkamFuZ28uY29udHJpYi5hdXRoLmJhY2tlbmRz\nLk1vZGVsQmFja2VuZFUPZGphbmdvX2xhbmd1YWdlWAIAAABmcnECdS4=\n"}}, {"pk": "46474230858f31cfa16273a8291bb927", "model": "sessions.session", "fields": {"expire_date": "2012-03-01 13:14:02", "session_data": "MjNhZjdlNWEzYTM5NjU4ZDU4MWFkNDdhYzMzYTU0YzhlYTdkMTM4NDqAAn1xAVUKdGVzdGNvb2tp\nZXECVQZ3b3JrZWRxA3Mu\n"}}, {"pk": "f62eb74b8b52968d02971fb35736548d", "model": "sessions.session", "fields": {"expire_date": "2012-03-08 19:24:51", "session_data": "N2FiZjQyOTJlMjE4NWQ4YTM1M2Y1NGY1MGZlNWYyZjEyZDZkN2VmMjqAAn1xAShVEl9hdXRoX3Vz\nZXJfYmFja2VuZFUpZGphbmdvLmNvbnRyaWIuYXV0aC5iYWNrZW5kcy5Nb2RlbEJhY2tlbmRVDV9h\ndXRoX3VzZXJfaWRLAVUPZGphbmdvX2xhbmd1YWdlWAUAAABlbi1nYnECdS4=\n"}}, {"pk": "395f1be4b440af00728fc3f2a43afd86", "model": "sessions.session", "fields": {"expire_date": "2012-03-09 15:49:30", "session_data": "MjNhZjdlNWEzYTM5NjU4ZDU4MWFkNDdhYzMzYTU0YzhlYTdkMTM4NDqAAn1xAVUKdGVzdGNvb2tp\nZXECVQZ3b3JrZWRxA3Mu\n"}}, {"pk": 1, "model": "sites.site", "fields": {"domain": "survey2012.ihpresults.net", "name": "IHP+Results"}}, {"pk": 1, "model": "scorecard_processor.project", "fields": {"name": "IHP Results"}}, {"pk": 34, "model": "scorecard_processor.glossarydefinition", "fields": {"project": 1, "definition": "The country Compact is a negotiated and signed time-bound agreement in which all partners commit to implement and uphold the defined country health priorities outlined in the validated country health strategy. Therefore, signatories to the country Compact agree that all existing and future investments are based on the ONE validated country health strategy, which is results-based and costed, with clear performance benchmarks for all parties and which is transparently monitored and evaluated for purposes of mutual accountability.  For more guidance on IHP+ country compacts see the IHP+ website. http://www.internationalhealthpartnership.net/CMS_files/documents/ihp_compact_guidance_note_EN.pdf", "lang": "en-gb"}}, {"pk": 35, "model": "scorecard_processor.glossarydefinition", "fields": {"project": 1, "definition": "A document developed under the stewardship of the government, which defines priorities for health sector support and is signed by the government and (a number of) development partners \u2013 ie not a bilateral agreement,for example a Memorandum of Understanding or a Code of Conduct.", "lang": "en-gb"}}, {"pk": 36, "model": "scorecard_processor.glossarydefinition", "fields": {"project": 1, "definition": "Has been signed by the government and (a number of) development partners \u2013 ie not still under development. Published in the public domain (please provide a weblink to this document, or an electronic copy).", "lang": "en-gb"}}, {"pk": 37, "model": "scorecard_processor.glossarydefinition", "fields": {"project": 1, "definition": "Targets that relate to an ongoing (ie not expired) period of implementation. Budgets that relate to the existing annual or multi-year budget (eg MTEF).", "lang": "en-gb"}}, {"pk": 38, "model": "scorecard_processor.glossarydefinition", "fields": {"project": 1, "definition": "Costed HRH plan: Human Resources for Health (HRH) plan, which has been developed in the context of available resources \u2013 budgets for each action should be defined, including the responsibility for providing finances. Comprehensive national HRH plan: Plan that addresses (directly or by reference to other plans/strategies) the key constraints that need to be addressed to achieve agreed objectives on HRH. Evidence based HRH plan: Plan that has been developed and informed through understanding of what works to achieve the stated objectives.", "lang": "en-gb"}}, {"pk": 39, "model": "scorecard_processor.glossarydefinition", "fields": {"project": 1, "definition": "The HRH plan is referred to  in the national health plan (ie the HRH budget and other implications are reflected in the national health plan) and other higher- or lower-level plans/strategies as appropriate; the HRH plan should also make reference to higher- or lower-level strategies. ", "lang": "en-gb"}}, {"pk": 40, "model": "scorecard_processor.glossarydefinition", "fields": {"project": 1, "definition": "For the purpose of this exercise, public funding is defined as domestic public spending on health, excluding external funding .  African governments have demonstrated their commitment to health services by committing to allocate a 15% share of their own resources to the health sector. 15% is understood to mean domestic public spending on health, excluding external funding , as set out in the national budget that has been approved by the country\u2019s legislature.  If data is available, we would like to get a figure for domestic funding for health (ie without external funding included).  If this data is not available, an overall figure for the discretionary resources spent on health will suffice.  ", "lang": "en-gb"}}, {"pk": 41, "model": "scorecard_processor.glossarydefinition", "fields": {"project": 1, "definition": "Is the annual budget as it was originally approved by the legislature. In order to support discipline and credibility of the budget preparation process, subsequent revisions to the original annual budget \u2014 even when approved by the legislature \u2014 should NOT be recorded here. This is because it is the credibility of the original, approved budget that is important to measure and because revisions to the annual budget in many cases are retroactive. ", "lang": "en-gb"}}, {"pk": 42, "model": "scorecard_processor.glossarydefinition", "fields": {"project": 1, "definition": "Disbursement: A disbursement is the placement of resources at the disposal of a recipient country or agency. Resources provided in-kind should only be included when the value of the resources have been monetised in an agreement or in a document communicated to government. \n\nApproved annual budget for the health sector: Is the annual budget as it was originally approved by the legislature. In order to support discipline and credibility of the budget preparation process, subsequent revisions to the original annual budget \u2014 even when approved by the legislature \u2014 should NOT be recorded here. This is because it is the credibility of the original, approved budget that is important to measure and because revisions to the annual budget in many cases are retroactive. \n", "lang": "en-gb"}}, {"pk": 43, "model": "scorecard_processor.glossarydefinition", "fields": {"project": 1, "definition": "This indicator is based on the World Bank Country Policy and Institutional Assessment (CPIA) data. The CPIA framework of analysis includes 16 indicators, one of which \u2014 CPIA Indicator 13 \u2014 measures the quality of partner countries budget and financial management systems (Taken from www.oecd.org/dataoecd/45/46/35230756.pdf). Four assessment criteria are used for this indicator: \n\u00b7\tA comprehensive and credible budget linked to policy priorities. \n\u00b7\tEffective financial management systems of budget expenditure and budget revenues. \n\u00b7\tTimely and accurate fiscal reporting. \n\u00b7\tClear and balanced assignment of expenditures and revenues to each level of government. \n\nIHP+Results has gathered the available data from the World Bank website, presented below.  IHP+ Country Governments are asked to verify this data, to raise any objections, and to provide evidence to support these objections.  We will use this data to provide ratings on the quality of PFM systems.  Data is presented for 2005 \u2013 when the Paris Declaration (which is the source of this target) was signed, for 2009, and for 2010 which is the most recent available year.\n[insert table]", "lang": "en-gb"}}, {"pk": 44, "model": "scorecard_processor.glossarydefinition", "fields": {"project": 1, "definition": "The OECD has outlined a procedure to produce an indicative picture of the quality of procurement systems, based on a 4-point scale. These assessments took place for 2007 and 2010 (Detailed information on this procedure can be found on the OECD website and specifically at the following web addresses: www.unpcdc.org/media/4182/global%20monitoring%20paris\n%20dec.doc and http://www.oecd.org/document/62/0,3746,en_2649_3236398_39238590_1_1_1_1,00.html).  IHP+Results will use this data in order to reduce duplication and minimize transaction costs. 17 countries were assessed for 2007 but only 5 were assessed for 2010, and none were repeat countries (For more detailed information see \u2018Progress in Implementing the Paris Declaration\u2019 (page 118), http://www.oecd.org/document/1/0,3746,en_2649_3236398_48725569_1_1_1_1,00.html).  As a result data for this indicator is only available in five of the IHP+ countries participating in IHP+Results 2012 monitoring, and only for 2007.\n\nRelevant IHP+ country scores (participating in IHP+Results 2012 monitoring): [insert table]\n\nThis data is insufficient for IHP+Results to assess any country\u2019s progress towards the agreed target. In the absence of more comprehensive data, IHP+ Governments are asked to provide any relevant data on assessments that they have conducted of their procurement systems, or to provide information on any reform programmes that are in place (see following definition). \n", "lang": "en-gb"}}, {"pk": 45, "model": "scorecard_processor.glossarydefinition", "fields": {"project": 1, "definition": "Agreed and published, preferably with good awareness amongst key stakeholders including civil society.", "lang": "en-gb"}}, {"pk": 46, "model": "scorecard_processor.glossarydefinition", "fields": {"project": 1, "definition": "Monitorable: Including a limited number of agreed indicators that are tracked through the Health Management Information System and other sources.\n\nPerformance assessment framework (PAF): The Paris Declaration commits donors and partner countries to manage and implement aid in a way that focuses on the desired results and uses information to improve decision making; partners to strengthen the linkages between strategies and budgets, and endeavour to establish results-oriented reporting and assessment frameworks; donors to link country programming to results and align them with partners\u2018 assessment and monitoring frameworks, and harmonise reporting requirements; and partner and donors to jointly strengthen the necessary capacities. This indicator measures the extent to which the country commitment on establishing performance frameworks has been realised. \n", "lang": "en-gb"}}, {"pk": 47, "model": "scorecard_processor.glossarydefinition", "fields": {"project": 1, "definition": "Exercises that engage at a national level both partner authorities and donors in a review of mutual performance. In determining whether mutual assessments of progress have been undertaken, partner authorities and donors may be guided by the following criteria:\nBroad-based dialogue \u2014 Mutual assessments should engage in dialogue a broad range of government ministries (including line ministries and relevant departments) and donors (bilateral, multilateral and global initiatives). Government and donors should also consider engaging with civil society organisations.\nCountry mechanisms for monitoring progress \u2014 A formal process for measuring progress and following-up the assessment on a regular basis (e.g. one to two years) might be supplemented, wherever possible, through independent/impartial reviews. The results of such assessments should be made publicly available through appropriate means to ensure transparency.\nCountry targets \u2014 Partner countries have established country targets for improved aid effectiveness and health sector performance including within the framework of the agreed Partnerships Commitments and Indicators of Progress included in the Paris Declaration (PD-\u00a79). They may, however, go beyond the Paris Declaration wherever government and donors agree to do so.\nHigh-level support \u2014 The assessments should be transparent and country led with significant support at the highest levels and with an appropriate level of resources.\n", "lang": "en-gb"}}, {"pk": 48, "model": "scorecard_processor.glossarydefinition", "fields": {"project": 1, "definition": "Multi-stakeholder body that meets regularly (usually monthly or quarterly) to provide the main forum for dialogue on health sector policy and planning.\n\nThe survey tool provides tick boxes for a number of categories designed to capture the breadth of CSO representation that is enabled in the health sector coordination mechanism (see below); the extent to which CSOs are represented at key points in the policy and planning process is also tracked through X cateogries (also below).  For each category, government representatives are asked to tick each category where CSOs representation is enabled:   \n\nOrganisational Focus:\n\u2022\tMaternal Health\n\u2022\tChild Health\n\u2022\tMalaria\n\u2022\tHIV/AIDS\n\u2022\tTB\n\u2022\tHealth Systems Strengthening (Governance, Financing, HRH, Information Systems, Medicines, service delivery)\n\u2022\tNutrition\n\nType of Organisation:\n\u2022\tInternational Non-Governmental Organisation (NGO)\n\u2022\tNational NGO\n\u2022\tFaith Based Organisation\n\u2022\tUmbrella Organisation\n\u2022\tProfessional Association\n\nPoints in the policy and planning process:\n\u2022\tJoint Annual Reviews\n\u2022\tMonthly/quarterly coordination meetings\n\u2022\tThematic Working Groups\n\u2022\tBudget development / resource allocation\n\n\nNB: This Standard Performance Measure will be supplemented by the equivalent DP Standard Performance Measure (8DP), and possibly by a qualitative survey of national civil society organisations, which will explore the quality of civil society engagement in health sector policy dialogue.\n\n \n\nGuidance on completing other questions\n\nA limited number of questions are also asked to enable the completion of the Country Scorecard:\n", "lang": "en-gb"}}, {"pk": 49, "model": "scorecard_processor.glossarydefinition", "fields": {"project": 1, "definition": "Donor missions to the field are defined as missions that meet all of the following criteria:\n- The mission is undertaken by, or on behalf of, a donor, including programme developers, appraisers and evaluators, sector assessment teams commissioned by a donor.\n- The mission involved international travel typically, but not exclusively, from donor headquarters.\n- The mission made a request to meet with government officials including local government.\nThis definition should exclude missions:\n- Undertaken by donors to attend events (workshops, conferences, etc.) that do not involve request to meet with government officials.\n- Undertaken by parliamentary or other political delegations.\n- Special event missions undertaken as part of a defined program, e.g. electoral observers.\n- External consultants that are executing work as part of scheduled programme implementation plans.\n- Disaster assessment teams.\n", "lang": "en-gb"}}, {"pk": 50, "model": "scorecard_processor.glossarydefinition", "fields": {"project": 1, "definition": "A funding mechanism which receives contributions from more than one donor which are then pooled and disbursed upon instructions from the Fund\u2019s decision-making structure by an Administrative Agent (or Fund Manager) to a number of recipients. Sometimes known as a Multi-Donor Trust Fund. Taken from http://www.undg.org/index.cfm?P=152 ", "lang": "en-gb"}}, {"pk": 51, "model": "scorecard_processor.glossarydefinition", "fields": {"project": 1, "definition": "Those who are properly trained and who have appropriate equipment and drugs. Excludes traditional birth attendants, even if they have received a short training course. (http://www.wpro.who.int/NR/rdonlyres/45B45060-A38E-496F-B2C1-BD2DC6C04C52/0/44Definitionofterms2009.pdf)", "lang": "en-gb"}}, {"pk": 52, "model": "scorecard_processor.glossarydefinition", "fields": {"project": 1, "definition": "Total number of outpatient (A person who goes to a health care facility for consultation, is not admitted to the facility and does not occupy a hospital bed for any length of time) visits per year, divided by the sum of total population / 10,000.  \n\nExample:\nTotal population: 2,000,000\nTotal outpatient department visits: 500,000\n\n2,000,000 / 10,000 = 200\n\n500,000 / 200 = 2,500\n\nTotal outpatient department visits per 10,000 = 2,500.  \n", "lang": "en-gb"}}, {"pk": 53, "model": "scorecard_processor.glossarydefinition", "fields": {"project": 1, "definition": "Health sector aid: ODA contributed to the health sector.  ODA includes all transactions defined in OECD/DAC statistical directives paragraph 35, including official transactions that: \n-\tare administered with the promotion of economic development and welfare of developing countries as its main objective; and\n-\tare concessional in character and convey a grant element of at least 25%.\nWhere ODA is provided to the partner country as part of a donor\u2018s regional (multi-country) programme and it is possible to identify those activities and disbursements that are specific to that partner country, these disbursements should also be recorded. \n\nThe following transactions are excluded from the scope of this survey and should not be recorded: \n-\tTransactions made to beneficiaries that are not based in the country receiving ODA or to regional organisations. \n-\tDebt reorganisation/restructuring. \n-\tEmergency and relief assistance. \nNB: Based on guidance from OECD, the costs of administering a programme of support to a country should not be captured, including those costs associated with country-based staff (eg salaries).\nDisbursed for the government sector: Health sector aid disbursed in the context of an agreement with administrations (ministries, departments, agencies or municipalities) authorised to receive revenue or undertake expenditures on behalf of central government. This includes works, goods or services delegated or subcontracted by these administrations to other entities such as:\n- Non-Governmental organisations (NGOs);\n- Semi-autonomous government agencies\n-\tPrivate companies\n", "lang": "en-gb"}}, {"pk": 54, "model": "scorecard_processor.glossarydefinition", "fields": {"project": 1, "definition": "A disbursement is the placement of resources at the disposal of a recipient country or agency. Resources provided in-kind should only be included when the values of the resources have been monetised in an agreement or in a document communicated to the government. Where ODA is provided to the partner country as part of the donor\u2019s regional (multi-country) programme and it is possible to identify those activities and disbursements that are specific to that partner country, these disbursements should also be recorded. In order to avoid double counting in cases where one donor disburses ODA funds on behalf of another, it is the donor who makes the final disbursement to the government who should report on these funds.  The only exception to this is Q18 for DPs against which donors should record total ODA funds channelled through other donors.  Direct Budget Support (General- and Sector- Budget Support) should be included as appropriate.  For the purposes of calculating the health sector element of General Budget Support (GBS), please provide the total amount of GBS that you have provided and IHP+Results will calculate the amount to the health sector based on the government allocation to health from the national budget.", "lang": "en-gb"}}, {"pk": 55, "model": "scorecard_processor.glossarydefinition", "fields": {"project": 1, "definition": "This should include all health sector aid recorded in the annual budget as grants, revenue or loans.", "lang": "en-gb"}}, {"pk": 56, "model": "scorecard_processor.glossarydefinition", "fields": {"project": 1, "definition": "(also referred to as technical assistance) is the provision of know-how in the form of personnel, training, research and associated costs. (OECD DAC Statistical Reporting Directives 40-44). It comprises donor-financed: \n- Activities that augment the level of knowledge, skills, technical know-how or productive aptitudes of people in developing countries; and\n- Services such as consultancies, technical support or the provision of know-how that contribute to the execution of a capital project. \nTechnical co-operation can be provided to both government and non-government entities, and includes both free standing technical co-operation and technical co-operation that is embedded in investment programmes (or included in programme-based approaches).\n\nNB: Based on guidance from OECD, costs associated with missions from headquarters should not be captured in the calculation of the value of technical assistance provided.\n", "lang": "en-gb"}}, {"pk": 57, "model": "scorecard_processor.glossarydefinition", "fields": {"project": 1, "definition": "technical cooperation: Co-ordinated technical co-operation means free standing and embedded technical co-operation that respects the following principles. Ownership -- Partner countries exercise effective leadership over their capacity development programmes. Alignment \u2013 Technical co-operation in support of capacity development is aligned with countries\u2019 development objectives and strategies. Harmonisation \u2013 Where more than one donor is involved in supporting partner-led capacity development, donors co-ordinate their activities and contributions.\nYou are invited to review all your health sector support with a view to determining how much technical co-operation was disbursed through co-ordinated programmes that meet BOTH criteria: \n1.\tHave relevant country authorities (government or non-government) communicated clear capacity development objectives as part of the health sector strategy? (Y/N)\n2.\tIs the technical co-operation aligned with these capacity development objectives? (Y/N)\nAND at least ONE of the criteria below:\n3.\tDo relevant country authorities (government or non-government) have control over the technical co-operation? (Y/N)\n4.\tIf more than one donor is involved in supporting country programmes, are arrangements in place involving the country authorities for co-ordinating technical co-operation provided by different donors? (Y/N)\n", "lang": "en-gb"}}, {"pk": 58, "model": "scorecard_processor.glossarydefinition", "fields": {"project": 1, "definition": "ODA contributed to the health sector.  ODA includes all transactions defined in OECD/DAC statistical directives paragraph 35, including official transactions that: \n-\tare administered with the promotion of economic development and welfare of developing countries as its main objective; and\n-\tare concessional in character and convey a grant element of at least 25%.\n", "lang": "en-gb"}}, {"pk": 59, "model": "scorecard_processor.glossarydefinition", "fields": {"project": 1, "definition": "Programme based approaches (PBA) are a way of engaging in development co-operation based on the principles of co-ordinated support for a locally owned programme of development, such as a national development strategy, a sector programme, a thematic programme or a programme of a specific organisation. Programme based approaches share the following features: (i) Leadership by the host country or organisation; (ii) A single comprehensive programme and budget framework; (iii) A formalised process for donor co-ordination and harmonisation of donor procedures for reporting, budgeting, financial management and procurement; (iv) Efforts to increase the use of local systems for programme design and implementation, financial management, monitoring and evaluation.\nDonors can support and implement programme based approaches in different ways and across a range of aid modalities including budget support, sector budget support, project support, pooled arrangements and trust funds.\nDonors are invited to review all their development activities with a view to determining how much health sector aid was disbursed in support of programme based approaches that meet ALL 4 of the following criteria (anything less does not qualify as a PBA):\n1.\tIs the host country or organisation exercising leadership over the programme supported by donors? (Y/N)\n2.\tIs a single comprehensive programme and budget framework used? (Y/N)\n3.\tIs there a formal process for donor co-ordination and harmonisation of donor procedures for at least two of the following systems: (i) reporting, (ii) budgeting, (iii) financial management and (iv) procurement? (Y/N)\n4.\tDoes your support to the programme use at least two of the following local systems: (i) programme design, (ii) programme implementation, (iii) financial management and (iv) monitoring and evaluation? (Y/N)\n", "lang": "en-gb"}}, {"pk": 60, "model": "scorecard_processor.glossarydefinition", "fields": {"project": 1, "definition": "Commitments to disburse funding that are designed to fund expenditures for several years. For the purposes of this work, a minimum of 3 years.", "lang": "en-gb"}}, {"pk": 61, "model": "scorecard_processor.glossarydefinition", "fields": {"project": 1, "definition": "Legislative frameworks normally provide for specific types of financial reports to be produced as well as periodicity of such reporting. The use of national financial reporting means that donors do not impose additional requirements on governments for financial reporting. In particular donors do NOT require: (i) maintenance of a separate accounting system to satisfy donor reporting requirements, and (ii) creation of a separate chart of accounts to record the use of donor funds.\nDonors are invited to review all their health sector activities with a view to determining how much health sector aid for the government sector meet BOTH criteria below (anything less does not qualify):\n1.\tYou do NOT require maintenance of a separate accounting system to satisfy your own reporting requirements?\n2.\tYou ONLY require financial reports prepared using country\u2019s established financial reporting arrangements? (Y/N).\n", "lang": "en-gb"}}, {"pk": 81, "model": "scorecard_processor.glossarydefinition", "fields": {"project": 1, "definition": "Plan chiffr\u00e9 des ressources humaines de la sant\u00e9 : La plan des ressources humaines de la sant\u00e9, qui a \u00e9t\u00e9 \u00e9labor\u00e9 dans le contexte des ressources disponibles \u2013 des budgets pour chacune des actions doivent \u00eatre d\u00e9finis, y compris la responsabilit\u00e9 de financement.\n\nPlan national complet des ressources humaines de la sant\u00e9 : Plan qui traite (directement ou en r\u00e9f\u00e9rence \u00e0 d'autres plans et strat\u00e9gies) des principales contraintes qui doivent \u00eatre surmont\u00e9es pour atteindre les objectifs convenus en mati\u00e8re des ressources humaines de la sant\u00e9.\n\nPlan des ressources humaines de la sant\u00e9 fond\u00e9 sur des preuves : Plan qui a \u00e9t\u00e9 \u00e9labor\u00e9 et r\u00e9fl\u00e9chi gr\u00e2ce \u00e0 la compr\u00e9hension de ce qui fonctionne pour atteindre les objectifs cit\u00e9s. \n", "lang": "fr"}}, {"pk": 62, "model": "scorecard_processor.glossarydefinition", "fields": {"project": 1, "definition": "When providing development assistance in a country, some donors establish Project Implementation Units (They are also commonly referred to as project management units, project management consultants, project management offices, project co-ordination offices etc.). These are dedicated management units designed to support the implementation and administration of projects or programmes. PIUs typically share the following key features: \n\u2192\uf020PIUs are TYPICALLY required to perform subsidiary (rather than principal) tasks with regard to the implementation of a project or programme: monitoring and reporting on technical and/or financial progress, accounting, procurement of works, goods and services, drawing-up of terms of reference, contract supervision, detailed design or equipment specification. \n\u2192\uf020PIUs are often established at the request of a donor following the inception of a project or programme. \n\u2192\uf020The staff of PIUs vary considerably in size and composition. Staff size can vary from 1 to as many as 200 but most count less than 10 professional staff. Although a significant number of PIUs make use of government staff, most PIUs rely on staff recruited outside the civil service (e.g. long-term local consultants). \n\u2192\uf020A distinction is made here between a PIU and technical advice provided directly to national administrations. \n", "lang": "en-gb"}}, {"pk": 63, "model": "scorecard_processor.glossarydefinition", "fields": {"project": 1, "definition": "The Paris Declaration commits donors and partner countries to manage and implement aid in a way that focuses on the desired results and uses information to improve decision making; partners to strengthen the linkages between strategies and budgets, and endeavour to establish results-oriented reporting and assessment frameworks; donors to link country programming to results and align them with partners\u2018 assessment and monitoring frameworks, and harmonise reporting requirements; and partner and donors to jointly strengthen the necessary capacities. This indicator measures the extent to which the country commitment on establishing performance frameworks has been realised. PAFs provide a mechanism for monitoring government progress on pre-established priority areas, and opportunities for policy dialogue on key strategic issues for the development of the health sector. They are the basis of a government's policy to make information about the quality and performance of health care services available to the public and partners.  National Performance Assessment Frameworks should be comprehensive (ie cover all areas of health sector performance).", "lang": "en-gb"}}, {"pk": 64, "model": "scorecard_processor.glossarydefinition", "fields": {"project": 1, "definition": "Mutual assessments of progress are exercises that engage at a national level both partner authorities and donors in a review of mutual performance. In determining whether mutual assessments of progress have been undertaken, partner authorities and donors may be guided by the following criteria:\n- Broad-based dialogue \u2014 Mutual assessments should engage in dialogue a broad range of government ministries (including line ministries and relevant departments) and donors (bilateral, multilateral and global initiatives). Government and donors should also consider engaging with civil society organisations.\n- Country mechanisms for monitoring progress \u2014 A formal process for measuring progress and following-up the assessment on a regular basis (e.g. one to two years) might be supplemented, wherever possible, through independent/impartial reviews. The results of such assessments should be made publicly available through appropriate means to ensure transparency.\n- Country targets \u2014 Partner countries have established country targets for improved aid effectiveness and health sector performance including within the framework of the agreed Partnerships Commitments and Indicators of Progress included in the Paris Declaration (PD-\u00a79). They may, however, go beyond the Paris Declaration wherever government and donors agree to do so.\n- High-level support \u2014 The assessments should be transparent and country led with significant support at the highest levels and with an appropriate level of resources.\n\nNB: The survey tool asks whether you have undertaken a mutual assessment of progress.  It is intended that this mutual assessment should be organised by the government, or jointly with other partners - ie not to arrange a separate mutual assessment.\n", "lang": "en-gb"}}, {"pk": 65, "model": "scorecard_processor.glossarydefinition", "fields": {"project": 1, "definition": "Technical or financial resources provided to civil society in order to strengthen their engagement in health sector policy dialogue (ie not for service delivery).\n\nThe survey tool provides tick boxes in three categories of \u2018support\u2019 which are designed to unpack the nature of support that CSOs receive. Concrete examples of each category that is reported should be provided:\n\n\u2022\tFinancial support: Funding to CSOs to implement activities, where funds are transferred from the DP to the CSO.\n\u2022\tTechnical assistance (non-financial): This may be through the provision of training, briefing, technical advice but where funds are not transferred to the CSO to implement the activity.  \n\u2022\tLobbying/advocacy (non-financial): This may be through inclusion of commitments or expectations on the involvement of CSOs in programme design, implementation, monitoring etc in project documentation. It could equally be where there is documented evidence that the agenda of meaningful engagement in policy, planning, coordination and review mechanisms has been discussed.  Again the emphasis is on where funds are not transferred to CSOs to implement the activity.\n", "lang": "en-gb"}}, {"pk": 77, "model": "scorecard_processor.glossarydefinition", "fields": {"project": 1, "definition": "Le pacte national est un accord n\u00e9goci\u00e9 et sign\u00e9 ayant une \u00e9ch\u00e9ance bien d\u00e9termin\u00e9e en vertu duquel tous les partenaires s\u2019engagent \u00e0 mettre en \u0153uvre et \u00e0 soutenir les priorit\u00e9s nationales d\u00e9finies en mati\u00e8re de sant\u00e9, selon la strat\u00e9gie nationale de sant\u00e9 ayant \u00e9t\u00e9 valid\u00e9e. Par cons\u00e9quent, les signataires du pacte national estiment que tous les investissements actuels et futurs sont fond\u00e9s sur la strat\u00e9gie nationale en mati\u00e8re de sant\u00e9 qui a \u00e9t\u00e9 valid\u00e9e, qui est chiffr\u00e9e et ax\u00e9e sur les r\u00e9sultats, avec des points de r\u00e9f\u00e9rence clairs en mati\u00e8re de performance pour toutes les parties et qui est suivi de fa\u00e7on transparente et \u00e9valu\u00e9e \u00e0 des fins de redevabilit\u00e9 mutuelle. Pour plus de directives sur les pactes nationaux IHP+, veuillez consulter le site Web d'IHP+ . \n\nhttp://www.internationalhealthpartnership.net/CMS_files/documents/ihp_compact_guidance_note_EN.pdf", "lang": "fr"}}, {"pk": 78, "model": "scorecard_processor.glossarydefinition", "fields": {"project": 1, "definition": "Un document \u00e9labor\u00e9 sous la responsabilit\u00e9 du gouvernement, qui d\u00e9finit les priorit\u00e9s relatives au soutien apport\u00e9 au secteur de la sant\u00e9 et qui est sign\u00e9 par le gouvernement et un certain nombre de partenaires de d\u00e9veloppement (c.\u00e0.d. pas une entente bilat\u00e9rale), par exemple un protocole d\u2019accord ou un code de conduite.", "lang": "fr"}}, {"pk": 79, "model": "scorecard_processor.glossarydefinition", "fields": {"project": 1, "definition": "A \u00e9t\u00e9 sign\u00e9 par le gouvernement et un certain nombre de partenaires de d\u00e9veloppement (c.\u00e0.d. n\u2019est plus en cours d'\u00e9laboration). Publi\u00e9 dans le domaine public (veuillez fournir un lien Web vers ce document ou une copie \u00e9lectronique). ", "lang": "fr"}}, {"pk": 80, "model": "scorecard_processor.glossarydefinition", "fields": {"project": 1, "definition": "Objectifs cibles actuels : Objectifs li\u00e9s \u00e0 une p\u00e9riode de mise en \u0153uvre en cours (c.\u00e0.d. non expir\u00e9e).\n\nBudgets actuels : Budgets li\u00e9s au budget annuel ou pluriannuel actuel (p. ex. CDMT).\n", "lang": "fr"}}, {"pk": 82, "model": "scorecard_processor.glossarydefinition", "fields": {"project": 1, "definition": "Le plan des ressources humaines de la sant\u00e9 est cit\u00e9 dans le plan de sant\u00e9 national et les autres plans ou strat\u00e9gies \u00e0 plus haut ou \u00e0 plus bas niveau comme appropri\u00e9s. Il doit faire r\u00e9f\u00e9rence aux strat\u00e9gies \u00e0 plus haut ou \u00e0 plus bas niveau.  ", "lang": "fr"}}, {"pk": 83, "model": "scorecard_processor.glossarydefinition", "fields": {"project": 1, "definition": "Le financement public est d\u00e9fini ici comme les d\u00e9penses publiques nationales pour la sant\u00e9, en excluant les financements ext\u00e9rieurs . Les gouvernements africains ont d\u00e9montr\u00e9 leur engagement \u00e0 l\u2019\u00e9gard des services de sant\u00e9 en s\u2019engageant \u00e0 allouer une part de 15 % de leurs propres ressources au secteur de la sant\u00e9. 15 % est compris ici dans le sens de d\u00e9penses publiques nationales en mati\u00e8re de sant\u00e9, \u00e0 l\u2019exclusion du financement externe , tel qu'indiqu\u00e9 dans le budget national qui a \u00e9t\u00e9 approuv\u00e9 par la l\u00e9gislature du pays. Si de telles donn\u00e9es sont disponibles, nous aimerons avoir le montant du financement national pour la sant\u00e9 (c.\u00e0.d. sans compter le financement externe inclus). Si ces donn\u00e9es sont indisponibles, le montant global des ressources discr\u00e9tionnaires d\u00e9pens\u00e9es pour la sant\u00e9 sera suffisant.  ", "lang": "fr"}}, {"pk": 84, "model": "scorecard_processor.glossarydefinition", "fields": {"project": 1, "definition": "Le budget annuel est-il comme il l\u2019\u00e9tait lorsqu\u2019il a d\u2019abord \u00e9t\u00e9 approuv\u00e9 dans le cadre l\u00e9gislatif? Afin de soutenir la discipline et la cr\u00e9dibilit\u00e9 du processus de pr\u00e9paration du budget, les modifications qui ont \u00e9t\u00e9 apport\u00e9es au budget annuel original, m\u00eame si elles ont \u00e9t\u00e9 approuv\u00e9es dans le cadre de la l\u00e9gislature, NE doivent PAS \u00eatre consign\u00e9es ici. Cela s\u2019explique par le fait que c\u2019est la cr\u00e9dibilit\u00e9 du budget original approuv\u00e9 qu'il est important de mesurer et que les modifications apport\u00e9es au budget annuel sont r\u00e9troactives dans de nombreux cas.  ", "lang": "fr"}}, {"pk": 85, "model": "scorecard_processor.glossarydefinition", "fields": {"project": 1, "definition": "D\u00e9boursement : Un d\u00e9boursement consiste \u00e0 mettre des ressources \u00e0 la disposition d\u2019un pays ou d\u2019une agence b\u00e9n\u00e9ficiaire. Les ressources offertes en nature doivent seulement \u00eatre incluses lorsque la valeur des ressources est mon\u00e9tis\u00e9e dans le cadre d\u2019une entente ou dans un document communiqu\u00e9 au gouvernement. \n\nLe budget annuel est-il comme il l\u2019\u00e9tait lorsqu\u2019il a d\u2019abord \u00e9t\u00e9 approuv\u00e9 dans le cadre l\u00e9gislatif? Afin de soutenir la discipline et la cr\u00e9dibilit\u00e9 du processus de pr\u00e9paration du budget, les modifications qui ont \u00e9t\u00e9 apport\u00e9es au budget annuel original, m\u00eame si elles ont \u00e9t\u00e9 approuv\u00e9es dans le cadre de la l\u00e9gislature, NE doivent PAS \u00eatre consign\u00e9es ici. Cela s\u2019explique par le fait que c\u2019est la cr\u00e9dibilit\u00e9 du budget original approuv\u00e9 qu'il est important de mesurer et que les modifications apport\u00e9es au budget annuel sont r\u00e9troactives dans de nombreux cas.  ", "lang": "fr"}}, {"pk": 86, "model": "scorecard_processor.glossarydefinition", "fields": {"project": 1, "definition": "Cet indicateur est fond\u00e9 sur les donn\u00e9es de la Banque mondiale sur l\u2019\u00e9valuation de la politique et des institutions nationales (EPIN). Le cadre d\u2019analyse de l\u2019EPIN comprend 16 indicateurs dont l\u2019un (indicateur EPIN 13) mesure la qualit\u00e9 du budget et des syst\u00e8mes de gestion financi\u00e8re des pays partenaires . Quatre crit\u00e8res d'\u00e9valuation sont utilis\u00e9s pour cet indicateur : \n\n* Un budget complet et cr\u00e9dible li\u00e9 aux priorit\u00e9s politiques. \n* Des syst\u00e8mes de gestion financi\u00e8re efficaces des d\u00e9penses et des revenus budg\u00e9taires.  \n* Des rapports financiers opportuns et pr\u00e9cis. \n* Une assignation claire et \u00e9quilibr\u00e9e des d\u00e9penses et des revenus pour chaque niveau de gouvernement. \n\nIHP+Results a collect\u00e9 les donn\u00e9es disponibles sur le site Web de la Banque mondiale, pr\u00e9sent\u00e9s ci-dessous. Les gouvernements nationaux des pays IHP+ sont pri\u00e9s de v\u00e9rifier ces donn\u00e9es, de soulever les objections qu\u2019ils pourraient avoir et de fournir les preuves supportant de ces objections. Nous utiliserons ces donn\u00e9es pour fournir des notations de la qualit\u00e9 des syst\u00e8mes de gestion des fonds publics. Les donn\u00e9es sont pr\u00e9sent\u00e9es pour les ann\u00e9es 2005 \u2013 date de la signature de la D\u00e9claration de Paris, qui constitue la source de cette cible \u2013 2009, et 2010, qui est l\u2019ann\u00e9e la plus r\u00e9cente pour laquelle les donn\u00e9es sont disponibles.", "lang": "fr"}}, {"pk": 87, "model": "scorecard_processor.glossarydefinition", "fields": {"project": 1, "definition": "L\u2019OCDE a d\u00e9fini une proc\u00e9dure permettant de produire une image indicative de la qualit\u00e9 des syst\u00e8mes de passation des march\u00e9s, bas\u00e9e sur une \u00e9chelle de quatre points. Ces \u00e9valuations ont eu lieu pour les ann\u00e9es 2007 et 2010 .  IHP+Results utilisera ces donn\u00e9es afin de r\u00e9duire la duplication et minimiser les co\u00fbts de transaction. Dix-sept pays ont \u00e9t\u00e9 \u00e9valu\u00e9s en 2007, mais seulement 5 le furent en 2010 ; aucun pays ne fut \u00e9valu\u00e9 deux fois .  En cons\u00e9quence, les donn\u00e9es de cet indicateur ne sont disponibles que pour cinq pays IHP+ participant au suivi de 2012 de IHP+Results 2012, et que pour l\u2019ann\u00e9e 2007. \n\nDes informations d\u00e9taill\u00e9es sur les proc\u00e9dures peuvent \u00eatre consult\u00e9es sur le site web de l\u2019OCDE aux adresses suivantes: www.unpcdc.org/media/4182/global%20monitoring%20paris%20dec.doc \n\nhttp://www.oecd.org/document/62/0,3746,en_2649_3236398_39238590_1_1_1_1,00.html\n\nPour de plus amples informations, veuillez consulter \u201cles progr\u00e8s de la mise en \u0153uvre de la D\u00e9claration de Paris (p.118), http://www.oecd.org/document/1/0,3746,en_2649_3236398_48725569_1_1_1_1,00.html\n", "lang": "fr"}}, {"pk": 88, "model": "scorecard_processor.glossarydefinition", "fields": {"project": 1, "definition": "Transparent : Commun\u00e9ment d\u00e9cid\u00e9 et publi\u00e9, de pr\u00e9f\u00e9rence avec une grande vigilance de la part des parties prenantes, y compris la soci\u00e9t\u00e9 civile.\n\nContr\u00f4lable : Incluant un nombre limit\u00e9 d\u2019indicateurs ayant \u00e9t\u00e9 convenus qui sont suivis par le biais du syst\u00e8me de gestion des informations de la sant\u00e9.\n", "lang": "fr"}}, {"pk": 89, "model": "scorecard_processor.glossarydefinition", "fields": {"project": 1, "definition": "Exercices qui engagent \u00e0 la fois les autorit\u00e9s et les bailleurs de fonds partenaires au niveau national dans un examen de la performance mutuelle. En d\u00e9terminant si des \u00e9valuations mutuelles des progr\u00e8s ont \u00e9t\u00e9 entreprises, les autorit\u00e9s et les bailleurs de fonds partenaires peuvent \u00eatre guid\u00e9s par les crit\u00e8res suivants :\n\n* Dialogue de port\u00e9e g\u00e9n\u00e9rale \u2014 Les \u00e9valuations mutuelles doivent engager un grand nombre de minist\u00e8res gouvernementaux et de bailleurs de fonds (bilat\u00e9raux, multilat\u00e9raux et initiatives mondiales) dans un dialogue incluant les minist\u00e8res d\u2019ex\u00e9cution et les d\u00e9partements pertinents. Le gouvernement et les bailleurs de fonds devraient \u00e9galement envisager d'impliquer les organisations de la soci\u00e9t\u00e9 civile.\n\n* M\u00e9canismes nationaux de suivi des progr\u00e8s \u2014 Un processus officiel pour mesurer les progr\u00e8s r\u00e9alis\u00e9s et suivre l\u2019\u00e9valuation sur une base r\u00e9guli\u00e8re (d\u2019un \u00e0 deux ans) peut \u00eatre ajout\u00e9, l\u00e0 o\u00f9 c\u2019est possible, \u00e0 travers d\u2019examens ind\u00e9pendants et impartiaux. Les r\u00e9sultats de ces \u00e9valuations doivent \u00eatre rendus publics gr\u00e2ce \u00e0 des moyens appropri\u00e9s permettant de garantir la transparence.\n\n* Objectifs cibles nationaux \u2014 Les pays partenaires ont \u00e9tabli des objectifs nationaux pour augmenter l\u2019efficacit\u00e9 de l\u2019aide, notamment dans le cadre des engagements de partenariats qui ont \u00e9t\u00e9 convenus et les indicateurs de progr\u00e8s compris dans la D\u00e9claration de Paris (PD-\u00a79). Ceux-ci peuvent toutefois aller au-del\u00e0 de la D\u00e9claration de Paris \u00e0 tout endroit o\u00f9 le gouvernement et les bailleurs de fonds acceptent de le faire.\n\n* Soutien de haut niveau \u2014 Les \u00e9valuations doivent \u00eatre transparentes et dirig\u00e9es par les pays en b\u00e9n\u00e9ficiant d\u2019un soutien important aux plus hauts niveaux et gr\u00e2ce \u00e0 un niveau appropri\u00e9 de ressources.\n", "lang": "fr"}}, {"pk": 90, "model": "scorecard_processor.glossarydefinition", "fields": {"project": 1, "definition": "Groupe de parties prenantes qui se rencontrent r\u00e9guli\u00e8rement (habituellement de mani\u00e8re mensuelle ou trimestrielle) pour constituer le principal forum permettant un dialogue sur les politiques et la planification dans le secteur de la sant\u00e9.\nLe questionnaires fournit des cases \u00e0 cocher pour un certain nombre de cat\u00e9gories con\u00e7ues pour capturer l\u2019\u00e9tendue de la repr\u00e9sentation des OSC qui est habilit\u00e9e \u00e0 participer au m\u00e9canisme de coordination du secteur de la sant\u00e9 (cf. ci-dessous); L\u2019\u00e9tendue de la repr\u00e9sentation des OSC aux moments cl\u00e9s du processus politique et de planification est \u00e9galement enregistr\u00e9 \u00e0 travers X cat\u00e9gories (cf. ci-dessous).  Pour chaque cat\u00e9gorie, les repr\u00e9sentants du gouvernement sont pri\u00e9s de cocher toutes les cat\u00e9gories o\u00f9 les OSC sont habilit\u00e9es : \n\nD\u00e9marche organisationnelle : \n\n* Sant\u00e9 maternelle\n* Sant\u00e9 infantile\n* Paludisme\n* VIH/SIDA\n* Tuberculose\n* Renforcement des syst\u00e8mes de sant\u00e9 (gouvernance, financement, RHS, syst\u00e8mes d\u2019information, m\u00e9dicaments, prestation de services) \n* Nutrition\n\nType d\u2019organisation : \n\n* Organisations non gouvernementales (ONG) internationales\n* ONG nationales\n* Organisations \u00e0 base religieuse\n* Organisations fa\u00eeti\u00e8res\n* Organisations professionnelles\n\nEl\u00e9ments du processus politique et de planification :\n* Revues conjointes annuelles\n* R\u00e9unions de coordination mensuelles/trimestrielles\n* Groupes de travail th\u00e9matiques\n* Elaboration du budget / allocation des ressources\n\nRemarque : Cette mesure standard de performance sera compl\u00e9t\u00e9e par la mesure standard \u00e9quivalente de la performance des partenaires de d\u00e9veloppement (8DP) et \u00e9ventuellement par une enqu\u00eate qualitative sur les organisations nationales de la soci\u00e9t\u00e9 civile, qui explorera la qualit\u00e9 de l\u2019engagement de la soci\u00e9t\u00e9 civile dans le dialogue sur les politiques relatives au secteur de la sant\u00e9.", "lang": "fr"}}, {"pk": 91, "model": "scorecard_processor.glossarydefinition", "fields": {"project": 1, "definition": "Les missions effectu\u00e9es par les bailleurs de fonds se d\u00e9finissent comme des missions qui respectent tous les crit\u00e8res suivants :La mission est entreprise par un bailleur de fonds (ou au nom de celui-ci), notamment les personnes en charge de d\u00e9velopper les programme ou d\u2019\u00e9valuer ceux-ci, et des \u00e9quipes d\u2019\u00e9valuation sectorielles command\u00e9es par un bailleur de fonds.\n\n* La mission a inclus habituellement des voyages internationaux venant des si\u00e8ges des bailleurs de fonds, mais pas exclusivement.\n* Les responsables de mission ont demand\u00e9 \u00e0 rencontrer les repr\u00e9sentants des gouvernements, y compris ceux du gouvernement local.\n\nCette d\u00e9finition devrait exclure les missions :\n* Entreprises par les bailleurs de fonds pour participer \u00e0 des \u00e9v\u00e9nements (ateliers, conf\u00e9rences, etc.) qui ne demandent pas \u00e0 rencontrer les repr\u00e9sentants des gouvernements.\n* Entreprises par des d\u00e9l\u00e9gations parlementaires ou d'autres d\u00e9l\u00e9gations politiques.\n* Ev\u00e9nements sp\u00e9ciaux entrepris dans le cadre d\u2019un programme d\u00e9fini, par exemple des observateurs \u00e9lectoraux.\n* Impliquant des consultants externes qui accomplissent un travail dans le cadre de plans planifi\u00e9s de mise en \u0153uvre de programmes. \n* Impliquant des \u00e9quipes d\u2019\u00e9valuation des catastrophes.\n", "lang": "fr"}}, {"pk": 92, "model": "scorecard_processor.glossarydefinition", "fields": {"project": 1, "definition": "Un m\u00e9canisme de financement qui b\u00e9n\u00e9ficie de contributions de plus d'un bailleur de fonds qui sont ensuite mises en commun et d\u00e9bours\u00e9es selon les directives de la structure de processus d\u00e9cisionnel du fonds \u00e9mises par un agent administratif (ou responsable du fonds) \u00e0 un certain nombre de b\u00e9n\u00e9ficiaires. Parfois appel\u00e9 fonds fiduciaire pluri-donateurs. \n\nDonn\u00e9es tir\u00e9es du site Web http://www.undg.org/index.cfm?P=152 ", "lang": "fr"}}, {"pk": 93, "model": "scorecard_processor.glossarydefinition", "fields": {"project": 1, "definition": "Les personnes qui ont \u00e9t\u00e9 form\u00e9es convenablement et qui d\u00e9tiennent un \u00e9quipement et des m\u00e9dicaments appropri\u00e9s. Exclut les accoucheuses traditionnelles, m\u00eame si elles ont re\u00e7u une courte formation . \n\nhttp://www.wpro.who.int/NR/rdonlyres/45B45060-A38E-496F-B2C1 BD2DC6C04C52/0/44Definitionofterms2009.pdf", "lang": "fr"}}, {"pk": 94, "model": "scorecard_processor.glossarydefinition", "fields": {"project": 1, "definition": "Nombre total de visites ambulatoires (une personne qui se rend dans un \u00e9tablissement de sant\u00e9 \u00e0 des fins de consultation, qui n'y est pas hospitalis\u00e9e et qui n'occupe pas de lit d\u2019h\u00f4pital pour une dur\u00e9e quelconque) par ann\u00e9e, divis\u00e9 par la population totale / 10\u2019000.  \n\nExemple :\nPopulation totale : 2 000 000\nTotal des visites dans les services ambulatoires: 500 000\n\n2 000 000 / 10 000 = 200\n500 000 / 200 = 2 500\n\nTotal des visites dans les services ambulatoires par 10 000 = 2 500. \n", "lang": "fr"}}, {"pk": 95, "model": "scorecard_processor.glossarydefinition", "fields": {"project": 1, "definition": "L\u2019aide allou\u00e9e au secteur de la sant\u00e9 : l\u2019aide publique au d\u00e9veloppement (APD) allou\u00e9e au secteur de la sant\u00e9.  Entrent dans l\u2019aide publique au d\u00e9veloppement (APD) toutes les op\u00e9rations satisfaisant la d\u00e9finition fournie au paragraphe 35 des Directives pour l\u2019\u00e9tablissement des rapports statistiques au CAD savoir celles qui r\u00e9pondent aux crit\u00e8res suivants :\n* Avoir pour but essentiel de favoriser le d\u00e9veloppement \u00e9conomique et l\u2019am\u00e9lioration du niveau de vie des pays b\u00e9n\u00e9ficiaires ; et\n* \u00catre assortie de conditions favorables et comporter un \u00e9l\u00e9ment de subvention au moins \u00e9gal \u00e0 25 %.\n\nQuand l\u2019APD est fournie au pays partenaire comme partie d\u2019un programme r\u00e9gional du partenaire impliquant plusieurs pays et qu\u2019il est possible d\u2019identifier ces activit\u00e9s et les d\u00e9penses sp\u00e9cifiques \u00e0 ce pays partenaire, ces d\u00e9penses doivent \u00e9galement \u00eatre enregistr\u00e9es.  \nLes transactions suivantes sont exclues de la port\u00e9e de cette enqu\u00eate et ne doivent pas \u00eatre enregistr\u00e9es : \n* Les transactions dont les b\u00e9n\u00e9ficiaires ne sont pas bas\u00e9s dans le pays qui re\u00e7oit l\u2019APD ou qui sont des organisations r\u00e9gionales\n* R\u00e9organisation ou restructuration de la dette\n* Aide d\u2019urgence et de secours\n\nRemarque: selon les directives de l\u2019OCDE, les co\u00fbts d\u2019administration d\u2019un programme de soutien \u00e0 un pays ne doivent pas \u00eatre comptabilis\u00e9s, y compris les co\u00fbts associ\u00e9s au personnel bas\u00e9 dans le pays (c.\u00e0.d. les co\u00fbts salariaux)\n\nAide au secteur de la sant\u00e9 d\u00e9bours\u00e9e dans le cadre d\u2019une entente avec les administrations (minist\u00e8res, d\u00e9partements, agences ou municipalit\u00e9s) habilit\u00e9es \u00e0 recevoir un revenu ou \u00e0 entreprendre des d\u00e9penses au nom du gouvernement central. Cela inclut les travaux, les biens ou les services d\u00e9l\u00e9gu\u00e9s par ces administrations \u00e0 d\u2019autres entit\u00e9s telles que :\n* les organisations non gouvernementales (ONG)\n* les organismes publics semi-autonomes\n* des entreprises priv\u00e9es.\n", "lang": "fr"}}, {"pk": 96, "model": "scorecard_processor.glossarydefinition", "fields": {"project": 1, "definition": "Un d\u00e9boursement est le fait de mettre des ressources \u00e0 la disposition d\u2019un pays ou d\u2019une agence b\u00e9n\u00e9ficiaire. Les ressources fournies en nature doivent seulement \u00eatre incluses lorsque la valeur des ressources est mon\u00e9tis\u00e9e dans le cadre d\u2019une entente ou dans un document communiqu\u00e9 au gouvernement. Quand l\u2019APD est fournie au pays partenaire comme partie d\u2019un programme du bailleur de fonds dans plusieurs pays, et quand il est possible d\u2019identifier les activit\u00e9s et les d\u00e9penses sp\u00e9cifiques au pays partenaire, ces d\u00e9penses doivent aussi \u00eatre indiqu\u00e9es.\n\nAfin d\u2019\u00e9viter la double comptabilisation dans les cas o\u00f9 un bailleur de fonds d\u00e9bourse des fonds de l\u2019ADP au nom d\u2019une autre entit\u00e9, c\u2019est le bailleur de fonds qui effectue le versement final au gouvernement qui doit produire un rapport sur ces fonds. La seule exception \u00e0 cette r\u00e8gle est la question Q18 pour les partenaires de d\u00e9veloppement, o\u00f9 les bailleurs de fonds doivent enregistrer le nombre total des fonds APD transitant par les autres bailleurs de fonds. Un soutien direct allou\u00e9 au budget (soutien g\u00e9n\u00e9ral et sectoriel) doit \u00eatre inclus conform\u00e9ment aux proc\u00e9dures en place. Afin de calculer l'\u00e9l\u00e9ment relatif au secteur de la sant\u00e9 compris dans le soutien budg\u00e9taire g\u00e9n\u00e9ral, veuillez fournir le montant total de votre aide au budget g\u00e9n\u00e9ral, et IHP+Results calculera la contribution appropri\u00e9e allou\u00e9e au secteur de la sant\u00e9, fond\u00e9e sur l\u2019allocation d'aide du gouvernement au secteur de la sant\u00e9 provenant du budget national.\n", "lang": "fr"}}, {"pk": 97, "model": "scorecard_processor.glossarydefinition", "fields": {"project": 1, "definition": "(aussi d\u00e9nomm\u00e9e assistance technique) consiste \u00e0 fournir un certain savoir-faire sous forme de personnel, formation, recherche et co\u00fbts associ\u00e9s. (cf. Directives de compte-rendu statistique de l\u2019OCDE/CAD 40-44). Cela comprend les \u00e9l\u00e9ments suivants, financ\u00e9s par les bailleurs de fonds :\n\n* Activit\u00e9s qui renforcent le niveau de connaissance, de comp\u00e9tences, de savoir-faire technique ou d\u2019aptitudes de production des personnes des pays en voie de d\u00e9veloppement; et \n* Services tels que consultances, soutien technique ou fourniture de savoir-faire qui contribuent \u00e0 l\u2019ex\u00e9cution d\u2019un projet capital.\n\nLa coop\u00e9ration technique peut \u00eatre fournie \u00e0 la fois aux gouvernements et aux entit\u00e9s non-gouvernementale, et comprend \u00e0 la fois la coop\u00e9ration technique isol\u00e9e et la coop\u00e9ration technique incorpor\u00e9e aux programmes d\u2019investissement (ou inclus dans une approche programmatique).\n\nRemarque: En se basant sur les directives de l\u2019OCDE, les co\u00fbts li\u00e9s aux missions venant du si\u00e8ge de doivent pas \u00eatre comptabilis\u00e9s dans le calcul de la valeur de l\u2019assistance technique fournie.\n", "lang": "fr"}}, {"pk": 98, "model": "scorecard_processor.glossarydefinition", "fields": {"project": 1, "definition": "La coop\u00e9ration technique coordonn\u00e9e signifie une autonomie et une coop\u00e9ration technique int\u00e9gr\u00e9e qui respecte les principes suivants : appropriation \u2013 les pays partenaires exercent un leadership efficace sur les programmes de renforcement des capacit\u00e9s. Alignement \u2013 coop\u00e9ration technique au soutien du renforcement des capacit\u00e9s qui est align\u00e9e sur les objectifs et les strat\u00e9gies de renforcement des pays. Harmonisation \u2013 Lorsque plus d\u2019un bailleur de fonds soutiennent le renforcement des capacit\u00e9s men\u00e9 par les partenaires, les bailleurs de fonds coordonnent leurs activit\u00e9s et leurs contributions.\n\nVous \u00eates invit\u00e9s \u00e0 examiner l\u2019ensemble de votre soutien au secteur de la sant\u00e9 en vue de d\u00e9terminer quel montant de l\u2019aide \u00e0 la coop\u00e9ration technique a \u00e9t\u00e9 d\u00e9bours\u00e9 dans le cadre de programmes coordonn\u00e9s qui respectent les DEUX crit\u00e8res pr\u00e9sent\u00e9s ci-dessous : \n\n1.        Les autorit\u00e9s nationales pertinentes (gouvernementales ou non gouvernementales) ont-elles communiqu\u00e9 des objectifs de renforcement des capacit\u00e9s clairs dans le cadre de la strat\u00e9gie du secteur de la sant\u00e9? (O/N)\n2.        La coop\u00e9ration technique est-elle align\u00e9e sur ces objectifs de renforcement des capacit\u00e9s? (O/N)\nET au moins UN des crit\u00e8res pr\u00e9sent\u00e9s ci-dessous :\n3.        Les autorit\u00e9s nationales pertinentes (gouvernementales ou non gouvernementales) contr\u00f4lent-elles la coop\u00e9ration technique? (O/N)\n4.        Si plus d\u2019un bailleur de fonds soutiennent les programmes nationaux, des dispositions impliquant les autorit\u00e9s nationales existent-elles afin de coordonner la coop\u00e9ration technique, fournies par diff\u00e9rents bailleurs de fonds? (O/N)\n", "lang": "fr"}}, {"pk": 99, "model": "scorecard_processor.glossarydefinition", "fields": {"project": 1, "definition": "l\u2019aide publique au d\u00e9veloppement (APD) allou\u00e9e au secteur de la sant\u00e9. Entrent dans l\u2019aide publique au d\u00e9veloppement (APD) toutes les op\u00e9rations satisfaisant \u00e0 la d\u00e9finition fournie au paragraphe 35 des Directives pour l\u2019\u00e9tablissement des rapports statistiques au CAD (voir www.oecd.org/dac/hlfsurvey/glossary), \u00e0 savoir celles qui r\u00e9pondent aux crit\u00e8res suivants :\n\n* Avoir pour but essentiel de favoriser le d\u00e9veloppement \u00e9conomique et l\u2019am\u00e9lioration du niveau de vie des pays b\u00e9n\u00e9ficiaires ; et\n* \u00catre assorties de conditions favorables et comporter un \u00e9l\u00e9ment de subvention au moins \u00e9gal \u00e0 25 %.\n", "lang": "fr"}}, {"pk": 100, "model": "scorecard_processor.glossarydefinition", "fields": {"project": 1, "definition": "Les approches programmatiques sont une fa\u00e7on de participer \u00e0 la coop\u00e9ration en mati\u00e8re de d\u00e9veloppement fond\u00e9e sur les principes de soutien coordonn\u00e9 pour un programme local de d\u00e9veloppement tel qu\u2019une strat\u00e9gie nationale de d\u00e9veloppement, un programme sectoriel, un programme th\u00e9matique ou un programme d\u2019une organisation pr\u00e9cise. Les approches programmatiques d\u00e9tiennent les caract\u00e9ristiques suivantes : (i) Leadership du pays ou de l'organisation h\u00f4te (ii) un seul cadre complet de programmes et de budget (iii) un processus officialis\u00e9 pour la coordination des bailleurs de fonds et les proc\u00e9dures des bailleurs de fonds relatives \u00e0 la production de rapports, la budg\u00e9tisation, la gestion financi\u00e8re et la passation des march\u00e9s (iv) efforts pour augmenter l\u2019utilisation des syst\u00e8mes locaux pour la cr\u00e9ation et la mise en \u0153uvre de programmes, la gestion financi\u00e8re, le suivi et l\u2019\u00e9valuation.\nLes bailleurs de fonds peuvent soutenir et mettre en \u0153uvre des approches programmatiques de diff\u00e9rentes mani\u00e8res et selon un ensemble de modalit\u00e9s d\u2019aide incluant l'appui budg\u00e9taire, le soutien budg\u00e9taire sectoriel, le soutien aux projets, les dispositions communes et les fonds d\u2019affectation.\n\nLes bailleurs de fonds sont invit\u00e9s \u00e0 examiner l\u2019ensemble de leurs activit\u00e9s de d\u00e9veloppement en vue de d\u00e9terminer combien d\u2019aide fournie au secteur de la sant\u00e9 a \u00e9t\u00e9 allou\u00e9 dans le cadre d\u2019approches programmatiques qui respectent les 4 crit\u00e8res suivants (si les quatre crit\u00e8res ne sont pas remplis, il ne s\u2019agit pas d\u2019approches programmatiques) :\n\n1.        Le pays ou l\u2019organisation h\u00f4te exerce-t-il un leadership sur le programme soutenu par les bailleurs de fonds? (O/N)\n2.        Un seul cadre complet relatif aux programmes et au budget est-il utilis\u00e9? (O/N)\n3.        Existe-t-il un processus officiel permettant la coordination des bailleurs de fonds et l\u2019harmonisation des proc\u00e9dures suivies par les bailleurs de fonds pour au moins un des deux syst\u00e8mes suivants : (i) production de rapports (ii) budg\u00e9tisation (iii) gestion financi\u00e8re et (iv) passation des march\u00e9s? (O/N)\n4.        Le soutien que vous fournissez au programme est-il li\u00e9 \u00e0 au moins deux des syst\u00e8mes locaux suivants : (i) cr\u00e9ation de programmes (ii) mise en \u0153uvre de programmes (iii) gestion financi\u00e8re et (iv) suivi et \u00e9valuation? (O/N)\n\n", "lang": "fr"}}, {"pk": 101, "model": "scorecard_processor.glossarydefinition", "fields": {"project": 1, "definition": "Engagements de versement du financement qui sont con\u00e7us pour financer les d\u00e9pensess pendant plusieurs ann\u00e9es. Aux fins du pr\u00e9sent travail, un minimum de 3 ans. ", "lang": "fr"}}, {"pk": 102, "model": "scorecard_processor.glossarydefinition", "fields": {"project": 1, "definition": "Les cadres l\u00e9gislatifs permettent g\u00e9n\u00e9ralement que des types pr\u00e9cis de rapports financiers soient produits et qu\u2019ils le soient de fa\u00e7on p\u00e9riodique. L'utilisation de rapports financiers nationaux signifie que les bailleurs de fonds n'imposent pas d'exigences suppl\u00e9mentaires aux gouvernements en ce qui a trait aux rapports financiers. En particulier, les bailleurs n\u2019exigent pas : (i) le maintien d\u2019un syst\u00e8me de comptabilit\u00e9 distinct pour satisfaire les exigences en mati\u00e8re de production de rapports des bailleurs de fonds et (ii) la cr\u00e9ation d\u2019un plan comptable distinct pour consigner l\u2019utilisation des fonds venant des bailleurs de fonds.\n\nLes bailleurs de fonds sont invit\u00e9s \u00e0 examiner l\u2019ensemble des activit\u00e9s qu'ils m\u00e8nent dans le secteur de la sant\u00e9 en vue de d\u00e9terminer combien d'aide offerte dans le secteur de la sant\u00e9 allou\u00e9e au secteur gouvernemental respecte les DEUX crit\u00e8res pr\u00e9sent\u00e9s ci-dessous (si moins que ces deux crit\u00e8res sont respect\u00e9s, l'activit\u00e9 est disqualifi\u00e9e) :\n\n1.        Vous n\u2019avez PAS besoin de maintenir un syst\u00e8me de comptabilit\u00e9 distinct pour r\u00e9pondre \u00e0 vos propres exigences en mati\u00e8re de production de rapports?\n2.        Vous avez SEULEMENT besoin de rapports financiers pr\u00e9par\u00e9s \u00e0 l\u2019aide de dispositions \u00e9tablies relatives \u00e0 la production de rapports financiers? (O/N).\n", "lang": "fr"}}, {"pk": 103, "model": "scorecard_processor.glossarydefinition", "fields": {"project": 1, "definition": "Lorsqu\u2019ils offrent de l\u2019aide au d\u00e9veloppement dans un pays, certains bailleurs de fonds \u00e9tablissent des unit\u00e9s de mise en \u0153uvre (aussi commun\u00e9ment appel\u00e9es unit\u00e9s de gestion de projets, consultants en gestion de projets, bureaux de gestion de projets, bureaux de coordination de projets, etc.). Il s\u2019agit d\u2019unit\u00e9s de gestion d\u00e9di\u00e9es \u00e0 soutenir la mise en \u0153uvre et l'administration de projets et de programmes. \n\nLes Unit\u00e9s de mise en \u0153uvre de projets (UMOP) partagent g\u00e9n\u00e9ralement les caract\u00e9ristiques cl\u00e9s suivantes :\n* Les UMOP sont g\u00e9n\u00e9ralement tenus d\u2019ex\u00e9cuter des t\u00e2ches subsidiaires (plut\u00f4t que principales) concernant la mise en \u0153uvre d\u2019un projet ou d\u2019un programme : suivi et compte rendu des progr\u00e8s techniques et/ou financiers, tenue des comptes, passation des march\u00e9s de travaux, de biens ou de services, \u00e9tablissement des termes de r\u00e9f\u00e9rence, supervision des contrats, conception d\u00e9taill\u00e9e ou sp\u00e9cification des \u00e9quipements. \n* Les UMOP sont souvent \u00e9tablis \u00e0 la demande d\u2019un bailleur de fonds suite \u00e0 la mise en route d\u2019un projet ou d\u2019un programme.\n* Le personnel des UMOP peuvent varier consid\u00e9rablement en taille et composition. Le nombre d\u2019employ\u00e9s peut varier de 1 jusqu\u2019\u00e0 200, mais la plupart compte moins de 10 employ\u00e9s professionnels. M\u00eame si un nombre significatif d\u2019UMOP utilise des employ\u00e9s gouvernementaux, la plupart recrute du personnel hors de la sph\u00e8re des fonctionnaires (p.ex. des consultants locaux \u00e0 long terme).\n* Nous distinguons ici les UMOP et les conseils techniques fournis directement \u00e0 l\u2019administration nationale.\n\nUne unit\u00e9 de mise en \u0153uvre de projets est parall\u00e8le lorsqu\u2019elle est cr\u00e9\u00e9e et utilis\u00e9e \u00e0 l'ext\u00e9rieur des structures institutionnelles et administratives nationales en suivant l\u2019ordre d'un bailleur de fonds. Dans la pratique, il existe un continuum entre les unit\u00e9s parall\u00e8les de mise en \u0153uvre des projets et int\u00e9gr\u00e9es. Les crit\u00e8res pr\u00e9sent\u00e9s ci-dessous ont \u00e9t\u00e9 choisis pour aider les bailleurs de fonds et les autorit\u00e9s partenaires \u00e0 tracer une ligne sur le continuum et relever avec une plus grande certitude les unit\u00e9s parall\u00e8les de mise en \u0153uvre des projets.\n\nLes bailleurs de fonds sont invit\u00e9s \u00e0 examiner toutes leurs activit\u00e9s de d\u00e9veloppement afin de d\u00e9terminer combien d\u2019unit\u00e9s de mise en \u0153uvre de projets sont parall\u00e8les. Aux fins de cette enqu\u00eate, les unit\u00e9s de mise en \u0153uvre de projets sont consid\u00e9r\u00e9es comme parall\u00e8les lorsque trois r\u00e9ponses ou plus sur quatre sont \u00ab oui \u00bb (moins de trois r\u00e9ponses correspond \u00e0 des unit\u00e9s int\u00e9gr\u00e9es) :\n1.        Les unit\u00e9s de mise en \u0153uvre de projets sont-elles responsables devant les agences de financement ou bailleurs de fonds externes plut\u00f4t que devant les agences de mise en \u0153uvre nationales (minist\u00e8res, d\u00e9partements, agences, etc.)? (O/N)\n2.        Les termes de r\u00e9f\u00e9rence du personnel choisi \u00e0 l\u2019externe ont-ils \u00e9t\u00e9 choisis par le bailleur de fonds (plut\u00f4t que par les agences de mise en \u0153uvre nationales)? (O/N)\n3.        La majorit\u00e9 du personnel professionnel a-t-elle \u00e9t\u00e9 choisie par le bailleur de fonds (plut\u00f4t que les agences de mise en \u0153uvre nationales)? (O/N)\n4.        La structure salariale du personnel national (incluant les avantages) est-elle sup\u00e9rieure \u00e0 celle du personnel du service civil? (O/N). \n\n", "lang": "fr"}}, {"pk": 104, "model": "scorecard_processor.glossarydefinition", "fields": {"project": 1, "definition": "la D\u00e9claration de Paris engage les bailleurs de fonds et le pays partenaires \u00e0 g\u00e9rer et mettre en \u0153uvre l\u2019aide  d\u2019une mani\u00e8re qui se concentre sur les r\u00e9sultats escompt\u00e9s et utilise les informations pour am\u00e9liorer le processus de prise de d\u00e9cision; de plus, les partenaires s\u2019engagent \u00e0 renforcer les liens entre les strat\u00e9gies et les budgets et s\u2019efforcent \u00e0 mettre en place des comptes rendus orient\u00e9s vers les r\u00e9sultats et des cadres d\u2019\u00e9valuation. Les bailleurs de fonds s\u2019engagent \u00e0 lier la programmation nationale aux r\u00e9sultats et \u00e0 les aligner sur les cadres d\u2019\u00e9valuation et de suivi des partenaires. Les partenaires et les bailleurs de fonds s\u2019engagent \u00e0 renforcer conjointement les capacit\u00e9s n\u00e9cessaires, Cet indicateur mesure dans quelle mesure l\u2019engagement des pays d\u2019\u00e9tablir des cadres de performance s\u2019est concr\u00e9tis\u00e9.  \n\nLes CAD fournissent un m\u00e9canisme de suivi des progr\u00e8s du gouvernement dans des domaines de priorit\u00e9 pr\u00e9\u00e9tablis, ainsi que des opportunit\u00e9s de dialogue politique concernant des questions strat\u00e9giques cl\u00e9s pour le d\u00e9veloppement du secteur de la sant\u00e9. Ils constituent la base d\u2019une politique gouvernementale visant \u00e0 rendre les informations sur la qualit\u00e9 et la performance des services de soins de sant\u00e9 disponibles aux partenaires et au public. Les cadre nationaux d\u2019\u00e9valuation des performances doivent \u00eatre exhaustifs (c.\u00e0.d. couvrir tous les domaines des performances du secteur de la sant\u00e9). Ils constituent la base d\u2019une politique gouvernementale est de rendre l\u2019information sur la qualit\u00e9 et la performance des services de sant\u00e9 accessible au public et aux partenaires. \n", "lang": "fr"}}, {"pk": 105, "model": "scorecard_processor.glossarydefinition", "fields": {"project": 1, "definition": "Les \u00e9valuations mutuelles des progr\u00e8s sont des exercices qui engagent \u00e0 la fois les autorit\u00e9s partenaires et les bailleurs de fonds dans un examen de la performance mutuelle au niveau national. En d\u00e9terminant si des \u00e9valuations mutuelles des progr\u00e8s ont \u00e9t\u00e9 entreprises, les autorit\u00e9s et les bailleurs de fonds partenaires peuvent \u00eatre guid\u00e9s par les crit\u00e8res suivants :\n\n* Dialogue de port\u00e9e g\u00e9n\u00e9rale \u2014 Les \u00e9valuations mutuelles doivent engager un grand nombre de minist\u00e8res gouvernementaux et de bailleurs de fonds (bilat\u00e9raux, multilat\u00e9raux et initiatives mondiales) dans un dialogue (incluant les minist\u00e8res d\u2019ex\u00e9cution et les d\u00e9partements pertinents). Le gouvernement et les bailleurs de fonds doivent \u00e9galement envisager d'impliquer les organisations de la soci\u00e9t\u00e9 civile.\n\n* M\u00e9canismes nationaux  de suivi des progr\u00e8s \u2014 Un processus officiel pour mesurer les progr\u00e8s r\u00e9alis\u00e9s et suivre l\u2019\u00e9valuation sur une base r\u00e9guli\u00e8re (d\u2019un \u00e0 deux ans) peut \u00eatre ajout\u00e9, o\u00f9 c\u2019est possible, gr\u00e2ce \u00e0 des examens ind\u00e9pendants et impartiaux. Les r\u00e9sultats de ces \u00e9valuations doivent \u00eatre rendus publics gr\u00e2ce \u00e0 des moyens appropri\u00e9s permettant de garantir la transparence.\n\n* Objectifs cibles nationaux \u2014 Les pays partenaires ont \u00e9tabli des objectifs nationaux pour augmenter l\u2019efficacit\u00e9 de l\u2019aide, notamment dans le cadre des engagements de partenariats qui ont \u00e9t\u00e9 convenus et les indicateurs de progr\u00e8s compris dans la D\u00e9claration de Paris (PD-\u00a79). Ceux-ci peuvent toutefois aller au-del\u00e0 de la D\u00e9claration de Paris \u00e0 tout endroit o\u00f9 le gouvernement et les bailleurs de fonds acceptent de le faire.\n\n* Soutien de haut niveau \u2014 Les \u00e9valuations devraient \u00eatre transparentes et dirig\u00e9es par les pays en b\u00e9n\u00e9ficiant d\u2019un soutien important aux plus hauts niveaux et gr\u00e2ce \u00e0 un niveau appropri\u00e9 de ressources.\n\nRemarque: le questionnaire vous demande si vous avez entrepris une \u00e9valuation mutuelle des progr\u00e8s. L\u2019intention est que l\u2019\u00e9valuation mutuelle doit \u00eatre organis\u00e9e par le gouvernement, ou conjointement avec d\u2019autres partenaires \u2013 c.\u00e0.d. qu\u2019une \u00e9valuation mutuelle s\u00e9par\u00e9e ne doit pas \u00eatre organis\u00e9e.\n", "lang": "fr"}}, {"pk": 106, "model": "scorecard_processor.glossarydefinition", "fields": {"project": 1, "definition": "Ressources techniques ou financi\u00e8res offertes \u00e0 la soci\u00e9t\u00e9 civile pour renforcer leur engagement \u00e0 l\u2019\u00e9gard du dialogue sur les politiques relatives au secteur de la sant\u00e9 (pas pour la fourniture de services).\nLe questionnaire comprend des bo\u00eetes \u00e0 cocher pour trois cat\u00e9gories de \u201csoutien\u201d con\u00e7ues de mani\u00e8re \u00e0 r\u00e9v\u00e9ler la nature du soutien que les OSC re\u00e7oivent. Des exemples concrets doivent \u00eatre fournis pour chaque cat\u00e9gorie rapport\u00e9e : \n\n* Appuis financier : financement des activit\u00e9s des OSC, o\u00f9 les fonds sont transf\u00e9r\u00e9s du partenaire de d\u00e9veloppement \u00e0 l\u2019OSC.\n* Assistance technique (non financi\u00e8re) : cela peut se faire \u00e0 travers de la formation, s\u00e9ances d\u2019information ou conseils techniques mais o\u00f9 les fonds ne sont pas transf\u00e9r\u00e9s \u00e0 la OSC pour mettre en \u0153uvre des activit\u00e9s.\n* Lobbying/plaidoyer (non financier): cela peut se faire \u00e0 travers le fait d\u2019inclure des \u00e9l\u00e9ments sur les engagements ou les attentes concernant l\u2019implication des OSC dans la conception du programme, la mise en \u0153uvre ou le suivi dans la documentation du projet. Cela peut \u00e9galement prendre la forme de preuves document\u00e9es que l\u2019agenda concernant un engagement significatif dans les questions de politique, de planification, coordination et m\u00e9canismes de r\u00e9vision a \u00e9t\u00e9 discut\u00e9. Une fois de plus, l\u2019accent est mis sur le fait que les fonds ne sont pas transf\u00e9r\u00e9s aux OSC pour mettre en \u0153uvre ces activit\u00e9s.\n", "lang": "fr"}}, {"pk": 107, "model": "scorecard_processor.glossarydefinition", "fields": {"project": 1, "definition": "L\u2019appui budg\u00e9taire g\u00e9n\u00e9ral est une sous-cat\u00e9gorie de l\u2019appui budg\u00e9taire direct. Dans le cas de l\u2019appui budg\u00e9taire g\u00e9n\u00e9ral, le dialogue entre les bailleurs de fonds et les gouvernements partenaires est ax\u00e9 sur les priorit\u00e9s g\u00e9n\u00e9rales en mati\u00e8re de politiques et de budget (OCDE 2006). ", "lang": "fr"}}, {"pk": 108, "model": "scorecard_processor.glossarydefinition", "fields": {"project": 1, "definition": "En utilisant les informations fournies par le gouvernement de chaque pays sur la proportion du budget national allou\u00e9 \u00e0 la sant\u00e9, nous calculeront la proportion du soutien au budget g\u00e9n\u00e9ral allou\u00e9 \u00e0 la sant\u00e9 et appliquer cela sur la base des suppositions suivantes :", "lang": "fr"}}, {"pk": 35, "model": "scorecard_processor.glossaryterm", "fields": {"definition": 34, "term": "IHP+ Country Compact"}}, {"pk": 36, "model": "scorecard_processor.glossaryterm", "fields": {"definition": 35, "term": "equivalent agreement"}}, {"pk": 37, "model": "scorecard_processor.glossaryterm", "fields": {"definition": 36, "term": "in place"}}, {"pk": 38, "model": "scorecard_processor.glossaryterm", "fields": {"definition": 37, "term": "current targets and budgets"}}, {"pk": 39, "model": "scorecard_processor.glossaryterm", "fields": {"definition": 38, "term": "costed, comprehensive, evidence based HRH plan"}}, {"pk": 40, "model": "scorecard_processor.glossaryterm", "fields": {"definition": 39, "term": "integrated with the national health plan"}}, {"pk": 41, "model": "scorecard_processor.glossaryterm", "fields": {"definition": 40, "term": "public (domestic) funding allocated to health"}}, {"pk": 42, "model": "scorecard_processor.glossaryterm", "fields": {"definition": 41, "term": "approved annual budget for the health sector"}}, {"pk": 43, "model": "scorecard_processor.glossaryterm", "fields": {"definition": 42, "term": "disbursed against the approved annual budget for the health sector"}}, {"pk": 44, "model": "scorecard_processor.glossaryterm", "fields": {"definition": 43, "term": "PFM/CPIA scale of performance"}}, {"pk": 45, "model": "scorecard_processor.glossaryterm", "fields": {"definition": 44, "term": "four point scale used to assess performance in the procurement sector"}}, {"pk": 46, "model": "scorecard_processor.glossaryterm", "fields": {"definition": 45, "term": "transparent"}}, {"pk": 47, "model": "scorecard_processor.glossaryterm", "fields": {"definition": 46, "term": "monitorable performance assessment framework in place"}}, {"pk": 48, "model": "scorecard_processor.glossaryterm", "fields": {"definition": 47, "term": "mutual assessment[s] of progress"}}, {"pk": 49, "model": "scorecard_processor.glossaryterm", "fields": {"definition": 48, "term": "health sector coordination mechanism"}}, {"pk": 50, "model": "scorecard_processor.glossaryterm", "fields": {"definition": 49, "term": "number of Development Partner / Donor missions"}}, {"pk": 51, "model": "scorecard_processor.glossaryterm", "fields": {"definition": 50, "term": "pooled funding mechanism"}}, {"pk": 52, "model": "scorecard_processor.glossaryterm", "fields": {"definition": 51, "term": "skilled medical personnel"}}, {"pk": 53, "model": "scorecard_processor.glossaryterm", "fields": {"definition": 52, "term": "outpatient department visits"}}, {"pk": 54, "model": "scorecard_processor.glossaryterm", "fields": {"definition": 53, "term": "health sector aid for the government sector"}}, {"pk": 55, "model": "scorecard_processor.glossaryterm", "fields": {"definition": 54, "term": "disburse"}}, {"pk": 56, "model": "scorecard_processor.glossaryterm", "fields": {"definition": 55, "term": "reported on national health sector budgets"}}, {"pk": 57, "model": "scorecard_processor.glossaryterm", "fields": {"definition": 56, "term": " technical cooperation"}}, {"pk": 58, "model": "scorecard_processor.glossaryterm", "fields": {"definition": 57, "term": "coordinated programmes"}}, {"pk": 59, "model": "scorecard_processor.glossaryterm", "fields": {"definition": 58, "term": "health sector aid"}}, {"pk": 60, "model": "scorecard_processor.glossaryterm", "fields": {"definition": 58, "term": "of the health sector aid"}}, {"pk": 61, "model": "scorecard_processor.glossaryterm", "fields": {"definition": 59, "term": "programme-based approaches"}}, {"pk": 62, "model": "scorecard_processor.glossaryterm", "fields": {"definition": 60, "term": "multi-year commitments"}}, {"pk": 63, "model": "scorecard_processor.glossaryterm", "fields": {"definition": 61, "term": "public financial management systems"}}, {"pk": 64, "model": "scorecard_processor.glossaryterm", "fields": {"definition": 62, "term": "parallel project implementation units"}}, {"pk": 65, "model": "scorecard_processor.glossaryterm", "fields": {"definition": 63, "term": "national performance assessment framework"}}, {"pk": 66, "model": "scorecard_processor.glossaryterm", "fields": {"definition": 64, "term": "mutual assessment(s)"}}, {"pk": 67, "model": "scorecard_processor.glossaryterm", "fields": {"definition": 65, "term": "support"}}, {"pk": 78, "model": "scorecard_processor.glossaryterm", "fields": {"definition": 77, "term": "Pacte national de Partenariat IHP+ "}}, {"pk": 79, "model": "scorecard_processor.glossaryterm", "fields": {"definition": 78, "term": "ou accord \u00e9quivalent"}}, {"pk": 80, "model": "scorecard_processor.glossaryterm", "fields": {"definition": 79, "term": "en place"}}, {"pk": 81, "model": "scorecard_processor.glossaryterm", "fields": {"definition": 80, "term": "objectifs et des budgets actuels"}}, {"pk": 82, "model": "scorecard_processor.glossaryterm", "fields": {"definition": 81, "term": "un plan des ressources humaines de la sant\u00e9 chiffr\u00e9, complet et fond\u00e9 sur des donn\u00e9es probantes"}}, {"pk": 83, "model": "scorecard_processor.glossaryterm", "fields": {"definition": 82, "term": "int\u00e9gr\u00e9 dans le plan de sant\u00e9 national"}}, {"pk": 84, "model": "scorecard_processor.glossaryterm", "fields": {"definition": 83, "term": "financement public (interne) allou\u00e9 \u00e0 la sant\u00e9 "}}, {"pk": 85, "model": "scorecard_processor.glossaryterm", "fields": {"definition": 84, "term": "budget annuel approuv\u00e9 pour le secteur de la sant\u00e9"}}, {"pk": 86, "model": "scorecard_processor.glossaryterm", "fields": {"definition": 85, "term": "d\u00e9pens\u00e9 selon le budget annuel approuv\u00e9 pour le secteur de la sant\u00e9"}}, {"pk": 87, "model": "scorecard_processor.glossaryterm", "fields": {"definition": 86, "term": "GFP/EPIN "}}, {"pk": 88, "model": "scorecard_processor.glossaryterm", "fields": {"definition": 87, "term": "Echelle sur quatre points utilis\u00e9e pour \u00e9valuer la performance du secteur de la passation des march\u00e9s "}}, {"pk": 89, "model": "scorecard_processor.glossaryterm", "fields": {"definition": 88, "term": "cadre d'\u00e9valuation transparent et contr\u00f4lable  "}}, {"pk": 90, "model": "scorecard_processor.glossaryterm", "fields": {"definition": 89, "term": "\u00e9valuations mutuelles "}}, {"pk": 91, "model": "scorecard_processor.glossaryterm", "fields": {"definition": 90, "term": "m\u00e9canisme de coordination du secteur de la sant\u00e9 "}}, {"pk": 92, "model": "scorecard_processor.glossaryterm", "fields": {"definition": 91, "term": "partenaires de d\u00e9veloppement / missions de donateurs "}}, {"pk": 93, "model": "scorecard_processor.glossaryterm", "fields": {"definition": 92, "term": "m\u00e9canisme conjoint de financement "}}, {"pk": 94, "model": "scorecard_processor.glossaryterm", "fields": {"definition": 93, "term": "personnel m\u00e9dical qualifi\u00e9 "}}, {"pk": 95, "model": "scorecard_processor.glossaryterm", "fields": {"definition": 94, "term": "visites dans les services de sant\u00e9 ambulatoires"}}, {"pk": 96, "model": "scorecard_processor.glossaryterm", "fields": {"definition": 95, "term": "l'aide au secteur de la sant\u00e9 avez-vous d\u00e9pens\u00e9  pour le secteur gouvernemental"}}, {"pk": 97, "model": "scorecard_processor.glossaryterm", "fields": {"definition": 97, "term": "coop\u00e9ration technique "}}, {"pk": 98, "model": "scorecard_processor.glossaryterm", "fields": {"definition": 98, "term": "programmes coordonn\u00e9s "}}, {"pk": 99, "model": "scorecard_processor.glossaryterm", "fields": {"definition": 99, "term": "l'aide au secteur de la sant\u00e9"}}, {"pk": 100, "model": "scorecard_processor.glossaryterm", "fields": {"definition": 100, "term": "une approche programmatique"}}, {"pk": 101, "model": "scorecard_processor.glossaryterm", "fields": {"definition": 101, "term": "Engagements pluriannuels"}}, {"pk": 102, "model": "scorecard_processor.glossaryterm", "fields": {"definition": 102, "term": "les syst\u00e8mes de gestion des financements publics"}}, {"pk": 103, "model": "scorecard_processor.glossaryterm", "fields": {"definition": 103, "term": "d'unit\u00e9s de mise en \u0153uvre de projets parall\u00e8les "}}, {"pk": 104, "model": "scorecard_processor.glossaryterm", "fields": {"definition": 104, "term": "cadre national  d'\u00e9valuation des performances "}}, {"pk": 105, "model": "scorecard_processor.glossaryterm", "fields": {"definition": 105, "term": "\u00e9valuations mutuelles "}}, {"pk": 106, "model": "scorecard_processor.glossaryterm", "fields": {"definition": 106, "term": "soutien"}}, {"pk": 107, "model": "scorecard_processor.glossaryterm", "fields": {"definition": 107, "term": "budget global de soutien "}}, {"pk": 108, "model": "scorecard_processor.glossaryterm", "fields": {"definition": 108, "term": "budget sectoriel de soutien "}}, {"pk": "Country", "model": "scorecard_processor.dataseriesgroup", "fields": {"project": 1, "reverse_ordering": false}}, {"pk": "Data collection year", "model": "scorecard_processor.dataseriesgroup", "fields": {"project": 1, "reverse_ordering": false}}, {"pk": "Year", "model": "scorecard_processor.dataseriesgroup", "fields": {"project": 1, "reverse_ordering": true}}, {"pk": 32, "model": "scorecard_processor.dataseries", "fields": {"visible": true, "group": "Year", "name": "2005"}}, {"pk": 10, "model": "scorecard_processor.dataseries", "fields": {"visible": true, "group": "Year", "name": "2006"}}, {"pk": 9, "model": "scorecard_processor.dataseries", "fields": {"visible": true, "group": "Year", "name": "2007"}}, {"pk": 8, "model": "scorecard_processor.dataseries", "fields": {"visible": true, "group": "Year", "name": "2008"}}, {"pk": 7, "model": "scorecard_processor.dataseries", "fields": {"visible": true, "group": "Year", "name": "2009"}}, {"pk": 6, "model": "scorecard_processor.dataseries", "fields": {"visible": true, "group": "Year", "name": "2010"}}, {"pk": 5, "model": "scorecard_processor.dataseries", "fields": {"visible": true, "group": "Year", "name": "2011"}}, {"pk": 21, "model": "scorecard_processor.dataseries", "fields": {"visible": false, "group": "Data collection year", "name": "2011 collection"}}, {"pk": 22, "model": "scorecard_processor.dataseries", "fields": {"visible": true, "group": "Data collection year", "name": "2012 collection"}}, {"pk": 20, "model": "scorecard_processor.dataseries", "fields": {"visible": true, "group": "Data collection year", "name": "Baseline"}}, {"pk": 23, "model": "scorecard_processor.dataseries", "fields": {"visible": true, "group": "Country", "name": "Benin"}}, {"pk": 4, "model": "scorecard_processor.dataseries", "fields": {"visible": true, "group": "Country", "name": "Botswana"}}, {"pk": 14, "model": "scorecard_processor.dataseries", "fields": {"visible": true, "group": "Country", "name": "Burkina Faso"}}, {"pk": 13, "model": "scorecard_processor.dataseries", "fields": {"visible": true, "group": "Country", "name": "Burundi"}}, {"pk": 12, "model": "scorecard_processor.dataseries", "fields": {"visible": true, "group": "Country", "name": "DRC"}}, {"pk": 15, "model": "scorecard_processor.dataseries", "fields": {"visible": true, "group": "Country", "name": "Djibouti"}}, {"pk": 24, "model": "scorecard_processor.dataseries", "fields": {"visible": true, "group": "Country", "name": "El Salvador"}}, {"pk": 16, "model": "scorecard_processor.dataseries", "fields": {"visible": true, "group": "Country", "name": "Ethiopia"}}, {"pk": 17, "model": "scorecard_processor.dataseries", "fields": {"visible": true, "group": "Country", "name": "Mali"}}, {"pk": 25, "model": "scorecard_processor.dataseries", "fields": {"visible": true, "group": "Country", "name": "Mauritania"}}, {"pk": 18, "model": "scorecard_processor.dataseries", "fields": {"visible": true, "group": "Country", "name": "Mozambique"}}, {"pk": 11, "model": "scorecard_processor.dataseries", "fields": {"visible": true, "group": "Country", "name": "Nepal"}}, {"pk": 19, "model": "scorecard_processor.dataseries", "fields": {"visible": true, "group": "Country", "name": "Niger"}}, {"pk": 3, "model": "scorecard_processor.dataseries", "fields": {"visible": true, "group": "Country", "name": "Nigeria"}}, {"pk": 26, "model": "scorecard_processor.dataseries", "fields": {"visible": true, "group": "Country", "name": "Rwanda"}}, {"pk": 27, "model": "scorecard_processor.dataseries", "fields": {"visible": true, "group": "Country", "name": "Senegal"}}, {"pk": 28, "model": "scorecard_processor.dataseries", "fields": {"visible": true, "group": "Country", "name": "Sierra Leone"}}, {"pk": 29, "model": "scorecard_processor.dataseries", "fields": {"visible": true, "group": "Country", "name": "Sudan"}}, {"pk": 30, "model": "scorecard_processor.dataseries", "fields": {"visible": true, "group": "Country", "name": "Togo"}}, {"pk": 31, "model": "scorecard_processor.dataseries", "fields": {"visible": true, "group": "Country", "name": "Uganda"}}, {"pk": "agency", "model": "scorecard_processor.entitytype", "fields": {"project": 1, "plural": "agencies"}}, {"pk": "government", "model": "scorecard_processor.entitytype", "fields": {"project": 1, "plural": "Governments"}}, {"pk": 1, "model": "scorecard_processor.entity", "fields": {"abbreviation": "AusAID", "project": 1, "name": "AUSAID", "entity_type": "agency"}}, {"pk": 26, "model": "scorecard_processor.entity", "fields": {"abbreviation": "AfDB", "project": 1, "name": "African Development Bank", "entity_type": "agency"}}, {"pk": 2, "model": "scorecard_processor.entity", "fields": {"abbreviation": "Belgium", "project": 1, "name": "BELGIUM", "entity_type": "agency"}}, {"pk": 27, "model": "scorecard_processor.entity", "fields": {"abbreviation": "Germany", "project": 1, "name": "Germany", "entity_type": "agency"}}, {"pk": 7, "model": "scorecard_processor.entity", "fields": {"abbreviation": "Norway", "project": 1, "name": "NORWAY", "entity_type": "agency"}}, {"pk": 8, "model": "scorecard_processor.entity", "fields": {"abbreviation": "Spain", "project": 1, "name": "SPAIN", "entity_type": "agency"}}, {"pk": 9, "model": "scorecard_processor.entity", "fields": {"abbreviation": "Sweden", "project": 1, "name": "SWEDEN", "entity_type": "agency"}}, {"pk": 3, "model": "scorecard_processor.entity", "fields": {"abbreviation": "EC", "project": 1, "name": "THE EUROPEAN COMMISSION", "entity_type": "agency"}}, {"pk": 4, "model": "scorecard_processor.entity", "fields": {"abbreviation": "GAVI", "project": 1, "name": "THE GAVI ALLIANCE", "entity_type": "agency"}}, {"pk": 5, "model": "scorecard_processor.entity", "fields": {"abbreviation": "GFATM", "project": 1, "name": "THE GLOBAL FUND TO FIGHT AIDS, TB & MALARIA", "entity_type": "agency"}}, {"pk": 6, "model": "scorecard_processor.entity", "fields": {"abbreviation": "Netherlands", "project": 1, "name": "THE NETHERLANDS", "entity_type": "agency"}}, {"pk": 10, "model": "scorecard_processor.entity", "fields": {"abbreviation": "UK", "project": 1, "name": "THE UNITED KINGDOM", "entity_type": "agency"}}, {"pk": 15, "model": "scorecard_processor.entity", "fields": {"abbreviation": "World Bank", "project": 1, "name": "THE WORLD BANK", "entity_type": "agency"}}, {"pk": 14, "model": "scorecard_processor.entity", "fields": {"abbreviation": "WHO", "project": 1, "name": "THE WORLD HEALTH ORGANIZATION", "entity_type": "agency"}}, {"pk": 11, "model": "scorecard_processor.entity", "fields": {"abbreviation": "UNAIDS", "project": 1, "name": "UNAIDS", "entity_type": "agency"}}, {"pk": 12, "model": "scorecard_processor.entity", "fields": {"abbreviation": "UNFPA", "project": 1, "name": "UNFPA", "entity_type": "agency"}}, {"pk": 13, "model": "scorecard_processor.entity", "fields": {"abbreviation": "UNICEF", "project": 1, "name": "UNICEF", "entity_type": "agency"}}, {"pk": 28, "model": "scorecard_processor.entity", "fields": {"abbreviation": "Benin", "project": 1, "name": "Government of Benin", "entity_type": "government"}}, {"pk": 16, "model": "scorecard_processor.entity", "fields": {"abbreviation": "Burkina Faso", "project": 1, "name": "Government of Burkina Faso", "entity_type": "government"}}, {"pk": 17, "model": "scorecard_processor.entity", "fields": {"abbreviation": "Burundi", "project": 1, "name": "Government of Burundi", "entity_type": "government"}}, {"pk": 19, "model": "scorecard_processor.entity", "fields": {"abbreviation": "DRC", "project": 1, "name": "Government of DRC", "entity_type": "government"}}, {"pk": 18, "model": "scorecard_processor.entity", "fields": {"abbreviation": "Djibouti", "project": 1, "name": "Government of Djibouti", "entity_type": "government"}}, {"pk": 29, "model": "scorecard_processor.entity", "fields": {"abbreviation": "El Salvador", "project": 1, "name": "Government of El Salvador", "entity_type": "government"}}, {"pk": 20, "model": "scorecard_processor.entity", "fields": {"abbreviation": "Ethiopia", "project": 1, "name": "Government of Ethiopia", "entity_type": "government"}}, {"pk": 21, "model": "scorecard_processor.entity", "fields": {"abbreviation": "Mali", "project": 1, "name": "Government of Mali", "entity_type": "government"}}, {"pk": 30, "model": "scorecard_processor.entity", "fields": {"abbreviation": "Mauritania", "project": 1, "name": "Government of Mauritania", "entity_type": "government"}}, {"pk": 22, "model": "scorecard_processor.entity", "fields": {"abbreviation": "Mozambique", "project": 1, "name": "Government of Mozambique", "entity_type": "government"}}, {"pk": 23, "model": "scorecard_processor.entity", "fields": {"abbreviation": "Nepal", "project": 1, "name": "Government of Nepal", "entity_type": "government"}}, {"pk": 24, "model": "scorecard_processor.entity", "fields": {"abbreviation": "Niger", "project": 1, "name": "Government of Niger", "entity_type": "government"}}, {"pk": 25, "model": "scorecard_processor.entity", "fields": {"abbreviation": "Nigeria", "project": 1, "name": "Government of Nigeria", "entity_type": "government"}}, {"pk": 31, "model": "scorecard_processor.entity", "fields": {"abbreviation": "Rwanda", "project": 1, "name": "Government of Rwanda", "entity_type": "government"}}, {"pk": 32, "model": "scorecard_processor.entity", "fields": {"abbreviation": "Senegal", "project": 1, "name": "Government of Senegal", "entity_type": "government"}}, {"pk": 33, "model": "scorecard_processor.entity", "fields": {"abbreviation": "Sierra Leone", "project": 1, "name": "Government of Sierra Leone", "entity_type": "government"}}, {"pk": 34, "model": "scorecard_processor.entity", "fields": {"abbreviation": "Sudan", "project": 1, "name": "Government of Sudan", "entity_type": "government"}}, {"pk": 35, "model": "scorecard_processor.entity", "fields": {"abbreviation": "Togo", "project": 1, "name": "Government of Togo", "entity_type": "government"}}, {"pk": 36, "model": "scorecard_processor.entity", "fields": {"abbreviation": "Uganda", "project": 1, "name": "Government of Uganda", "entity_type": "government"}}, {"pk": 1, "model": "scorecard_processor.survey", "fields": {"name": "2011 Survey for Agencies", "project": 1, "active": false, "data_series_groups": ["Country", "Year"], "short_description": null, "entity_types": ["agency"], "description": ""}}, {"pk": 2, "model": "scorecard_processor.survey", "fields": {"name": "2011 Survey for Government", "project": 1, "active": false, "data_series_groups": ["Country", "Year"], "short_description": null, "entity_types": ["government"], "description": ""}}, {"pk": 3, "model": "scorecard_processor.survey", "fields": {"name": "2012 Survey for Agencies", "project": 1, "active": true, "data_series_groups": ["Country", "Data collection year", "Year"], "short_description": "<h2>Please select a country</h2>\r\n<p>Please complete a separate survey tool for each of the participating countries in which\r\nyou are \u2018active\u2019. You should only have the option to submit data for the countries in which it has been agreed you are active. Please let us know if this is not the case.</p>", "entity_types": ["agency"], "description": "<h2>Please note before submitting data</h2>\r\n\r\n<ul>\r\n    <li>Data is requested for calendar years (not fiscal years).</li>\r\n\r\n    <li>Our preference is for 2011 data for latest year, but if this is not available we can accept 2010 data.  You will be prompted at the top of the survey to indicate which years you are providing data for (both baseline and latest years).  Please then provide data for these respective years for every question.</li>\r\n    <li>You should enter financial data in the most appropriate currency. Please select your currency from the drop-down list at the top of the survey.</li>\r\n    <li>In the ten countries that participated in IHP+Results 2010 monitoring, Development Partners need to provide only latest year data (2010 or 2011). Unless you are a Development Partner participating for the first time in IHP+Results monitoring - in which case you need to submit baseline data for all countries in which you are active.  In the nine countries that are completing the survey for the first time, both baseline data (2005, 2006 or 2007) and latest year data (2010 or 2011) need to be provided by all Development Partners. The online tool should make our data requirements clear.</li>\r\n    <li>Please provide source information \u2013 ideally weblinks or references to published documents \u2013 in the \u2018Voluntary additional information\u2019 text boxes.</li>\r\n</ul>\r\n\r\n<p>In addition to the guidance above we advise you to have a copy of the <a href=\"http://ihpresults.net/wp-content/uploads/2011/12/IHP+Results-2012-monitoring-guidance_ENG_FINAL_8Feb.pdf\">Overview Guidance</a> to hand when you begin submitting your data as it is possible that this will cover any questions you may have. Alternatively please get in touch with your IHP+Results focal point. If you need any support whilst completing the survey, please get in contact with the IHP+Results team.</p>"}}, {"pk": 4, "model": "scorecard_processor.survey", "fields": {"name": "2012 Survey for Governments", "project": 1, "active": true, "data_series_groups": ["Country", "Data collection year", "Year"], "short_description": "", "entity_types": ["government"], "description": "<h2>Please note before submitting data</h2>\r\n\r\n<ul>\r\n    <li>Data is requested for calendar years (not fiscal years).</li>\r\n\r\n    <li>Our preference is for 2011 data for latest year, but if this is not available we can accept 2010 data.  You will be prompted at the top of the survey to indicate which years you are providing data for (both baseline and latest years).  Please then provide data for these respective years for every question.</li>\r\n    <li>You should enter financial data in the most appropriate currency. Please select your currency from the drop-down list at the top of the survey.</li>\r\n<li>If you are responding from one of the ten countries that participated in IHP+Results 2010 monitoring, you only need to provide latest year data (2010 or 2011) as you have previously reported baseline data. If you are responding from one of the nine countries participating for the first time, you need to submit baseline data too (2005, 2006 or 2007).</li>\r\n    <li>Please provide source information \u2013 ideally weblinks or references to published documents \u2013 in the \u2018Voluntary additional information\u2019 text boxes.</li>\r\n</ul>\r\n\r\n<p>In addition to the guidance above we advise you to have a copy of the <a href=\"http://ihpresults.net/wp-content/uploads/2011/12/IHP+Results-2012-monitoring-guidance_ENG_FINAL_8Feb.pdf\">Overview Guidance</a> to hand when you begin submitting your data as it is possible that this will cover any questions you may have. Alternatively please get in touch with your IHP+Results focal point. If you need any support whilst completing the survey, please get in contact with the IHP+Results team.</p>"}}, {"pk": 1, "model": "scorecard_processor.surveytranslation", "fields": {"lang": "", "short_description": null, "parent_object": 4, "name": "2012 Enqu\u00eate pour les gouvernements", "description": null}}, {"pk": 2, "model": "scorecard_processor.surveytranslation", "fields": {"lang": "fr", "short_description": null, "parent_object": 4, "name": "2012 Enqu\u00eate pour les gouvernements", "description": "<h2>RENSEIGNEMENTS IMPORTANTS, VEUILLEZ PRENDRE CONNAISSANCE DES E\u0301LE\u0301MENTS SUIVANTS AVANT D\u2019ENVOYER DES DONNE\u0301ES :</h2>\n<ul>\n<li> donne\u0301es relatives aux anne\u0301es civiles (pas aux exercices); </li><li> nous pre\u0301fe\u0301rons les donne\u0301es de 2011 comme dernie\u0300re anne\u0301e, mais si vous n\u2019en avez\npas, nous acceptons les donne\u0301es de 2010; vous serez amene\u0301 dans la partie supe\u0301rieure de l\u2019enque\u0302te pour que vous indiquiez a\u0300 quelles anne\u0301es se rapportent les donne\u0301es que vous pre\u0301sentez (donne\u0301es de base et des dernie\u0300res anne\u0301es); veuillez ensuite fournir des donne\u0301es relatives a\u0300 ces anne\u0301es respectives pour chaque question;\n</li><li> vous devez saisir les donne\u0301es financie\u0300res dans la devise la plus approprie\u0301e; veuillez choisir votre devise dans la liste de\u0301roulante dans la partie supe\u0301rieure de l\u2019enque\u0302te;\n</li><li> si vous re\u0301pondez au nom de l\u2019un des dix pays qui ont participe\u0301 au suivi 2010 d\u2019IHP+Results, vous devez seulement fournir les donne\u0301es de la dernie\u0300re anne\u0301e (2010 ou 2011) puisque vous avez de\u0301ja\u0300 rapporte\u0301 des donne\u0301es de base; si vous re\u0301pondez au nom de l'un des neuf pays qui participent pour la premie\u0300re fois, vous devez envoyer les donne\u0301es de base e\u0301galement (2005, 2006 ou 2007);\n</li><li> veuillez fournir vos sources d\u2019information (ide\u0301alement des liens Web ou des re\u0301fe\u0301rences a\u0300 des documents publie\u0301s dans les zones texte \u00ab Renseignements facultatifs supple\u0301mentaires \u00bb.</li>\n</ul>\n<p>En plus des lignes directrices pre\u0301sente\u0301es ci-dessus, nous vous conseillons d\u2019avoir une copie du document suivant : <a href=\"http://ihpresults.net/wp-content/uploads/2011/12/IHP+Results-2012-monitoring-guidance_ENG_FINAL_8Feb.pdf\">Overview Guidance</a> a\u0300 porte\u0301e de la main lorsque vous commencez a\u0300\nenvoyer vos donne\u0301es puisque c\u2019est possible que celui-ci contienne les re\u0301ponses a\u0300 vos questions. Vous pouvez e\u0301galement communiquer avec le haut fonctionnaire d\u2019IHP+Results responsable.</p>\n"}}, {"pk": 3, "model": "scorecard_processor.surveytranslation", "fields": {"lang": "fr", "short_description": "<h2>VEUILLEZ CHOISIR UN PAYS</h2>\n<p>Veuillez re\u0301pondre a\u0300 un outil d'enque\u0302te distinct pour chaque pays participant dans lequel vous e\u0302tes \u00ab actif \u00bb. Vous devriez seulement avoir la possibilite\u0301 d\u2019envoyer des donne\u0301es pour les pays dans lesquels il a e\u0301te\u0301 convenu que vous e\u0302tes actif. Veuillez nous informer si ce n\u2019est pas le cas.</p>", "parent_object": 3, "name": "2012 Enqu\u00eate pour les agences", "description": "<h2>RENSEIGNEMENTS IMPORTANTS, VEUILLEZ PRENDRE CONNAISSANCE DES E\u0301LE\u0301MENTS SUIVANTS AVANT D\u2019ENVOYER DES DONNE\u0301ES :</h2>\n\n<ul><li> donne\u0301es relatives aux anne\u0301es civiles (pas aux exercices); </li><li> nous pre\u0301fe\u0301rons les donne\u0301es de 2011 comme dernie\u0300re anne\u0301e, mais si vous n\u2019en avez\npas, nous acceptons les donne\u0301es de 2010; vous serez amene\u0301 dans la partie supe\u0301rieure de l\u2019enque\u0302te pour que vous indiquiez a\u0300 quelles anne\u0301es se rapportent les donne\u0301es que vous pre\u0301sentez (donne\u0301es de base et des dernie\u0300res anne\u0301es); veuillez ensuite fournir des donne\u0301es relatives a\u0300 ces anne\u0301es respectives pour chaque question;\n</li><li> vous devez saisir les donne\u0301es financie\u0300res dans la devise la plus approprie\u0301e; veuillez choisir votre devise dans la liste de\u0301roulante dans la partie supe\u0301rieure de l\u2019enque\u0302te; </li><li> dans les dix pays qui ont participe\u0301 au suivi 2010 d'IHP+Results, les partenaires de\nde\u0301veloppement doivent seulement fournir les donne\u0301es relatives a\u0300 la dernie\u0300re anne\u0301e (2010 ou 2011); a\u0300 moins que vous soyez un partenaire de de\u0301veloppement qui participe pour la premie\u0300re fois au suivi d\u2019IHP+Results (dans ce cas, vous devez envoyer les donne\u0301es de base relatives a\u0300 tous les pays dans lesquels vous e\u0302tes actif); dans les neuf pays qui re\u0301pondent a\u0300 l\u2019enque\u0302te pour la premie\u0300re fois, a\u0300 la fois les donne\u0301es de base (2005, 2006 ou 2007) et les donne\u0301es de la dernie\u0300re anne\u0301e (2010 ou 2011) doivent e\u0302tre fournies par tous les partenaires de de\u0301veloppement. L\u2019outil en ligne permet de bien comprendre nos exigences relatives aux donne\u0301es;\n</li><li> veuillez fournir vos sources d\u2019information (ide\u0301alement des liens Web ou des re\u0301fe\u0301rences a\u0300 des documents publie\u0301s dans les zones texte \u00ab Renseignements facultatifs supple\u0301mentaires \u00bb.</li></ul>\n\n<p>En plus des lignes directrices pre\u0301sente\u0301es ci-dessus, nous vous conseillons d\u2019avoir une copie du document suivant : <a href=\"http://ihpresults.net/wp-content/uploads/2011/12/IHP+Results-2012-monitoring-guidance_ENG_FINAL_8Feb.pdf\">Overview Guidance</a> a\u0300 porte\u0301e de la main lorsque vous commencez a\u0300 envoyer vos donne\u0301es puisque c\u2019est possible que celui-ci contienne les re\u0301ponses a\u0300 vos questions. Vous pouvez e\u0301galement communiquer avec le haut fonctionnaire d\u2019IHP+Results responsable. Si vous avez besoin d\u2019aide pour re\u0301pondre a\u0300 cette enque\u0302te, veuillez communiquer avec l'e\u0301quipe d\u2019IHP+Results.</p>"}}, {"pk": 15, "model": "scorecard_processor.questiongroup", "fields": {"ordering": 0, "help_text": "An IHP+ Compact or equivalent mutual agreement is in place", "survey": 2, "name": "IHP+ Compact"}}, {"pk": 1, "model": "scorecard_processor.questiongroup", "fields": {"ordering": 0, "help_text": "100% of IHP+ countries\nwhere the signatory operates\nhave support for/commitment\nto the IHP+ compact (or\nequivalent) mutually agreed\nand documented.", "survey": 1, "name": "Proportion of IHP+"}}, {"pk": 57, "model": "scorecard_processor.questiongroup", "fields": {"ordering": 1, "help_text": "Proportion of IHP+ countries  in which the partner has signed commitment to (or documented support for) the IHP+ Country Compact or equivalent agreement.", "survey": 3, "name": "1DP"}}, {"pk": 46, "model": "scorecard_processor.questiongroup", "fields": {"ordering": 1, "help_text": "IHP+ Compact or equivalent mutual agreement in place", "survey": 4, "name": "1G"}}, {"pk": 58, "model": "scorecard_processor.questiongroup", "fields": {"ordering": 1, "help_text": "Percent of aid flows to the health sector that is reported on national health sector budgets. (PD3)", "survey": 3, "name": "2DPa"}}, {"pk": 59, "model": "scorecard_processor.questiongroup", "fields": {"ordering": 1, "help_text": "Percent of current capacity-development support provided through coordinated programmes consistent with national plans/strategies for the health sector ", "survey": 3, "name": "2DPb"}}, {"pk": 60, "model": "scorecard_processor.questiongroup", "fields": {"ordering": 1, "help_text": "", "survey": 3, "name": "2DPc"}}, {"pk": 47, "model": "scorecard_processor.questiongroup", "fields": {"ordering": 1, "help_text": "National Health Sector Plans/Strategy in place with current targets & budgets that have been jointly assessed", "survey": 4, "name": "2Ga"}}, {"pk": 48, "model": "scorecard_processor.questiongroup", "fields": {"ordering": 1, "help_text": "Costed, evidence-based HRH plan in place that is integrated with the national health plan ", "survey": 4, "name": "2Gb"}}, {"pk": 61, "model": "scorecard_processor.questiongroup", "fields": {"ordering": 1, "help_text": "Percent  of health sector aid provided through multi-year commitments", "survey": 3, "name": "3DP"}}, {"pk": 49, "model": "scorecard_processor.questiongroup", "fields": {"ordering": 1, "help_text": "Proportion of public funding allocated to Health.", "survey": 4, "name": "3G"}}, {"pk": 62, "model": "scorecard_processor.questiongroup", "fields": {"ordering": 1, "help_text": "Percent of health sector aid disbursements released according to agreed schedules in annual or multi-year frameworks ", "survey": 3, "name": "4DP"}}, {"pk": 50, "model": "scorecard_processor.questiongroup", "fields": {"ordering": 1, "help_text": "Proportion of health sector funding disbursed against the approved annual budget", "survey": 4, "name": "4G"}}, {"pk": 63, "model": "scorecard_processor.questiongroup", "fields": {"ordering": 1, "help_text": "Percent of health sector aid that uses country procurement systems.", "survey": 3, "name": "5DPa"}}, {"pk": 64, "model": "scorecard_processor.questiongroup", "fields": {"ordering": 1, "help_text": "Percent of health sector aid that uses public financial management systems.", "survey": 3, "name": "5DPb"}}, {"pk": 65, "model": "scorecard_processor.questiongroup", "fields": {"ordering": 1, "help_text": "Number of parallel Project Implementation Units (PIUs) per country.", "survey": 3, "name": "5DPc"}}, {"pk": 51, "model": "scorecard_processor.questiongroup", "fields": {"ordering": 1, "help_text": "Country procurement and public financial management systems for the health sector either (a) adhere to broadly accepted good practices or (b) have a reform programme in place to achieve these. (PD2)", "survey": 4, "name": "5Ga"}}, {"pk": 52, "model": "scorecard_processor.questiongroup", "fields": {"ordering": 1, "help_text": "", "survey": 4, "name": "5Gb"}}, {"pk": 66, "model": "scorecard_processor.questiongroup", "fields": {"ordering": 1, "help_text": "Proportion of IHP+ countries in which agreed, transparent and monitorable performance assessment frameworks are being used to assess progress  in the health sector.", "survey": 3, "name": "6DP"}}, {"pk": 53, "model": "scorecard_processor.questiongroup", "fields": {"ordering": 1, "help_text": "An agreed, transparent and monitorable performance assessment framework is being used to assess progress in the health sector (PD11)", "survey": 4, "name": "6G"}}, {"pk": 67, "model": "scorecard_processor.questiongroup", "fields": {"ordering": 1, "help_text": "Proportion of IHP+ countries where mutual assessments have been made of progress implementing commitments in the health sector, including on aid effectiveness.", "survey": 3, "name": "7DP"}}, {"pk": 54, "model": "scorecard_processor.questiongroup", "fields": {"ordering": 1, "help_text": "Mutual Assessments, such as Joint Annual Health Sector Reviews, have been made of progress implementing commitments in the health sector, including on aid effectiveness", "survey": 4, "name": "7G"}}, {"pk": 68, "model": "scorecard_processor.questiongroup", "fields": {"ordering": 1, "help_text": "Evidence of support for Civil Society to be actively represented in health sector policy processes - including health sector planning, coordination and review mechanisms.", "survey": 3, "name": "8DP"}}, {"pk": 55, "model": "scorecard_processor.questiongroup", "fields": {"ordering": 1, "help_text": "Evidence that Civil Society is actively represented in health sector policy processes - including health sector planning, coordination & review mechanisms", "survey": 4, "name": "8G"}}, {"pk": 56, "model": "scorecard_processor.questiongroup", "fields": {"ordering": 1, "help_text": "", "survey": 4, "name": "Additional questions"}}, {"pk": 69, "model": "scorecard_processor.questiongroup", "fields": {"ordering": 1, "help_text": "", "survey": 3, "name": "Additional questions"}}, {"pk": 16, "model": "scorecard_processor.questiongroup", "fields": {"ordering": 1, "help_text": "A National Health Sector Plan/Strategy is in place with current targets & budgets that have been jointly assessed.", "survey": 2, "name": "National Health Sector"}}, {"pk": 2, "model": "scorecard_processor.questiongroup", "fields": {"ordering": 1, "help_text": "Halve the proportion of aid flows to the health sector are not reported on government's budget(s) (with at least 85% reported on budget)", "survey": 1, "name": "Percent of aid"}}, {"pk": 17, "model": "scorecard_processor.questiongroup", "fields": {"ordering": 2, "help_text": "A costed, comprehensive national HRH plan (integrated with the health plan) is being implemented or developed", "survey": 2, "name": "Costed, evidence-based HRH"}}, {"pk": 3, "model": "scorecard_processor.questiongroup", "fields": {"ordering": 2, "help_text": "50% or more of technical cooperation flows to each IHP+ country in which the signatory operates are implemented through  coordinated programmes that are consistent with national plans/strategies for the health sector ", "survey": 1, "name": "Percent of current"}}, {"pk": 4, "model": "scorecard_processor.questiongroup", "fields": {"ordering": 3, "help_text": "66% of aid flows are provided in the context of programme based approaches", "survey": 1, "name": "66% of aid"}}, {"pk": 18, "model": "scorecard_processor.questiongroup", "fields": {"ordering": 3, "help_text": "15% (or an equivalent published target) of the national budget is allocated to health", "survey": 2, "name": "Proportion of public"}}, {"pk": 5, "model": "scorecard_processor.questiongroup", "fields": {"ordering": 4, "help_text": "90% (or an equivalent published target) of health sector funding provided through multi-year commitments [min. 3 years] ", "survey": 1, "name": "90% (or an"}}, {"pk": 19, "model": "scorecard_processor.questiongroup", "fields": {"ordering": 4, "help_text": "Halve the proportion of health sector funding not disbursed against the approved annual budget", "survey": 2, "name": "Proportion of health"}}, {"pk": 20, "model": "scorecard_processor.questiongroup", "fields": {"ordering": 5, "help_text": "Improvement of at least one measure (ie 0.5 points) on the PFM/CPIA scale of performance.", "survey": 2, "name": "Country procurement"}}, {"pk": 6, "model": "scorecard_processor.questiongroup", "fields": {"ordering": 5, "help_text": "Halve the proportion of health sector aid not disbursed within the year for which it was scheduled ", "survey": 1, "name": "Percent of health"}}, {"pk": 21, "model": "scorecard_processor.questiongroup", "fields": {"ordering": 6, "help_text": "Improvement of at least one measure on the four-point scale used to assess performance for this sector", "survey": 2, "name": "Improvement of at"}}, {"pk": 7, "model": "scorecard_processor.questiongroup", "fields": {"ordering": 6, "help_text": "One-third reduction in the % of health sector aid to the public sector not using partner countries' procurement systems", "survey": 1, "name": "Percent of health"}}, {"pk": 22, "model": "scorecard_processor.questiongroup", "fields": {"ordering": 7, "help_text": "A transparent and monitorable performance assessment framework is in place to assess progress against (a) the national development strategies relevant to health and (b) health sector programmes", "survey": 2, "name": "An agreed, transparent"}}, {"pk": 8, "model": "scorecard_processor.questiongroup", "fields": {"ordering": 7, "help_text": "One-third reduction in the % of health sector aid to the public sector not using partner countries' PFM systems", "survey": 1, "name": "Percent of aid"}}, {"pk": 23, "model": "scorecard_processor.questiongroup", "fields": {"ordering": 8, "help_text": "Mutual assessments (such as a joint Annual Health Sector Review) are being made of progress implementing commitments in the health sector, including on aid effectiveness.", "survey": 2, "name": "Mutual Assessments, such"}}, {"pk": 9, "model": "scorecard_processor.questiongroup", "fields": {"ordering": 8, "help_text": "Reduce by two-thirds the stock of parallel project implementation units (PIUs)", "survey": 1, "name": "Parallel Project Implementation"}}, {"pk": 24, "model": "scorecard_processor.questiongroup", "fields": {"ordering": 9, "help_text": "At least 10% of seats in the country's Health Sector Coordination mechanisms are allocated to Civil Society representatives.", "survey": 2, "name": "Evidence that Civil"}}, {"pk": 10, "model": "scorecard_processor.questiongroup", "fields": {"ordering": 9, "help_text": "Single national performance assessment frameworks are used, where they exist, as the primary basis to assess progress in all IHP+ countries where the signatory operates", "survey": 1, "name": "Proportion of IHP+"}}, {"pk": 25, "model": "scorecard_processor.questiongroup", "fields": {"ordering": 10, "help_text": "Number of DP missions", "survey": 2, "name": "DP missions"}}, {"pk": 11, "model": "scorecard_processor.questiongroup", "fields": {"ordering": 10, "help_text": "Annual mutual assessment of progress in implementing health sector commitments & agreements (such as the IHP+ country compact and on aid effectiveness in the health sector), is being made in all the countries where the signatory operates", "survey": 1, "name": "Proportion of IHP+"}}, {"pk": 26, "model": "scorecard_processor.questiongroup", "fields": {"ordering": 11, "help_text": "Number of DPs using pooled financing mechanisms", "survey": 2, "name": "DPs using pooled"}}, {"pk": 12, "model": "scorecard_processor.questiongroup", "fields": {"ordering": 11, "help_text": "Development Partner can provide some evidence of supporting active civil society engagement.", "survey": 1, "name": "Evidence of support"}}, {"pk": 13, "model": "scorecard_processor.questiongroup", "fields": {"ordering": 12, "help_text": "N/A", "survey": 1, "name": "N/A"}}, {"pk": 27, "model": "scorecard_processor.questiongroup", "fields": {"ordering": 12, "help_text": "Number of skilled medical personnel per 10,000 pop", "survey": 2, "name": "Skilled medical personnel"}}, {"pk": 14, "model": "scorecard_processor.questiongroup", "fields": {"ordering": 13, "help_text": "N/A", "survey": 1, "name": "N/A"}}, {"pk": 28, "model": "scorecard_processor.questiongroup", "fields": {"ordering": 13, "help_text": "Number of outpatient dept visits per 10,000 pop p/a", "survey": 2, "name": "Outpatient dept visits"}}, {"pk": 29, "model": "scorecard_processor.questiongroup", "fields": {"ordering": 14, "help_text": "Health workforce spend", "survey": 2, "name": "Health workforce spend"}}, {"pk": 30, "model": "scorecard_processor.questiongroup", "fields": {"ordering": 15, "help_text": "Existence of HMIS that provides timely relevant robust data on results", "survey": 2, "name": "Existence of HMIS"}}, {"pk": 31, "model": "scorecard_processor.questiongroup", "fields": {"ordering": 16, "help_text": "Number of Indicators in Nartional Results Framework. ", "survey": 2, "name": "Indicators in Nartional"}}, {"pk": 32, "model": "scorecard_processor.questiongroup", "fields": {"ordering": 17, "help_text": "JAR date and details", "survey": 2, "name": "JAR date"}}, {"pk": 1, "model": "scorecard_processor.questiongrouptranslation", "fields": {"lang": "fr", "help_text": null, "parent_object": 69, "name": "Des questions suppl\u00e9mentaires"}}, {"pk": 2, "model": "scorecard_processor.questiongrouptranslation", "fields": {"lang": "fr", "help_text": "Proportion des pays IHP+ o\u00f9 le partenaire a sign\u00e9 un engagement relatif au Pacte national IHP+ ou un accord similaire, ou a document\u00e9 son soutien \u00e0 celui-ci.", "parent_object": 57, "name": "1DP"}}, {"pk": 3, "model": "scorecard_processor.questiongrouptranslation", "fields": {"lang": "fr", "help_text": "Pourcentage des apports d\u2019aide au secteur de la sant\u00e9 qui est comptabilis\u00e9 dans les budgets nationaux du secteur de la sant\u00e9.", "parent_object": 58, "name": "2DPa"}}, {"pk": 4, "model": "scorecard_processor.questiongrouptranslation", "fields": {"lang": "fr", "help_text": "Pourcentage de l\u2019aide actuel \u00e0 des fins  de renforcement des capacit\u00e9s fourni \u00e0 par le biais de programmes coordonn\u00e9s compatibles avec les plans/strat\u00e9gies nationaux du secteur de la sant\u00e9.", "parent_object": 59, "name": "2DPb"}}, {"pk": 5, "model": "scorecard_processor.questiongrouptranslation", "fields": {"lang": "fr", "help_text": "", "parent_object": 60, "name": "2DPc"}}, {"pk": 6, "model": "scorecard_processor.questiongrouptranslation", "fields": {"lang": "fr", "help_text": "Pourcentage de l\u2019aide au secteur de la sant\u00e9 allou\u00e9 dans le cadre d\u2019engagements pluriannuels.", "parent_object": 61, "name": "3DP"}}, {"pk": 7, "model": "scorecard_processor.questiongrouptranslation", "fields": {"lang": "fr", "help_text": "Pourcentage des d\u00e9penses de l\u2019aide au secteur de la sant\u00e9 qui se conforment aux \u00e9ch\u00e9ances convenues dans des cadres annuels ou pluriannuels.", "parent_object": 62, "name": "4DP"}}, {"pk": 8, "model": "scorecard_processor.questiongrouptranslation", "fields": {"lang": "fr", "help_text": "Pourcentage des apports d\u2019aide au secteur de la sant\u00e9 utilisant les syst\u00e8mes nationaux de passation des march\u00e9s.", "parent_object": 63, "name": "5DPa"}}, {"pk": 9, "model": "scorecard_processor.questiongrouptranslation", "fields": {"lang": "fr", "help_text": "Pourcentage de l\u2019aide au secteur de la sant\u00e9 utilisant les syst\u00e8mes de gestion des finances publiques.", "parent_object": 64, "name": "5DPb"}}, {"pk": 10, "model": "scorecard_processor.questiongrouptranslation", "fields": {"lang": "fr", "help_text": "Nombre d\u2019Unit\u00e9s de mise en \u0153uvre de projets par pays.", "parent_object": 65, "name": "5DPc"}}, {"pk": 11, "model": "scorecard_processor.questiongrouptranslation", "fields": {"lang": "fr", "help_text": "Proportion des pays o\u00f9 des cadres d\u2019\u00e9valuation commun\u00e9ment d\u00e9cid\u00e9s, transparents et contr\u00f4lables sont utilis\u00e9s pour \u00e9valuer les progr\u00e8s dans le secteur de la sant\u00e9.", "parent_object": 66, "name": "6DP"}}, {"pk": 12, "model": "scorecard_processor.questiongrouptranslation", "fields": {"lang": "fr", "help_text": "Proportion des pays o\u00f9 des \u00e9valuations mutuelles des progr\u00e8s de la mise en \u0153uvre des engagements ont \u00e9t\u00e9 faites au sein du secteur de la sant\u00e9, y compris en ce qui concerne l\u2019efficacit\u00e9 de l\u2019aide.", "parent_object": 67, "name": "7DP"}}, {"pk": 13, "model": "scorecard_processor.questiongrouptranslation", "fields": {"lang": "fr", "help_text": "Preuves de soutien pour que la soci\u00e9t\u00e9 civile soit engag\u00e9e de mani\u00e8re significative dans le processus relatifs aux politiques du secteur de la sant\u00e9 \u2013 y compris en ce qui concerne la planification, la coordination et les m\u00e9canismes de r\u00e9vision du secteur de la sant\u00e9.", "parent_object": 68, "name": "8DP"}}, {"pk": 14, "model": "scorecard_processor.questiongrouptranslation", "fields": {"lang": "fr", "help_text": null, "parent_object": 56, "name": "Des questions suppl\u00e9mentaires"}}, {"pk": 15, "model": "scorecard_processor.questiongrouptranslation", "fields": {"lang": "fr", "help_text": "Accord IHP+ ou entente mutuelle \u00e9quivalente en place.", "parent_object": 46, "name": "1G"}}, {"pk": 16, "model": "scorecard_processor.questiongrouptranslation", "fields": {"lang": "fr", "help_text": "Plans et strat\u00e9gie nationaux sectoriels de sant\u00e9 mis en place avec des objectifs et des budgets actuels qui ont \u00e9t\u00e9 \u00e9valu\u00e9s conjointement.", "parent_object": 47, "name": "2Ga"}}, {"pk": 17, "model": "scorecard_processor.questiongrouptranslation", "fields": {"lang": "fr", "help_text": "Un Plan relatif aux HRH chiffr\u00e9 et fond\u00e9 sur des preuves est en place et int\u00e9gr\u00e9 au plan de sant\u00e9 national.", "parent_object": 48, "name": "2Gb"}}, {"pk": 18, "model": "scorecard_processor.questiongrouptranslation", "fields": {"lang": "fr", "help_text": "Proportion de financement public allou\u00e9 \u00e0 la sant\u00e9.", "parent_object": 49, "name": "3G"}}, {"pk": 19, "model": "scorecard_processor.questiongrouptranslation", "fields": {"lang": "fr", "help_text": "Part de financement du secteur de la sant\u00e9 qui a \u00e9t\u00e9 d\u00e9caiss\u00e9e, par rapport au budget annuel approuv\u00e9.", "parent_object": 50, "name": "4G"}}, {"pk": 20, "model": "scorecard_processor.questiongrouptranslation", "fields": {"lang": "fr", "help_text": "Un cadre d\u2019\u00e9valuation de la performance transparent, convenu conjointement et dont le suivi est assur\u00e9, est utilis\u00e9 pour \u00e9valuer les progr\u00e8s accomplis dans le secteur de la sant\u00e9.", "parent_object": 53, "name": "6G"}}, {"pk": 21, "model": "scorecard_processor.questiongrouptranslation", "fields": {"lang": "fr", "help_text": "Des \u00e9valuations mutuelles telles que les revues sectorielles annuelles conjointes en mati\u00e8re de sant\u00e9 ont \u00e9t\u00e9 faites sur les progr\u00e8s accomplis en ce qui concerne la mise en oeuvre d\u2019engagements dans le secteur de la sant\u00e9, notamment en ce qui concerne l\u2019efficacit\u00e9 de l\u2019aide.", "parent_object": 54, "name": "7G"}}, {"pk": 22, "model": "scorecard_processor.questiongrouptranslation", "fields": {"lang": "fr", "help_text": "Donn\u00e9es indiquant que la soci\u00e9t\u00e9 civile est repr\u00e9sent\u00e9e activement dans les processus relatifs aux politiques dans le secteur de la sant\u00e9, notamment la planification, la coordination et les m\u00e9canismes de revue dans le secteur de la sant\u00e9.", "parent_object": 55, "name": "8G"}}, {"pk": 1, "model": "scorecard_processor.question", "fields": {"widget": "yes_no_na_choice", "group": 1, "question": "Have you signed the IHP+ Country Compact (or equivalent agreement)?", "validator": "anything", "survey": 1, "help_text": null, "identifier": "1"}}, {"pk": 2, "model": "scorecard_processor.question", "fields": {"widget": "textbox", "group": 1, "question": "Supplemental information", "validator": "anything", "survey": 1, "help_text": " If not, please explain why. ", "identifier": "1_sup"}}, {"pk": 37, "model": "scorecard_processor.question", "fields": {"widget": "yes_no_na_choice", "group": 15, "question": "Is there an IHP+ Country Compact (or equivalent agreement) in place?", "validator": "anything", "survey": 2, "help_text": null, "identifier": "1"}}, {"pk": 38, "model": "scorecard_processor.question", "fields": {"widget": "textbox", "group": 15, "question": "Supplemental information", "validator": "anything", "survey": 2, "help_text": "If yes, please provide details of the Compact or equivalent, including its title and the period which it covers.                                                                 If not, please explain why, including your efforts in leading on the creation of such an agreement in the future. ", "identifier": "1_sup"}}, {"pk": 3, "model": "scorecard_processor.question", "fields": {"widget": "fixed_currency", "group": 2, "question": "How much health sector aid for the government sector ($USD) did you disburse in calendar years 2007 and 2009?  ", "validator": "anything", "survey": 1, "help_text": null, "identifier": "2"}}, {"pk": 4, "model": "scorecard_processor.question", "fields": {"widget": "fixed_currency", "group": 2, "question": "How much of this ($USD) was reported on national health sector budgets in 2007 and 2009?", "validator": "anything", "survey": 1, "help_text": null, "identifier": "3"}}, {"pk": 5, "model": "scorecard_processor.question", "fields": {"widget": "textbox", "group": 2, "question": "Supplemental information", "validator": "anything", "survey": 1, "help_text": " Please provide details of the specific actions/support that you are providing in this area.                                                               If you have not met the agreed target (see target column), please provide an explanation of the circumstances.", "identifier": "3_sup"}}, {"pk": 39, "model": "scorecard_processor.question", "fields": {"widget": "yes_no_na_choice", "group": 16, "question": "Does the National Health Sector Strategy (or equivalent) include current targets and budgets?", "validator": "anything", "survey": 2, "help_text": null, "identifier": "2"}}, {"pk": 40, "model": "scorecard_processor.question", "fields": {"widget": "yes_no_na_choice", "group": 16, "question": "Has the National Health Sector Strategy been jointly assessed? ", "validator": "anything", "survey": 2, "help_text": null, "identifier": "3"}}, {"pk": 41, "model": "scorecard_processor.question", "fields": {"widget": "textbox", "group": 16, "question": "Supplemental information", "validator": "anything", "survey": 2, "help_text": "<If yes, please provide details of the plan, including its title and the period which it covers.                                          <If not, please describe your efforts to ensure that such targets and budgets are included in the future.", "identifier": "2_sup"}}, {"pk": 42, "model": "scorecard_processor.question", "fields": {"widget": "textbox", "group": 16, "question": "Supplemental information", "validator": "anything", "survey": 2, "help_text": "If yes, please describe any plans in place to get the plan jointly assessed, include details about timeframes.                                             If not, please provide an explanation of the circumstances. ", "identifier": "3_sup"}}, {"pk": 112, "model": "scorecard_processor.question", "fields": {"widget": "yes_no_choice", "group": 46, "question": "Was there an IHP+ Country Compact (or equivalent agreement) in place?", "validator": "anything", "survey": 4, "help_text": null, "identifier": "1"}}, {"pk": 113, "model": "scorecard_processor.question", "fields": {"widget": "textbox", "group": 46, "question": "Voluntary additional information", "validator": "anything", "survey": 4, "help_text": "Please use this space to provide any additional information", "identifier": "1G"}}, {"pk": 114, "model": "scorecard_processor.question", "fields": {"widget": "yes_no_choice", "group": 47, "question": "Did the National Health Sector Strategy (or equivalent) include current targets and budgets?", "validator": "anything", "survey": 4, "help_text": null, "identifier": "2"}}, {"pk": 115, "model": "scorecard_processor.question", "fields": {"widget": "yes_no_choice", "group": 47, "question": "Was the National Health Sector Strategy jointly assessed? ", "validator": "anything", "survey": 4, "help_text": null, "identifier": "3"}}, {"pk": 116, "model": "scorecard_processor.question", "fields": {"widget": "textbox", "group": 47, "question": "Voluntary additional information", "validator": "anything", "survey": 4, "help_text": "Please use this space to provide any additional information", "identifier": "2Ga"}}, {"pk": 117, "model": "scorecard_processor.question", "fields": {"widget": "yes_no_choice", "group": 48, "question": "Was there a costed, comprehensive, evidence based HRH plan (that was integrated with the national health plan) that was being implemented or developed?", "validator": "anything", "survey": 4, "help_text": null, "identifier": "4"}}, {"pk": 118, "model": "scorecard_processor.question", "fields": {"widget": "textbox", "group": 48, "question": "Voluntary additional information", "validator": "anything", "survey": 4, "help_text": "Please use this space to provide any additional information", "identifier": "2Gb"}}, {"pk": 119, "model": "scorecard_processor.question", "fields": {"widget": "multi_currency", "group": 49, "question": "What was the value of the total public (domestic) contribution to the national budget (ie not including external funding)?", "validator": "anything", "survey": 4, "help_text": null, "identifier": "5"}}, {"pk": 120, "model": "scorecard_processor.question", "fields": {"widget": "multi_currency", "group": 49, "question": "What was the total value of public (domestic) funding allocated to health (ie not including external funding)?", "validator": "anything", "survey": 4, "help_text": null, "identifier": "6"}}, {"pk": 121, "model": "scorecard_processor.question", "fields": {"widget": "textbox", "group": 49, "question": "Voluntary additional information", "validator": "anything", "survey": 4, "help_text": "Please use this space to provide any additional information", "identifier": "3G"}}, {"pk": 122, "model": "scorecard_processor.question", "fields": {"widget": "multi_currency", "group": 50, "question": "What was the total value (including external/donor funding) of the approved annual budget for the health sector? ", "validator": "anything", "survey": 4, "help_text": null, "identifier": "7"}}, {"pk": 123, "model": "scorecard_processor.question", "fields": {"widget": "multi_currency", "group": 50, "question": "What was the total value of funding disbursed against the approved annual budget for the health sector?", "validator": "anything", "survey": 4, "help_text": null, "identifier": "8"}}, {"pk": 124, "model": "scorecard_processor.question", "fields": {"widget": "textbox", "group": 50, "question": "Voluntary additional information", "validator": "anything", "survey": 4, "help_text": "Please use this space to provide any additional information", "identifier": "4G"}}, {"pk": 125, "model": "scorecard_processor.question", "fields": {"widget": "rating_0_5_half", "group": 51, "question": "Please provide scores against the PFM/CPIA scale of performance. ", "validator": "anything", "survey": 4, "help_text": null, "identifier": "9"}}, {"pk": 126, "model": "scorecard_processor.question", "fields": {"widget": "textbox", "group": 51, "question": "Voluntary additional information", "validator": "anything", "survey": 4, "help_text": "Please use this space to provide any additional information", "identifier": "5Ga"}}, {"pk": 127, "model": "scorecard_processor.question", "fields": {"widget": "rating_0_5_half", "group": 52, "question": "Please provide the scores for the four point scale used to assess performance in the procurement sector for 2007 and 2009.", "validator": "anything", "survey": 4, "help_text": null, "identifier": "10"}}, {"pk": 128, "model": "scorecard_processor.question", "fields": {"widget": "textbox", "group": 52, "question": "Voluntary additional information", "validator": "anything", "survey": 4, "help_text": "Please use this space to provide any additional information", "identifier": "5Gb"}}, {"pk": 129, "model": "scorecard_processor.question", "fields": {"widget": "yes_no_choice", "group": 53, "question": "Was there a transparent and monitorable performance assessment framework in place to assess progress in the health sector", "validator": "anything", "survey": 4, "help_text": null, "identifier": "11"}}, {"pk": 130, "model": "scorecard_processor.question", "fields": {"widget": "textbox", "group": 53, "question": "Voluntary additional information", "validator": "anything", "survey": 4, "help_text": "Please use this space to provide any additional information", "identifier": "6G"}}, {"pk": 131, "model": "scorecard_processor.question", "fields": {"widget": "yes_no_choice", "group": 54, "question": "Did you undertake a mutual assessment[s] of progress in implementing health sector commitments including on aid effectiveness?", "validator": "anything", "survey": 4, "help_text": null, "identifier": "12"}}, {"pk": 132, "model": "scorecard_processor.question", "fields": {"widget": "textbox", "group": 54, "question": "Voluntary additional information", "validator": "anything", "survey": 4, "help_text": "Please use this space to provide any additional information", "identifier": "7G"}}, {"pk": 133, "model": "scorecard_processor.question", "fields": {"widget": "integer", "group": 55, "question": "What proportion of seats were allocated to civil society representatives on the health sector coordination mechanism? ", "validator": "anything", "survey": 4, "help_text": null, "identifier": "13"}}, {"pk": 134, "model": "scorecard_processor.question", "fields": {"widget": "textbox", "group": 55, "question": "Voluntary additional information", "validator": "anything", "survey": 4, "help_text": "Please use this space to provide any additional information", "identifier": "13+"}}, {"pk": 135, "model": "scorecard_processor.question", "fields": {"widget": "rep_types", "group": 55, "question": "Which of the following types of Civil Society organizations are represented in the health sector coordination mechanism? (please enter Yes (Y) in as many categories as appropriate).", "validator": "anything", "survey": 4, "help_text": null, "identifier": "14"}}, {"pk": 136, "model": "scorecard_processor.question", "fields": {"widget": "textbox", "group": 55, "question": "Voluntary additional information", "validator": "anything", "survey": 4, "help_text": "Please use this space to provide any additional information", "identifier": "14+"}}, {"pk": 137, "model": "scorecard_processor.question", "fields": {"widget": "cso_involved", "group": 55, "question": "At what points in the policy and planning process are CSOs routinely involved? (please enter Yes (Y) in as many categories as appropriate).", "validator": "anything", "survey": 4, "help_text": null, "identifier": "15"}}, {"pk": 138, "model": "scorecard_processor.question", "fields": {"widget": "textbox", "group": 55, "question": "Voluntary additional information", "validator": "anything", "survey": 4, "help_text": "Please use this space to provide any additional information", "identifier": "15+"}}, {"pk": 139, "model": "scorecard_processor.question", "fields": {"widget": "integer", "group": 56, "question": "What were the total number of Development Partner / Donor missions?", "validator": "anything", "survey": 4, "help_text": null, "identifier": "16"}}, {"pk": 140, "model": "scorecard_processor.question", "fields": {"widget": "textbox", "group": 56, "question": "Voluntary additional information", "validator": "anything", "survey": 4, "help_text": "Please use this space to provide any additional information", "identifier": "16+"}}, {"pk": 141, "model": "scorecard_processor.question", "fields": {"widget": "integer", "group": 56, "question": "How many development partners used a pooled funding mechanism (if it exists)? ", "validator": "anything", "survey": 4, "help_text": null, "identifier": "17"}}, {"pk": 142, "model": "scorecard_processor.question", "fields": {"widget": "textbox", "group": 56, "question": "Voluntary additional information", "validator": "anything", "survey": 4, "help_text": "Please use this space to provide any additional information", "identifier": "17+"}}, {"pk": 143, "model": "scorecard_processor.question", "fields": {"widget": "integer", "group": 56, "question": "How many skilled medical personnel were in service?", "validator": "anything", "survey": 4, "help_text": null, "identifier": "18"}}, {"pk": 144, "model": "scorecard_processor.question", "fields": {"widget": "textbox", "group": 56, "question": "Voluntary additional information", "validator": "anything", "survey": 4, "help_text": "Please use this space to provide any additional information", "identifier": "18+"}}, {"pk": 145, "model": "scorecard_processor.question", "fields": {"widget": "integer", "group": 56, "question": "Please enter the total population of your country.", "validator": "anything", "survey": 4, "help_text": null, "identifier": "19"}}, {"pk": 146, "model": "scorecard_processor.question", "fields": {"widget": "textbox", "group": 56, "question": "Voluntary additional information", "validator": "anything", "survey": 4, "help_text": "Please use this space to provide any additional information", "identifier": "19+"}}, {"pk": 147, "model": "scorecard_processor.question", "fields": {"widget": "integer", "group": 56, "question": "How many total outpatient department visits were there?", "validator": "anything", "survey": 4, "help_text": null, "identifier": "20"}}, {"pk": 148, "model": "scorecard_processor.question", "fields": {"widget": "textbox", "group": 56, "question": "Voluntary additional information", "validator": "anything", "survey": 4, "help_text": "Please use this space to provide any additional information", "identifier": "20+"}}, {"pk": 149, "model": "scorecard_processor.question", "fields": {"widget": "multi_currency", "group": 56, "question": "What was the total amount spent on the health workforce?", "validator": "anything", "survey": 4, "help_text": null, "identifier": "21"}}, {"pk": 150, "model": "scorecard_processor.question", "fields": {"widget": "textbox", "group": 56, "question": "Voluntary additional information", "validator": "anything", "survey": 4, "help_text": "Please use this space to provide any additional information", "identifier": "21+"}}, {"pk": 151, "model": "scorecard_processor.question", "fields": {"widget": "yes_no_choice", "group": 56, "question": "Does the HMIS provides timely, relevant and robust data on results? ", "validator": "anything", "survey": 4, "help_text": null, "identifier": "22"}}, {"pk": 152, "model": "scorecard_processor.question", "fields": {"widget": "textbox", "group": 56, "question": "Voluntary additional information", "validator": "anything", "survey": 4, "help_text": "Please use this space to provide any additional information", "identifier": "22+"}}, {"pk": 153, "model": "scorecard_processor.question", "fields": {"widget": "integer", "group": 56, "question": "How many Indicators are there in the National Results Framework?", "validator": "anything", "survey": 4, "help_text": null, "identifier": "23"}}, {"pk": 154, "model": "scorecard_processor.question", "fields": {"widget": "textbox", "group": 56, "question": "Voluntary additional information", "validator": "anything", "survey": 4, "help_text": "Please use this space to provide any additional information", "identifier": "23+"}}, {"pk": 155, "model": "scorecard_processor.question", "fields": {"widget": "integer", "group": 56, "question": "How many Indicators were actually tracked (eg to respond to requests from DPs for additional reporting)?", "validator": "anything", "survey": 4, "help_text": null, "identifier": "24"}}, {"pk": 156, "model": "scorecard_processor.question", "fields": {"widget": "textbox", "group": 56, "question": "Voluntary additional information", "validator": "anything", "survey": 4, "help_text": "Please use this space to provide any additional information", "identifier": "24+"}}, {"pk": 157, "model": "scorecard_processor.question", "fields": {"widget": "date", "group": 56, "question": "When was the date of the last Joint Annual Health Sector Review (JAR)? ", "validator": "anything", "survey": 4, "help_text": null, "identifier": "25"}}, {"pk": 158, "model": "scorecard_processor.question", "fields": {"widget": "textbox", "group": 56, "question": "Voluntary additional information", "validator": "anything", "survey": 4, "help_text": "Please use this space to provide any additional information", "identifier": "25+"}}, {"pk": 159, "model": "scorecard_processor.question", "fields": {"widget": "textbox", "group": 56, "question": "Please comment on the level of representation at the JAR?  ", "validator": "anything", "survey": 4, "help_text": null, "identifier": "26"}}, {"pk": 160, "model": "scorecard_processor.question", "fields": {"widget": "textbox", "group": 56, "question": "Please comment on the effectiveness of the JAR as an accountability mechanism ", "validator": "anything", "survey": 4, "help_text": null, "identifier": "27"}}, {"pk": 161, "model": "scorecard_processor.question", "fields": {"widget": "yes_no_choice", "group": 57, "question": "Have you signed the IHP+ Country Compact (or equivalent agreement)?", "validator": "anything", "survey": 3, "help_text": null, "identifier": "1"}}, {"pk": 162, "model": "scorecard_processor.question", "fields": {"widget": "textbox", "group": 57, "question": "Voluntary additional information", "validator": "anything", "survey": 3, "help_text": "Please use this space to provide any additional information", "identifier": "1DP"}}, {"pk": 163, "model": "scorecard_processor.question", "fields": {"widget": "multi_currency", "group": 58, "question": "What value of health sector aid for the government sector did you disburse?  ", "validator": "anything", "survey": 3, "help_text": null, "identifier": "2"}}, {"pk": 164, "model": "scorecard_processor.question", "fields": {"widget": "multi_currency", "group": 58, "question": "What value of this was reported on national health sector budgets?", "validator": "anything", "survey": 3, "help_text": null, "identifier": "3"}}, {"pk": 165, "model": "scorecard_processor.question", "fields": {"widget": "textbox", "group": 58, "question": "Voluntary additional information", "validator": "anything", "survey": 3, "help_text": "Please use this space to provide any additional information", "identifier": "2DPa"}}, {"pk": 166, "model": "scorecard_processor.question", "fields": {"widget": "multi_currency", "group": 59, "question": "What value of technical cooperation for health did you disburse?", "validator": "anything", "survey": 3, "help_text": null, "identifier": "4"}}, {"pk": 167, "model": "scorecard_processor.question", "fields": {"widget": "multi_currency", "group": 59, "question": "What value of this did you disburse through coordinated programmes that are consistent with national plans/strategies for the health sector?", "validator": "anything", "survey": 3, "help_text": null, "identifier": "5"}}, {"pk": 168, "model": "scorecard_processor.question", "fields": {"widget": "textbox", "group": 59, "question": "Voluntary additional information", "validator": "anything", "survey": 3, "help_text": "Please use this space to provide any additional information", "identifier": "2DPb"}}, {"pk": 169, "model": "scorecard_processor.question", "fields": {"widget": "multi_currency", "group": 60, "question": "What value of health sector aid  did you disburse at country level? ", "validator": "anything", "survey": 3, "help_text": null, "identifier": "6"}}, {"pk": 170, "model": "scorecard_processor.question", "fields": {"widget": "multi_currency", "group": 60, "question": "What value of health sector aid did you disburse in support of initiatives adopting programme-based approaches?", "validator": "anything", "survey": 3, "help_text": null, "identifier": "7"}}, {"pk": 171, "model": "scorecard_processor.question", "fields": {"widget": "textbox", "group": 60, "question": "Voluntary additional information", "validator": "anything", "survey": 3, "help_text": "Please use this space to provide any additional information", "identifier": "2DPc"}}, {"pk": 172, "model": "scorecard_processor.question", "fields": {"widget": "multi_currency", "group": 61, "question": "What value of the health sector aid (Q6) that you disbursed was provided through multi-year commitments (at least 3 years)? ", "validator": "anything", "survey": 3, "help_text": null, "identifier": "8"}}, {"pk": 173, "model": "scorecard_processor.question", "fields": {"widget": "textbox", "group": 61, "question": "Voluntary additional information", "validator": "anything", "survey": 3, "help_text": "Please use this space to provide any additional information", "identifier": "3DP"}}, {"pk": 174, "model": "scorecard_processor.question", "fields": {"widget": "multi_currency", "group": 62, "question": "What value of health sector aid (Q6) did you plan to disburse at country level?", "validator": "anything", "survey": 3, "help_text": null, "identifier": "9"}}, {"pk": 175, "model": "scorecard_processor.question", "fields": {"widget": "textbox", "group": 62, "question": "Voluntary additional information", "validator": "anything", "survey": 3, "help_text": "Please use this space to provide any additional information", "identifier": "4DP"}}, {"pk": 176, "model": "scorecard_processor.question", "fields": {"widget": "multi_currency", "group": 63, "question": "What value of health sector aid for procurement was disbursed? ", "validator": "anything", "survey": 3, "help_text": null, "identifier": "10"}}, {"pk": 177, "model": "scorecard_processor.question", "fields": {"widget": "multi_currency", "group": 63, "question": "What value of this used national procurement systems ?", "validator": "anything", "survey": 3, "help_text": null, "identifier": "11"}}, {"pk": 178, "model": "scorecard_processor.question", "fields": {"widget": "textbox", "group": 63, "question": "Voluntary additional information", "validator": "anything", "survey": 3, "help_text": "Please use this space to provide any additional information", "identifier": "5DPa"}}, {"pk": 179, "model": "scorecard_processor.question", "fields": {"widget": "multi_currency", "group": 64, "question": "What value of health sector aid for the government sector (Q2) used national public financial management systems? ", "validator": "anything", "survey": 3, "help_text": null, "identifier": "12"}}, {"pk": 180, "model": "scorecard_processor.question", "fields": {"widget": "textbox", "group": 64, "question": "Voluntary additional information", "validator": "anything", "survey": 3, "help_text": "Please use this space to provide any additional information", "identifier": "5DPb"}}, {"pk": 181, "model": "scorecard_processor.question", "fields": {"widget": "integer", "group": 65, "question": "How many parallel project implementation units did you make use of in the provision of health sector aid for the government sector?", "validator": "anything", "survey": 3, "help_text": null, "identifier": "13"}}, {"pk": 182, "model": "scorecard_processor.question", "fields": {"widget": "textbox", "group": 65, "question": "Voluntary additional information", "validator": "anything", "survey": 3, "help_text": "Please use this space to provide any additional information", "identifier": "5DPc"}}, {"pk": 183, "model": "scorecard_processor.question", "fields": {"widget": "yes_no_choice", "group": 66, "question": "Did you routinely use a single national performance assessment framework as the primary basis to assess progress in your country? ", "validator": "anything", "survey": 3, "help_text": null, "identifier": "14"}}, {"pk": 184, "model": "scorecard_processor.question", "fields": {"widget": "textbox", "group": 66, "question": "Voluntary additional information", "validator": "anything", "survey": 3, "help_text": "Please use this space to provide any additional information", "identifier": "6DP"}}, {"pk": 185, "model": "scorecard_processor.question", "fields": {"widget": "yes_no_choice", "group": 67, "question": "Did you undertake a mutual assessment(s) of progress in implementing health sector commitments, including on aid effectiveness? ", "validator": "anything", "survey": 3, "help_text": null, "identifier": "15"}}, {"pk": 186, "model": "scorecard_processor.question", "fields": {"widget": "textbox", "group": 67, "question": "Voluntary additional information", "validator": "anything", "survey": 3, "help_text": "Please use this space to provide any additional information", "identifier": "7DP"}}, {"pk": 187, "model": "scorecard_processor.question", "fields": {"widget": "aid_types", "group": 68, "question": "What support, if any, did you provide to civil society organisations to enable them to participate in health sector policy processes - including health sector planning, coordination and review mechanisms? (please enter Yes (Y) in as many categories as appropriate).", "validator": "anything", "survey": 3, "help_text": null, "identifier": "16"}}, {"pk": 188, "model": "scorecard_processor.question", "fields": {"widget": "textbox", "group": 68, "question": "Voluntary additional information", "validator": "anything", "survey": 3, "help_text": "Please use this space to provide any additional information", "identifier": "8DP"}}, {"pk": 189, "model": "scorecard_processor.question", "fields": {"widget": "multi_currency", "group": 69, "question": "What value of general budget support did you disburse?", "validator": "anything", "survey": 3, "help_text": null, "identifier": "17"}}, {"pk": 190, "model": "scorecard_processor.question", "fields": {"widget": "multi_currency", "group": 69, "question": "What value of sector budget support did you disburse?", "validator": "anything", "survey": 3, "help_text": null, "identifier": "18"}}, {"pk": 191, "model": "scorecard_processor.question", "fields": {"widget": "textbox", "group": 69, "question": "Voluntary additional information", "validator": "anything", "survey": 3, "help_text": "Please use this space to provide any additional information", "identifier": "General"}}, {"pk": 6, "model": "scorecard_processor.question", "fields": {"widget": "fixed_currency", "group": 3, "question": "How much technical cooperation for health did you disburse ($USD) in calendar year 2007 and 2009?", "validator": "anything", "survey": 1, "help_text": null, "identifier": "4"}}, {"pk": 7, "model": "scorecard_processor.question", "fields": {"widget": "fixed_currency", "group": 3, "question": "How much technical cooperation for health did you disburse through coordinated programmes that are consistent with national plans/strategies for the health sector?", "validator": "anything", "survey": 1, "help_text": null, "identifier": "5"}}, {"pk": 8, "model": "scorecard_processor.question", "fields": {"widget": "textbox", "group": 3, "question": "Supplemental information", "validator": "anything", "survey": 1, "help_text": " Please provide details of the specific actions/support that you are providing in this area.                                                               If you have not met the agreed target (see target column), please provide an explanation of the circumstances.", "identifier": "5_sup"}}, {"pk": 43, "model": "scorecard_processor.question", "fields": {"widget": "yes_no_na_choice", "group": 17, "question": "Is there a costed, comprehensive, evidence based HRH plan (that is integrated with the national health plan) that is being implemented or developed?", "validator": "anything", "survey": 2, "help_text": null, "identifier": "4"}}, {"pk": 44, "model": "scorecard_processor.question", "fields": {"widget": "textbox", "group": 17, "question": "Supplemental information", "validator": "anything", "survey": 2, "help_text": "If yes, please provide details of the plan, including its title and the period which it covers, and details on how its been implemented.                             If not, please provide an explanation of the circumstances   ", "identifier": "4_sup"}}, {"pk": 9, "model": "scorecard_processor.question", "fields": {"widget": "fixed_currency", "group": 4, "question": "How much health sector aid ($USD) did you disburse at country level in calendar years 2007 and 2009? ", "validator": "anything", "survey": 1, "help_text": null, "identifier": "6"}}, {"pk": 10, "model": "scorecard_processor.question", "fields": {"widget": "fixed_currency", "group": 4, "question": "How much health sector aid did you disburse in support of initiatives adopting programme-based aproaches in calendar years 2007 and 2009?", "validator": "anything", "survey": 1, "help_text": null, "identifier": "7"}}, {"pk": 11, "model": "scorecard_processor.question", "fields": {"widget": "textbox", "group": 4, "question": "Supplemental information", "validator": "anything", "survey": 1, "help_text": " Please provide details of the specific actions/support that you are providing in this area.                                                               If you have not met the agreed target (see target column), please provide an explanation of the circumstances.", "identifier": "7_sup"}}, {"pk": 45, "model": "scorecard_processor.question", "fields": {"widget": "fixed_currency", "group": 18, "question": "What was the total amount of public funding/national budget in $USD?", "validator": "anything", "survey": 2, "help_text": null, "identifier": "5"}}, {"pk": 46, "model": "scorecard_processor.question", "fields": {"widget": "fixed_currency", "group": 18, "question": "What was the total amount of public funding allocated to health in $USD?", "validator": "anything", "survey": 2, "help_text": null, "identifier": "6"}}, {"pk": 47, "model": "scorecard_processor.question", "fields": {"widget": "textbox", "group": 18, "question": "Supplemental information", "validator": "anything", "survey": 2, "help_text": "Please provide details of the specific actions/support that you are providing in this area;                                                               If you have not met the agreed target (see target column), please provide an explanation of the circumstances.", "identifier": "6_sup"}}, {"pk": 12, "model": "scorecard_processor.question", "fields": {"widget": "fixed_currency", "group": 5, "question": "How much health sector aid ($USD) did you disburse at country level in calendar years 2007 and 2009?", "validator": "anything", "survey": 1, "help_text": null, "identifier": "8"}}, {"pk": 13, "model": "scorecard_processor.question", "fields": {"widget": "fixed_currency", "group": 5, "question": "How much of this was provided through multi-year commitments (at least 3 years)? ", "validator": "anything", "survey": 1, "help_text": null, "identifier": "9"}}, {"pk": 14, "model": "scorecard_processor.question", "fields": {"widget": "textbox", "group": 5, "question": "Supplemental information", "validator": "anything", "survey": 1, "help_text": " Has your agency published a target (that differs from 90%) for the percent of health sector aid provided through multi-year commitments?  If so, please confirm that target and show where it was published.                                                                   Please provide details of the specific actions/support that you are providing in this area.                                                               If you have not met the agreed target (see target column), please provide an explanation of the circumstances.", "identifier": "9_sup"}}, {"pk": 48, "model": "scorecard_processor.question", "fields": {"widget": "fixed_currency", "group": 19, "question": "What was the total amount ($USD) of the approved annual budget for the health sector? ", "validator": "anything", "survey": 2, "help_text": null, "identifier": "7"}}, {"pk": 49, "model": "scorecard_processor.question", "fields": {"widget": "fixed_currency", "group": 19, "question": "What was the total amount ($USD) of funding disbursed against the approved annual budget for the health sector?", "validator": "anything", "survey": 2, "help_text": null, "identifier": "8"}}, {"pk": 50, "model": "scorecard_processor.question", "fields": {"widget": "textbox", "group": 19, "question": "Supplemental information", "validator": "anything", "survey": 2, "help_text": "Please provide details of the specific actions/support that you are providing in this area;                                                               If you have not met the agreed target (see target column), please provide an explanation of the circumstances.", "identifier": "8_sup"}}, {"pk": 15, "model": "scorecard_processor.question", "fields": {"widget": "fixed_currency", "group": 6, "question": "In calendar years 2007 and 2009, how much health sector aid did you disburse at the country level?", "validator": "anything", "survey": 1, "help_text": null, "identifier": "10"}}, {"pk": 16, "model": "scorecard_processor.question", "fields": {"widget": "fixed_currency", "group": 6, "question": "How much health sector aid did you disburse within the year for which it was scheduled?", "validator": "anything", "survey": 1, "help_text": null, "identifier": "11"}}, {"pk": 17, "model": "scorecard_processor.question", "fields": {"widget": "textbox", "group": 6, "question": "Supplemental information", "validator": "anything", "survey": 1, "help_text": " Please provide details of the specific actions/support that you are providing in this area.                                                               If you have not met the agreed target (see target column), please provide an explanation of the circumstances.", "identifier": "11_sup"}}, {"pk": 51, "model": "scorecard_processor.question", "fields": {"widget": "rating_0_5_half", "group": 20, "question": "Please provide scores against the PFM/CPIA scale of performance. ", "validator": "anything", "survey": 2, "help_text": null, "identifier": "9"}}, {"pk": 52, "model": "scorecard_processor.question", "fields": {"widget": "textbox", "group": 20, "question": "Supplemental information", "validator": "anything", "survey": 2, "help_text": "NB:  The \"Guide to Key Terms & Definitions\" provides data for PFM/CPIA scores.  IHP+Results will use this data.  Please include any comments on those scores, with answers to the following questsions, in the column \"Answers & additional information\":                  If PFM/CPIA score is below 3.5, are there reform programmes in place to strengthen thes?                                                                       Please provide details of the specific actions/support that you are providing in this area.                                                               If you have not met the agreed target (see target column), please provide an explanation of the circumstances.", "identifier": "9_sup"}}, {"pk": 18, "model": "scorecard_processor.question", "fields": {"widget": "fixed_currency", "group": 7, "question": "How much health sector aid for procurement was disbursed in 2007 and 2009? ", "validator": "anything", "survey": 1, "help_text": null, "identifier": "12"}}, {"pk": 19, "model": "scorecard_processor.question", "fields": {"widget": "fixed_currency", "group": 7, "question": "In calendar years 2007 and 2009, how much of this used national procurement systems ?", "validator": "anything", "survey": 1, "help_text": null, "identifier": "13"}}, {"pk": 20, "model": "scorecard_processor.question", "fields": {"widget": "textbox", "group": 7, "question": "Supplemental information", "validator": "anything", "survey": 1, "help_text": "Please provide details of the specific actions/support that you are providing in this area.                                                              If you have not met the agreed target (see target column), please provide an explanation of the circumstances.                                    If you are not using national procurement systems, please explain why and what you are doing to strengthen them?", "identifier": "13_sup"}}, {"pk": 53, "model": "scorecard_processor.question", "fields": {"widget": "rating_0_5_half", "group": 21, "question": "Please provide the scores for the four point scale used to assess performance in the procurement sector for 2007 and 2009.", "validator": "anything", "survey": 2, "help_text": null, "identifier": "10"}}, {"pk": 54, "model": "scorecard_processor.question", "fields": {"widget": "textbox", "group": 21, "question": "Supplemental information", "validator": "anything", "survey": 2, "help_text": "NB:  The \"Guide to Key Terms & Definitions\" provides available data for \"four point scale\".  IHP+Results will use this data.  Please include any comments on this data, with answers to the following questsions, in the column \"Answers & additional information\":If this data is not available, please provide details on how procurement systems adhere to broadly accepted good practices.                                                           If procurement systems do not adhere to broadly accepted good practices, are there reform programmes in place to strengthen these?                                                                Please provide details of the specific actions/support that you are providing in this area;                                                               If you have not met the agreed target (see target column), please provide an explanation of the circumstances.", "identifier": "10_sup"}}, {"pk": 21, "model": "scorecard_processor.question", "fields": {"widget": "fixed_currency", "group": 8, "question": "How much health sector aid for the government sector  was disbursed in 2007 and 2009? ", "validator": "anything", "survey": 1, "help_text": null, "identifier": "14"}}, {"pk": 22, "model": "scorecard_processor.question", "fields": {"widget": "fixed_currency", "group": 8, "question": "How much of this used national public financial management systems in 2007 and 2009? ", "validator": "anything", "survey": 1, "help_text": null, "identifier": "15"}}, {"pk": 23, "model": "scorecard_processor.question", "fields": {"widget": "textbox", "group": 8, "question": "Supplemental information", "validator": "anything", "survey": 1, "help_text": " Please provide details of the specific actions/support that you are providing in this area.                                                               If you have not met the agreed target (see target column), please provide an explanation of the circumstances.                                   >If you are not using national PFM systems (budget execution, financial reporting procedures, national auditing procedures), please explain why and what you are doing to help strengthen them?", "identifier": "15_sup"}}, {"pk": 55, "model": "scorecard_processor.question", "fields": {"widget": "yes_no_na_choice", "group": 22, "question": "Is there a transparent and monitorable performance assessment framework which is in place to assess progress in the health sector", "validator": "anything", "survey": 2, "help_text": null, "identifier": "11"}}, {"pk": 56, "model": "scorecard_processor.question", "fields": {"widget": "textbox", "group": 22, "question": "Supplemental information", "validator": "anything", "survey": 2, "help_text": "Please provide details of the specific actions/support that you are providing in this area.                                                             If you have not met the agreed target (see target column), please provide an explanation about the circumstances.", "identifier": "11_sup"}}, {"pk": 24, "model": "scorecard_processor.question", "fields": {"widget": "integer", "group": 9, "question": "How many parallel project implementation units did you make use of in the provision of health sector aid for the government sector 2007 and 2009?", "validator": "anything", "survey": 1, "help_text": null, "identifier": "16"}}, {"pk": 25, "model": "scorecard_processor.question", "fields": {"widget": "textbox", "group": 9, "question": "Supplemental information", "validator": "anything", "survey": 1, "help_text": " If you have not met the agreed target (see target column), please provide an explanation of the circumstances.                                                    If you are using PIUs please comment on the trend in use, and plans to reduce the stock of PIUs.  ", "identifier": "16_sup"}}, {"pk": 57, "model": "scorecard_processor.question", "fields": {"widget": "yes_no_na_choice", "group": 23, "question": "Did you undertake a mutual assessment[s] of progress in implementing health sector commitments including on aid effectiveness?", "validator": "anything", "survey": 2, "help_text": null, "identifier": "12"}}, {"pk": 58, "model": "scorecard_processor.question", "fields": {"widget": "textbox", "group": 23, "question": "Supplemental information", "validator": "anything", "survey": 2, "help_text": "If such a mechanism is not in place please provide details on your efforts to ensure such mechanisms are being introduced in the future, including how it will monitor aid effectiveness.                                                                     Please provide details of the specific actions/support that you are providing in this area.                                                               If you have not met the agreed target (see target column), please provide an explanation of the circumstances.", "identifier": "12_sup"}}, {"pk": 26, "model": "scorecard_processor.question", "fields": {"widget": "yes_no_na_choice", "group": 10, "question": "Did you routinely use a single national performance assessment framework as the primary basis to assess progress in your country? ", "validator": "anything", "survey": 1, "help_text": null, "identifier": "17"}}, {"pk": 27, "model": "scorecard_processor.question", "fields": {"widget": "textbox", "group": 10, "question": "Supplemental information", "validator": "anything", "survey": 1, "help_text": " If you do not use a single national performance assessment framework please provide details on why, including details on your efforts to use such a framework in the future.", "identifier": "17_sup"}}, {"pk": 59, "model": "scorecard_processor.question", "fields": {"widget": "integer", "group": 24, "question": "How many seats were allocated to civil society representatives on the health sector coordination mechanism? ", "validator": "anything", "survey": 2, "help_text": null, "identifier": "13"}}, {"pk": 60, "model": "scorecard_processor.question", "fields": {"widget": "integer", "group": 24, "question": "What is the total number of seats on the health sector coordination mechanism?", "validator": "anything", "survey": 2, "help_text": null, "identifier": "14"}}, {"pk": 61, "model": "scorecard_processor.question", "fields": {"widget": "textbox", "group": 24, "question": "Supplemental information", "validator": "anything", "survey": 2, "help_text": "Please provide any additional details relating to this.                                                                        If you wish, please provide details of the specific actions/support that you are providing in this area.                                                               If you have not met the agreed target (see target column), please provide an explanation of the circumstances.", "identifier": "14_sup"}}, {"pk": 28, "model": "scorecard_processor.question", "fields": {"widget": "yes_no_na_choice", "group": 11, "question": "Did you undertake a mutual assessment(s) of progress in implementing health sector commitments, including on aid effectiveness? ", "validator": "anything", "survey": 1, "help_text": null, "identifier": "18"}}, {"pk": 29, "model": "scorecard_processor.question", "fields": {"widget": "textbox", "group": 11, "question": "Please comment on the effectiveness of the JAR as an accountability mechanism. ", "validator": "anything", "survey": 1, "help_text": "", "identifier": "19"}}, {"pk": 30, "model": "scorecard_processor.question", "fields": {"widget": "textbox", "group": 11, "question": "Supplemental information", "validator": "anything", "survey": 1, "help_text": "< If such a mechanism is not in place please provide details on your efforts to ensure such a mechanism is in place in the future, including how it will monitor aid effectiveness.          <If you have undertaken a mutual assessment, please provide details on how you participated in this mechanism.", "identifier": "18_sup"}}, {"pk": 31, "model": "scorecard_processor.question", "fields": {"widget": "textbox", "group": 11, "question": "Supplemental information", "validator": "anything", "survey": 1, "help_text": " Please provide an assessment of the strengths and weaknesses of the JAR to to monitor health sector aid effectiveness commitments.                                                               What needs to be done to strengthen the JAR as an accountability mechanism?", "identifier": "19_sup"}}, {"pk": 62, "model": "scorecard_processor.question", "fields": {"widget": "integer", "group": 25, "question": "What were the total number of Development Partner / Donor missions in 2007 and 2009?", "validator": "anything", "survey": 2, "help_text": null, "identifier": "15"}}, {"pk": 63, "model": "scorecard_processor.question", "fields": {"widget": "textbox", "group": 25, "question": "Supplemental information", "validator": "anything", "survey": 2, "help_text": "Please comment on the extent to which these have been conducted jointly by Development Partners.", "identifier": "15_sup"}}, {"pk": 32, "model": "scorecard_processor.question", "fields": {"widget": "integer", "group": 12, "question": "What support, if any, did you provide to civil society organisations to enable them to participate in health sector policy processes - including health sector planning, coordination and review mechanisms? ", "validator": "anything", "survey": 1, "help_text": null, "identifier": "20"}}, {"pk": 64, "model": "scorecard_processor.question", "fields": {"widget": "integer", "group": 26, "question": "How many development partners used a pooled funding mechanism (if it exists)? ", "validator": "anything", "survey": 2, "help_text": null, "identifier": "16"}}, {"pk": 65, "model": "scorecard_processor.question", "fields": {"widget": "textbox", "group": 26, "question": "Supplemental information", "validator": "anything", "survey": 2, "help_text": "Please name the development partner(s) who used a pooled funding mechanism.", "identifier": "16_sup"}}, {"pk": 33, "model": "scorecard_processor.question", "fields": {"widget": "fixed_currency", "group": 13, "question": "How much health sector aid ($USD) did you disburse through other donors (ie. health sector aid that is not captured in your response to Q2 above) at country level in 2007 and 2009?", "validator": "anything", "survey": 1, "help_text": null, "identifier": "21"}}, {"pk": 34, "model": "scorecard_processor.question", "fields": {"widget": "textbox", "group": 13, "question": "Supplemental information", "validator": "anything", "survey": 1, "help_text": "If you provided this kind of support, please provide further details, including amounts and donors that you disbursed to.", "identifier": "21_sup"}}, {"pk": 66, "model": "scorecard_processor.question", "fields": {"widget": "integer", "group": 27, "question": "How many skilled medical personnel were there in 2007 and 2009?", "validator": "anything", "survey": 2, "help_text": null, "identifier": "17"}}, {"pk": 67, "model": "scorecard_processor.question", "fields": {"widget": "integer", "group": 27, "question": "What was the total population in 2007 and 2009?", "validator": "anything", "survey": 2, "help_text": null, "identifier": "18"}}, {"pk": 68, "model": "scorecard_processor.question", "fields": {"widget": "textbox", "group": 27, "question": "Supplemental information", "validator": "anything", "survey": 2, "help_text": "Is the availability of skilled medical personnel sufficient?                                   Does it meet national targets, if these exist?                                       What are the obstacles to improving the availability of skiller health workers?", "identifier": "18_sup"}}, {"pk": 35, "model": "scorecard_processor.question", "fields": {"widget": "fixed_currency", "group": 14, "question": "How much general budget support ($USD) did you disburse in 2007 and 2009?", "validator": "anything", "survey": 1, "help_text": null, "identifier": "22"}}, {"pk": 36, "model": "scorecard_processor.question", "fields": {"widget": "fixed_currency", "group": 14, "question": "How much sector budget support did you disburse in 2007 and 2009?", "validator": "anything", "survey": 1, "help_text": null, "identifier": "23"}}, {"pk": 69, "model": "scorecard_processor.question", "fields": {"widget": "integer", "group": 28, "question": "How many total outpatient department visits were there in 2007 and 2009?", "validator": "anything", "survey": 2, "help_text": null, "identifier": "19"}}, {"pk": 70, "model": "scorecard_processor.question", "fields": {"widget": "textbox", "group": 28, "question": "Supplemental information", "validator": "anything", "survey": 2, "help_text": "How does this relate to national targets, if these exist?", "identifier": "19_sup"}}, {"pk": 71, "model": "scorecard_processor.question", "fields": {"widget": "fixed_currency", "group": 29, "question": "What was the total amount ($USD) spent on the health workforce in 2007 and 2009?", "validator": "anything", "survey": 2, "help_text": null, "identifier": "20"}}, {"pk": 72, "model": "scorecard_processor.question", "fields": {"widget": "textbox", "group": 29, "question": "Supplemental information", "validator": "anything", "survey": 2, "help_text": "How does this relate to national targets (if these exist), or projected need?", "identifier": "20_sup"}}, {"pk": 73, "model": "scorecard_processor.question", "fields": {"widget": "yes_no_na_choice", "group": 30, "question": "Does the HMIS provides timely, relevant and robust data on results (see supplementary questions)? ", "validator": "anything", "survey": 2, "help_text": null, "identifier": "21"}}, {"pk": 74, "model": "scorecard_processor.question", "fields": {"widget": "textbox", "group": 30, "question": "Supplemental information", "validator": "anything", "survey": 2, "help_text": "What year is the latest available  data from?                                           By what date (year and month) was the data available?                                            What % of hospitals and health centres provided data?", "identifier": "21_sup"}}, {"pk": 75, "model": "scorecard_processor.question", "fields": {"widget": "integer", "group": 31, "question": "How many Indicators are there in the National Results Framework?", "validator": "anything", "survey": 2, "help_text": null, "identifier": "22"}}, {"pk": 76, "model": "scorecard_processor.question", "fields": {"widget": "integer", "group": 31, "question": "How many Indicators were actually tracked (eg to respond to requests from DPs for additional reporting)?", "validator": "anything", "survey": 2, "help_text": null, "identifier": "23"}}, {"pk": 77, "model": "scorecard_processor.question", "fields": {"widget": "textbox", "group": 31, "question": "Supplemental information", "validator": "anything", "survey": 2, "help_text": "Did development partners request that additional indicators were tracked (in addition to those included in the national results framework)?                                              If so, which development partners and how many indicators?", "identifier": "23_sup"}}, {"pk": 78, "model": "scorecard_processor.question", "fields": {"widget": "date", "group": 32, "question": "When was the date of the last Joint Annual Health Sector Review (JAR)? ", "validator": "anything", "survey": 2, "help_text": null, "identifier": "24"}}, {"pk": 79, "model": "scorecard_processor.question", "fields": {"widget": "text", "group": 32, "question": "Please comment on the level of representation at the JAR?  ", "validator": "anything", "survey": 2, "help_text": null, "identifier": "25"}}, {"pk": 80, "model": "scorecard_processor.question", "fields": {"widget": "text", "group": 32, "question": "Please comment on the effectiveness of the JAR as an accountability mechanism ", "validator": "anything", "survey": 2, "help_text": null, "identifier": "26"}}, {"pk": 1, "model": "scorecard_processor.questiontranslation", "fields": {"lang": "fr", "help_text": "merci d'utiliser cet espace pour plus de d\u00e9tails et le contexte", "parent_object": 162, "question": "Informations compl\u00e9mentaires volontaires"}}, {"pk": 2, "model": "scorecard_processor.questiontranslation", "fields": {"lang": "fr", "help_text": "merci d'utiliser cet espace pour plus de d\u00e9tails et le contexte", "parent_object": 165, "question": "Informations compl\u00e9mentaires volontaires"}}, {"pk": 3, "model": "scorecard_processor.questiontranslation", "fields": {"lang": "fr", "help_text": "merci d'utiliser cet espace pour plus de d\u00e9tails et le contexte", "parent_object": 168, "question": "Informations compl\u00e9mentaires volontaires"}}, {"pk": 4, "model": "scorecard_processor.questiontranslation", "fields": {"lang": "fr", "help_text": "merci d'utiliser cet espace pour plus de d\u00e9tails et le contexte", "parent_object": 171, "question": "Informations compl\u00e9mentaires volontaires"}}, {"pk": 5, "model": "scorecard_processor.questiontranslation", "fields": {"lang": "fr", "help_text": "merci d'utiliser cet espace pour plus de d\u00e9tails et le contexte", "parent_object": 173, "question": "Informations compl\u00e9mentaires volontaires"}}, {"pk": 6, "model": "scorecard_processor.questiontranslation", "fields": {"lang": "fr", "help_text": "merci d'utiliser cet espace pour plus de d\u00e9tails et le contexte", "parent_object": 175, "question": "Informations compl\u00e9mentaires volontaires"}}, {"pk": 7, "model": "scorecard_processor.questiontranslation", "fields": {"lang": "fr", "help_text": "merci d'utiliser cet espace pour plus de d\u00e9tails et le contexte", "parent_object": 178, "question": "Informations compl\u00e9mentaires volontaires"}}, {"pk": 8, "model": "scorecard_processor.questiontranslation", "fields": {"lang": "fr", "help_text": "merci d'utiliser cet espace pour plus de d\u00e9tails et le contexte", "parent_object": 180, "question": "Informations compl\u00e9mentaires volontaires"}}, {"pk": 9, "model": "scorecard_processor.questiontranslation", "fields": {"lang": "fr", "help_text": "merci d'utiliser cet espace pour plus de d\u00e9tails et le contexte", "parent_object": 182, "question": "Informations compl\u00e9mentaires volontaires"}}, {"pk": 10, "model": "scorecard_processor.questiontranslation", "fields": {"lang": "fr", "help_text": "merci d'utiliser cet espace pour plus de d\u00e9tails et le contexte", "parent_object": 184, "question": "Informations compl\u00e9mentaires volontaires"}}, {"pk": 11, "model": "scorecard_processor.questiontranslation", "fields": {"lang": "fr", "help_text": "merci d'utiliser cet espace pour plus de d\u00e9tails et le contexte", "parent_object": 186, "question": "Informations compl\u00e9mentaires volontaires"}}, {"pk": 12, "model": "scorecard_processor.questiontranslation", "fields": {"lang": "fr", "help_text": "merci d'utiliser cet espace pour plus de d\u00e9tails et le contexte", "parent_object": 188, "question": "Informations compl\u00e9mentaires volontaires"}}, {"pk": 13, "model": "scorecard_processor.questiontranslation", "fields": {"lang": "fr", "help_text": "merci d'utiliser cet espace pour plus de d\u00e9tails et le contexte", "parent_object": 191, "question": "Informations compl\u00e9mentaires volontaires"}}, {"pk": 14, "model": "scorecard_processor.questiontranslation", "fields": {"lang": "fr", "help_text": null, "parent_object": 161, "question": "Avez-vous sign\u00e9 le Pacte national de Partenariat  IHP+ (ou un accord \u00e9quivalent)? "}}, {"pk": 15, "model": "scorecard_processor.questiontranslation", "fields": {"lang": "fr", "help_text": null, "parent_object": 163, "question": "Quel montant de l'aide au secteur de la sant\u00e9 avez-vous d\u00e9pens\u00e9  pour le secteur gouvernemental?   "}}, {"pk": 16, "model": "scorecard_processor.questiontranslation", "fields": {"lang": "fr", "help_text": null, "parent_object": 164, "question": "Combien de cette somme a-t-elle \u00e9t\u00e9 rapport\u00e9e sur les budgets du secteur national de la sant\u00e9? "}}, {"pk": 17, "model": "scorecard_processor.questiontranslation", "fields": {"lang": "fr", "help_text": null, "parent_object": 166, "question": "Quel montant de la coop\u00e9ration technique pour la sant\u00e9 avez-vous d\u00e9pens\u00e9?  "}}, {"pk": 18, "model": "scorecard_processor.questiontranslation", "fields": {"lang": "fr", "help_text": null, "parent_object": 167, "question": "Combien de cette somme avez-vous d\u00e9pens\u00e9 \u00e0 travers des programmes coordonn\u00e9s qui sont coh\u00e9rents avec les plans/strat\u00e9gies nationaux du secteur de la sant\u00e9?  "}}, {"pk": 19, "model": "scorecard_processor.questiontranslation", "fields": {"lang": "fr", "help_text": null, "parent_object": 169, "question": "Quel montant de l'aide au secteur de la sant\u00e9 avez-vous d\u00e9pens\u00e9 au niveau national?"}}, {"pk": 20, "model": "scorecard_processor.questiontranslation", "fields": {"lang": "fr", "help_text": null, "parent_object": 170, "question": "Quel montant de l'aide au secteur de la sant\u00e9 avez-vous d\u00e9pens\u00e9 en soutien d'initiatives adoptant une approche programmatique?  "}}, {"pk": 21, "model": "scorecard_processor.questiontranslation", "fields": {"lang": "fr", "help_text": null, "parent_object": 172, "question": "Quel montant de l'aide au secteur de la sant\u00e9 que vous avez d\u00e9pens\u00e9  a \u00e9t\u00e9 fourni dans le carde d'engagements pluriannuels (au moins 3 ans)?"}}, {"pk": 54, "model": "scorecard_processor.questiontranslation", "fields": {"lang": "fr", "help_text": null, "parent_object": 112, "question": "Y a-t-il un Pacte national de Partenariat IHP+ (ou accord \u00e9quivalent) en place? "}}, {"pk": 22, "model": "scorecard_processor.questiontranslation", "fields": {"lang": "fr", "help_text": null, "parent_object": 174, "question": "Quel montant de l'aide au secteur de la sant\u00e9 avez-vous planifi\u00e9 de d\u00e9penser au niveau national? "}}, {"pk": 23, "model": "scorecard_processor.questiontranslation", "fields": {"lang": "fr", "help_text": null, "parent_object": 176, "question": "Quel montant de l'aide au secteur de la sant\u00e9 avez-vous d\u00e9pens\u00e9 pour l'approvisionnement?  "}}, {"pk": 24, "model": "scorecard_processor.questiontranslation", "fields": {"lang": "fr", "help_text": null, "parent_object": 177, "question": "Combien de cette somme a utilis\u00e9 les syst\u00e8mes nationaux d'approvisionnement?"}}, {"pk": 25, "model": "scorecard_processor.questiontranslation", "fields": {"lang": "fr", "help_text": null, "parent_object": 179, "question": "Quel montant de l'aide au secteur de la sant\u00e9 pour le secteur gouvernemental (Q2) a utilis\u00e9 les syst\u00e8mes de gestion des financements publics? "}}, {"pk": 26, "model": "scorecard_processor.questiontranslation", "fields": {"lang": "fr", "help_text": null, "parent_object": 181, "question": "Combien d'unit\u00e9s de mise en \u0153uvre de projets parall\u00e8les avez-vous utilis\u00e9es pour fournir l'aide au secteur de la sant\u00e9 pour le secteur gouvernemental? "}}, {"pk": 27, "model": "scorecard_processor.questiontranslation", "fields": {"lang": "fr", "help_text": null, "parent_object": 183, "question": "Avez-vous de mani\u00e8re habituelle utilis\u00e9 un unique cadre national  d'\u00e9valuation des performances comme base premi\u00e8re d'\u00e9valuation des progr\u00e8s dans votre pays?  "}}, {"pk": 28, "model": "scorecard_processor.questiontranslation", "fields": {"lang": "fr", "help_text": null, "parent_object": 185, "question": "Avez-vous entrepris des \u00e9valuations mutuelles des progr\u00e8s dans la mise en \u0153uvre des engagements dans le secteur de la sant\u00e9, y compris en ce qui concerne l'efficacit\u00e9 de l'aide? "}}, {"pk": 29, "model": "scorecard_processor.questiontranslation", "fields": {"lang": "fr", "help_text": null, "parent_object": 187, "question": "Quel soutien, s'il y en a eu, avez-vous fourni aux organisations de la soci\u00e9t\u00e9 civile afin de leur permettre de participer aux processus de politique - y compris la planification du secteur de la sant\u00e9, la coordination et les m\u00e9chanismes de r\u00e9vision ? Merci d'indiquer Oui (O) dans toutes les cat\u00e9gories ad\u00e9quates"}}, {"pk": 30, "model": "scorecard_processor.questiontranslation", "fields": {"lang": "fr", "help_text": null, "parent_object": 189, "question": "Quel montant du budget global de soutien avez-vous d\u00e9pens\u00e9?"}}, {"pk": 31, "model": "scorecard_processor.questiontranslation", "fields": {"lang": "fr", "help_text": null, "parent_object": 190, "question": "Quel montant du budget sectoriel de soutien avez-vous d\u00e9pens\u00e9? "}}, {"pk": 32, "model": "scorecard_processor.questiontranslation", "fields": {"lang": "fr", "help_text": "merci d'utiliser cet espace pour plus de d\u00e9tails et le contexte", "parent_object": 113, "question": "Informations compl\u00e9mentaires volontaires"}}, {"pk": 33, "model": "scorecard_processor.questiontranslation", "fields": {"lang": "fr", "help_text": "merci d'utiliser cet espace pour plus de d\u00e9tails et le contexte", "parent_object": 116, "question": "Informations compl\u00e9mentaires volontaires"}}, {"pk": 34, "model": "scorecard_processor.questiontranslation", "fields": {"lang": "fr", "help_text": "merci d'utiliser cet espace pour plus de d\u00e9tails et le contexte", "parent_object": 118, "question": "Informations compl\u00e9mentaires volontaires"}}, {"pk": 35, "model": "scorecard_processor.questiontranslation", "fields": {"lang": "fr", "help_text": "merci d'utiliser cet espace pour plus de d\u00e9tails et le contexte", "parent_object": 121, "question": "Informations compl\u00e9mentaires volontaires"}}, {"pk": 36, "model": "scorecard_processor.questiontranslation", "fields": {"lang": "fr", "help_text": "merci d'utiliser cet espace pour plus de d\u00e9tails et le contexte", "parent_object": 124, "question": "Informations compl\u00e9mentaires volontaires"}}, {"pk": 37, "model": "scorecard_processor.questiontranslation", "fields": {"lang": "fr", "help_text": "merci d'utiliser cet espace pour plus de d\u00e9tails et le contexte", "parent_object": 126, "question": "Informations compl\u00e9mentaires volontaires"}}, {"pk": 38, "model": "scorecard_processor.questiontranslation", "fields": {"lang": "fr", "help_text": "merci d'utiliser cet espace pour plus de d\u00e9tails et le contexte", "parent_object": 128, "question": "Informations compl\u00e9mentaires volontaires"}}, {"pk": 39, "model": "scorecard_processor.questiontranslation", "fields": {"lang": "fr", "help_text": "merci d'utiliser cet espace pour plus de d\u00e9tails et le contexte", "parent_object": 130, "question": "Informations compl\u00e9mentaires volontaires"}}, {"pk": 40, "model": "scorecard_processor.questiontranslation", "fields": {"lang": "fr", "help_text": "merci d'utiliser cet espace pour plus de d\u00e9tails et le contexte", "parent_object": 132, "question": "Informations compl\u00e9mentaires volontaires"}}, {"pk": 41, "model": "scorecard_processor.questiontranslation", "fields": {"lang": "fr", "help_text": "merci d'utiliser cet espace pour plus de d\u00e9tails et le contexte", "parent_object": 134, "question": "Informations compl\u00e9mentaires volontaires"}}, {"pk": 42, "model": "scorecard_processor.questiontranslation", "fields": {"lang": "fr", "help_text": "merci d'utiliser cet espace pour plus de d\u00e9tails et le contexte", "parent_object": 136, "question": "Informations compl\u00e9mentaires volontaires"}}, {"pk": 43, "model": "scorecard_processor.questiontranslation", "fields": {"lang": "fr", "help_text": "merci d'utiliser cet espace pour plus de d\u00e9tails et le contexte", "parent_object": 138, "question": "Informations compl\u00e9mentaires volontaires"}}, {"pk": 44, "model": "scorecard_processor.questiontranslation", "fields": {"lang": "fr", "help_text": "merci d'utiliser cet espace pour plus de d\u00e9tails et le contexte", "parent_object": 140, "question": "Informations compl\u00e9mentaires volontaires"}}, {"pk": 45, "model": "scorecard_processor.questiontranslation", "fields": {"lang": "fr", "help_text": "merci d'utiliser cet espace pour plus de d\u00e9tails et le contexte", "parent_object": 142, "question": "Informations compl\u00e9mentaires volontaires"}}, {"pk": 46, "model": "scorecard_processor.questiontranslation", "fields": {"lang": "fr", "help_text": "merci d'utiliser cet espace pour plus de d\u00e9tails et le contexte", "parent_object": 144, "question": "Informations compl\u00e9mentaires volontaires"}}, {"pk": 47, "model": "scorecard_processor.questiontranslation", "fields": {"lang": "fr", "help_text": "merci d'utiliser cet espace pour plus de d\u00e9tails et le contexte", "parent_object": 146, "question": "Informations compl\u00e9mentaires volontaires"}}, {"pk": 48, "model": "scorecard_processor.questiontranslation", "fields": {"lang": "fr", "help_text": "merci d'utiliser cet espace pour plus de d\u00e9tails et le contexte", "parent_object": 148, "question": "Informations compl\u00e9mentaires volontaires"}}, {"pk": 49, "model": "scorecard_processor.questiontranslation", "fields": {"lang": "fr", "help_text": "merci d'utiliser cet espace pour plus de d\u00e9tails et le contexte", "parent_object": 150, "question": "Informations compl\u00e9mentaires volontaires"}}, {"pk": 50, "model": "scorecard_processor.questiontranslation", "fields": {"lang": "fr", "help_text": "merci d'utiliser cet espace pour plus de d\u00e9tails et le contexte", "parent_object": 152, "question": "Informations compl\u00e9mentaires volontaires"}}, {"pk": 51, "model": "scorecard_processor.questiontranslation", "fields": {"lang": "fr", "help_text": "merci d'utiliser cet espace pour plus de d\u00e9tails et le contexte", "parent_object": 154, "question": "Informations compl\u00e9mentaires volontaires"}}, {"pk": 52, "model": "scorecard_processor.questiontranslation", "fields": {"lang": "fr", "help_text": "merci d'utiliser cet espace pour plus de d\u00e9tails et le contexte", "parent_object": 156, "question": "Informations compl\u00e9mentaires volontaires"}}, {"pk": 53, "model": "scorecard_processor.questiontranslation", "fields": {"lang": "fr", "help_text": "merci d'utiliser cet espace pour plus de d\u00e9tails et le contexte", "parent_object": 158, "question": "Informations compl\u00e9mentaires volontaires"}}, {"pk": 55, "model": "scorecard_processor.questiontranslation", "fields": {"lang": "fr", "help_text": null, "parent_object": 114, "question": "La strat\u00e9gie du secteur national de la sant\u00e9 (ou \u00e9quivalent) inclue-t-elle des objectifs et des budgets actuels?"}}, {"pk": 56, "model": "scorecard_processor.questiontranslation", "fields": {"lang": "fr", "help_text": null, "parent_object": 115, "question": "La strat\u00e9gie du secteur natinal de la sant\u00e9 a-t-elle \u00e9t\u00e9 \u00e9valu\u00e9e conjointement? "}}, {"pk": 57, "model": "scorecard_processor.questiontranslation", "fields": {"lang": "fr", "help_text": null, "parent_object": 117, "question": "Y a-t-il un plan des ressources humaines de la sant\u00e9 chiffr\u00e9, complet et fond\u00e9 sur des donn\u00e9es probantes (qui est int\u00e9gr\u00e9 dans le plan de sant\u00e9 national) en cours de mise en oeuvre ou de d\u00e9veloppement? "}}, {"pk": 58, "model": "scorecard_processor.questiontranslation", "fields": {"lang": "fr", "help_text": null, "parent_object": 119, "question": "Quel \u00e9tait le montant de la contribution publique (interne) au budget national (c.-\u00e0-d. sans compter les financements externes)?"}}, {"pk": 59, "model": "scorecard_processor.questiontranslation", "fields": {"lang": "fr", "help_text": null, "parent_object": 120, "question": "Quel \u00e9tait le montant total du financement public (interne) allou\u00e9 \u00e0 la sant\u00e9 (c.-\u00e0-d. sans compter les financements externes)?"}}, {"pk": 60, "model": "scorecard_processor.questiontranslation", "fields": {"lang": "fr", "help_text": null, "parent_object": 122, "question": "Quel \u00e9tait le montant total (y compris les financements externes) du budget annuel approuv\u00e9 pour le secteur de la sant\u00e9? "}}, {"pk": 61, "model": "scorecard_processor.questiontranslation", "fields": {"lang": "fr", "help_text": null, "parent_object": 123, "question": "Quel \u00e9tait le montant total du financement d\u00e9pens\u00e9 selon le budget annuel approuv\u00e9 pour le secteur de la sant\u00e9?"}}, {"pk": 62, "model": "scorecard_processor.questiontranslation", "fields": {"lang": "fr", "help_text": null, "parent_object": 125, "question": "Veuillez utiliser la colonne \"informations compl\u00e9mentaires volontaires\" pour apporter vos commentaires sur les donn\u00e9es GFP/EPIN fournies dans le document guide"}}, {"pk": 63, "model": "scorecard_processor.questiontranslation", "fields": {"lang": "fr", "help_text": null, "parent_object": 127, "question": "Veuillez utiliser la colonne \"informations compl\u00e9mentaires volontaires\" pour apporter vos commentaires sur les donn\u00e9es d'\u00e9valuation de l'approvisionnement fournies dans le document guide."}}, {"pk": 64, "model": "scorecard_processor.questiontranslation", "fields": {"lang": "fr", "help_text": null, "parent_object": 129, "question": "Y a-t-il un cadre d'\u00e9valuation transparent et contr\u00f4lable  en place afin d'\u00e9valuer les progr\u00e8s du secteur de la sant\u00e9?"}}, {"pk": 65, "model": "scorecard_processor.questiontranslation", "fields": {"lang": "fr", "help_text": null, "parent_object": 131, "question": "Avez-vous entrepris des \u00e9valuations mutuelles des progr\u00e8s dans la mise en \u0153uvre des engagements dans le secteur de la sant\u00e9, y compris en ce qui concerne l'efficacit\u00e9 de l'aide? "}}, {"pk": 66, "model": "scorecard_processor.questiontranslation", "fields": {"lang": "fr", "help_text": null, "parent_object": 133, "question": "Quelle proportion des si\u00e8ges du m\u00e9canisme de coordination du secteur de la sant\u00e9 a-t-elle \u00e9t\u00e9 attribu\u00e9e aux repr\u00e9sentants de la soci\u00e9t\u00e9 civile? "}}, {"pk": 67, "model": "scorecard_processor.questiontranslation", "fields": {"lang": "fr", "help_text": null, "parent_object": 135, "question": "Quels types d'organisations de la soci\u00e9t\u00e9 civile sont-ils repr\u00e9sent\u00e9s au sein du m\u00e9canisme de coordination du secteur de la sant\u00e9? Merci d'indiquer Oui (O) dans toutes les cat\u00e9gories ad\u00e9quates. "}}, {"pk": 68, "model": "scorecard_processor.questiontranslation", "fields": {"lang": "fr", "help_text": null, "parent_object": 137, "question": "A quels moments du processus de politique et de planification les organisations de la soci\u00e9t\u00e9 civile sont-elles habituellement impliqu\u00e9es? Merci d'indiquer Oui (O) dans toutes les cat\u00e9gories appropri\u00e9es "}}, {"pk": 69, "model": "scorecard_processor.questiontranslation", "fields": {"lang": "fr", "help_text": null, "parent_object": 139, "question": "Quel est le nombre total des partenaires de d\u00e9veloppement / missions de donateurs ? "}}, {"pk": 70, "model": "scorecard_processor.questiontranslation", "fields": {"lang": "fr", "help_text": null, "parent_object": 141, "question": "Combien de partenaires de d\u00e9veloppement ont utilis\u00e9 un m\u00e9canisme conjoint de financement (s'il y en a un)?"}}, {"pk": 71, "model": "scorecard_processor.questiontranslation", "fields": {"lang": "fr", "help_text": null, "parent_object": 143, "question": "Combien de personnel m\u00e9dical qualifi\u00e9 y avait-il en service? "}}, {"pk": 72, "model": "scorecard_processor.questiontranslation", "fields": {"lang": "fr", "help_text": null, "parent_object": 145, "question": "Veuillez indiquer la population totale de votre pays."}}, {"pk": 73, "model": "scorecard_processor.questiontranslation", "fields": {"lang": "fr", "help_text": null, "parent_object": 147, "question": "Combien y a-t-il eu de visites dans les services de sant\u00e9 ambulatoires ? "}}, {"pk": 74, "model": "scorecard_processor.questiontranslation", "fields": {"lang": "fr", "help_text": null, "parent_object": 149, "question": "Quel a \u00e9t\u00e9 le montant total d\u00e9pens\u00e9 pour la main d'\u0153uvre de sant\u00e9? "}}, {"pk": 75, "model": "scorecard_processor.questiontranslation", "fields": {"lang": "fr", "help_text": null, "parent_object": 151, "question": "Le service d'informatique m\u00e9dicale fournit-il des donn\u00e9es exactes, pertinentes et fiables sur les r\u00e9sultats?"}}, {"pk": 76, "model": "scorecard_processor.questiontranslation", "fields": {"lang": "fr", "help_text": null, "parent_object": 153, "question": "Combien y a-t-il d'indicateurs dans le Cadre national de R\u00e9sultats? "}}, {"pk": 77, "model": "scorecard_processor.questiontranslation", "fields": {"lang": "fr", "help_text": null, "parent_object": 155, "question": "Combien d'indicateurs ont r\u00e9ellement \u00e9t\u00e9 suivis (p.ex. pour r\u00e9ponde \u00e0 des demandes de compte-rendu suppl\u00e9mentaires des partenaires de d\u00e9veloppement)? "}}, {"pk": 78, "model": "scorecard_processor.questiontranslation", "fields": {"lang": "fr", "help_text": null, "parent_object": 157, "question": "Quelle \u00e9tait la date de la derni\u00e8re revue annuelle conjointe du secteur de sant\u00e9? "}}, {"pk": 79, "model": "scorecard_processor.questiontranslation", "fields": {"lang": "fr", "help_text": null, "parent_object": 159, "question": "Veuillez apporter des commentaires sur le niveau de repr\u00e9sentation lors des Revues annuelles conjointse du secteur de sant\u00e9?  "}}, {"pk": 80, "model": "scorecard_processor.questiontranslation", "fields": {"lang": "fr", "help_text": null, "parent_object": 160, "question": "Veuillez apporter des commentaires sur l'efficacit\u00e9 de ces Revues annuelles comme m\u00e9canisme de redevabilit\u00e9 "}}, {"pk": 7, "model": "scorecard_processor.responseset", "fields": {"submission_date": "2012-02-17 10:53:35", "last_response_id": 134, "data_series": [5, 22, 23], "editable": true, "entity": 14, "survey": 3, "last_update": "2012-02-23 19:24:59"}}, {"pk": 8, "model": "scorecard_processor.responseset", "fields": {"submission_date": "2012-02-17 10:53:35", "last_response_id": 133, "data_series": [32, 20, 23], "editable": true, "entity": 14, "survey": 3, "last_update": "2012-02-23 19:24:59"}}, {"pk": 463, "model": "scorecard_processor.responseset", "fields": {"submission_date": "2012-02-23 16:12:21", "last_response_id": null, "data_series": [32, 20, 19], "editable": false, "entity": 2, "survey": 3, "last_update": "2012-02-23 16:12:21"}}, {"pk": 462, "model": "scorecard_processor.responseset", "fields": {"submission_date": "2012-02-23 16:12:21", "last_response_id": null, "data_series": [32, 20, 18], "editable": false, "entity": 2, "survey": 3, "last_update": "2012-02-23 16:12:21"}}, {"pk": 461, "model": "scorecard_processor.responseset", "fields": {"submission_date": "2012-02-23 16:12:21", "last_response_id": null, "data_series": [32, 20, 17], "editable": false, "entity": 2, "survey": 3, "last_update": "2012-02-23 16:12:21"}}, {"pk": 460, "model": "scorecard_processor.responseset", "fields": {"submission_date": "2012-02-23 16:12:21", "last_response_id": null, "data_series": [32, 20, 12], "editable": false, "entity": 2, "survey": 3, "last_update": "2012-02-23 16:12:21"}}, {"pk": 454, "model": "scorecard_processor.responseset", "fields": {"submission_date": "2012-02-23 16:12:20", "last_response_id": null, "data_series": [32, 20, 18], "editable": false, "entity": 8, "survey": 3, "last_update": "2012-02-23 16:12:20"}}, {"pk": 453, "model": "scorecard_processor.responseset", "fields": {"submission_date": "2012-02-23 16:12:20", "last_response_id": null, "data_series": [32, 20, 17], "editable": false, "entity": 8, "survey": 3, "last_update": "2012-02-23 16:12:20"}}, {"pk": 452, "model": "scorecard_processor.responseset", "fields": {"submission_date": "2012-02-23 16:12:20", "last_response_id": null, "data_series": [32, 20, 16], "editable": false, "entity": 8, "survey": 3, "last_update": "2012-02-23 16:12:20"}}, {"pk": 451, "model": "scorecard_processor.responseset", "fields": {"submission_date": "2012-02-23 16:12:20", "last_response_id": null, "data_series": [32, 20, 18], "editable": false, "entity": 9, "survey": 3, "last_update": "2012-02-23 16:12:20"}}, {"pk": 450, "model": "scorecard_processor.responseset", "fields": {"submission_date": "2012-02-23 16:12:20", "last_response_id": null, "data_series": [32, 20, 17], "editable": false, "entity": 9, "survey": 3, "last_update": "2012-02-23 16:12:20"}}, {"pk": 449, "model": "scorecard_processor.responseset", "fields": {"submission_date": "2012-02-23 16:12:20", "last_response_id": null, "data_series": [32, 20, 16], "editable": false, "entity": 9, "survey": 3, "last_update": "2012-02-23 16:12:20"}}, {"pk": 447, "model": "scorecard_processor.responseset", "fields": {"submission_date": "2012-02-23 16:12:20", "last_response_id": null, "data_series": [32, 20, 3], "editable": false, "entity": 3, "survey": 3, "last_update": "2012-02-23 16:12:20"}}, {"pk": 448, "model": "scorecard_processor.responseset", "fields": {"submission_date": "2012-02-23 16:12:20", "last_response_id": null, "data_series": [32, 20, 14], "editable": false, "entity": 9, "survey": 3, "last_update": "2012-02-23 16:12:20"}}, {"pk": 459, "model": "scorecard_processor.responseset", "fields": {"submission_date": "2012-02-23 16:12:20", "last_response_id": null, "data_series": [32, 20, 13], "editable": false, "entity": 2, "survey": 3, "last_update": "2012-02-23 16:12:20"}}, {"pk": 458, "model": "scorecard_processor.responseset", "fields": {"submission_date": "2012-02-23 16:12:20", "last_response_id": null, "data_series": [32, 20, 14], "editable": false, "entity": 2, "survey": 3, "last_update": "2012-02-23 16:12:20"}}, {"pk": 457, "model": "scorecard_processor.responseset", "fields": {"submission_date": "2012-02-23 16:12:20", "last_response_id": null, "data_series": [32, 20, 3], "editable": false, "entity": 7, "survey": 3, "last_update": "2012-02-23 16:12:20"}}, {"pk": 456, "model": "scorecard_processor.responseset", "fields": {"submission_date": "2012-02-23 16:12:20", "last_response_id": null, "data_series": [32, 20, 18], "editable": false, "entity": 7, "survey": 3, "last_update": "2012-02-23 16:12:20"}}, {"pk": 455, "model": "scorecard_processor.responseset", "fields": {"submission_date": "2012-02-23 16:12:20", "last_response_id": null, "data_series": [32, 20, 19], "editable": false, "entity": 8, "survey": 3, "last_update": "2012-02-23 16:12:20"}}, {"pk": 438, "model": "scorecard_processor.responseset", "fields": {"submission_date": "2012-02-23 16:12:19", "last_response_id": null, "data_series": [32, 20, 16], "editable": false, "entity": 4, "survey": 3, "last_update": "2012-02-23 16:12:19"}}, {"pk": 446, "model": "scorecard_processor.responseset", "fields": {"submission_date": "2012-02-23 16:12:19", "last_response_id": null, "data_series": [32, 20, 18], "editable": false, "entity": 3, "survey": 3, "last_update": "2012-02-23 16:12:19"}}, {"pk": 445, "model": "scorecard_processor.responseset", "fields": {"submission_date": "2012-02-23 16:12:19", "last_response_id": null, "data_series": [32, 20, 12], "editable": false, "entity": 3, "survey": 3, "last_update": "2012-02-23 16:12:19"}}, {"pk": 444, "model": "scorecard_processor.responseset", "fields": {"submission_date": "2012-02-23 16:12:19", "last_response_id": null, "data_series": [32, 20, 13], "editable": false, "entity": 3, "survey": 3, "last_update": "2012-02-23 16:12:19"}}, {"pk": 443, "model": "scorecard_processor.responseset", "fields": {"submission_date": "2012-02-23 16:12:19", "last_response_id": null, "data_series": [32, 20, 3], "editable": false, "entity": 4, "survey": 3, "last_update": "2012-02-23 16:12:19"}}, {"pk": 442, "model": "scorecard_processor.responseset", "fields": {"submission_date": "2012-02-23 16:12:19", "last_response_id": null, "data_series": [32, 20, 19], "editable": false, "entity": 4, "survey": 3, "last_update": "2012-02-23 16:12:19"}}, {"pk": 441, "model": "scorecard_processor.responseset", "fields": {"submission_date": "2012-02-23 16:12:19", "last_response_id": null, "data_series": [32, 20, 11], "editable": false, "entity": 4, "survey": 3, "last_update": "2012-02-23 16:12:19"}}, {"pk": 440, "model": "scorecard_processor.responseset", "fields": {"submission_date": "2012-02-23 16:12:19", "last_response_id": null, "data_series": [32, 20, 18], "editable": false, "entity": 4, "survey": 3, "last_update": "2012-02-23 16:12:19"}}, {"pk": 439, "model": "scorecard_processor.responseset", "fields": {"submission_date": "2012-02-23 16:12:19", "last_response_id": null, "data_series": [32, 20, 17], "editable": false, "entity": 4, "survey": 3, "last_update": "2012-02-23 16:12:19"}}, {"pk": 437, "model": "scorecard_processor.responseset", "fields": {"submission_date": "2012-02-23 16:12:19", "last_response_id": null, "data_series": [32, 20, 15], "editable": false, "entity": 4, "survey": 3, "last_update": "2012-02-23 16:12:19"}}, {"pk": 436, "model": "scorecard_processor.responseset", "fields": {"submission_date": "2012-02-23 16:12:19", "last_response_id": null, "data_series": [32, 20, 12], "editable": false, "entity": 4, "survey": 3, "last_update": "2012-02-23 16:12:19"}}, {"pk": 435, "model": "scorecard_processor.responseset", "fields": {"submission_date": "2012-02-23 16:12:19", "last_response_id": null, "data_series": [32, 20, 13], "editable": false, "entity": 4, "survey": 3, "last_update": "2012-02-23 16:12:19"}}, {"pk": 434, "model": "scorecard_processor.responseset", "fields": {"submission_date": "2012-02-23 16:12:19", "last_response_id": null, "data_series": [32, 20, 14], "editable": false, "entity": 4, "survey": 3, "last_update": "2012-02-23 16:12:19"}}, {"pk": 433, "model": "scorecard_processor.responseset", "fields": {"submission_date": "2012-02-23 16:12:19", "last_response_id": null, "data_series": [32, 20, 3], "editable": false, "entity": 5, "survey": 3, "last_update": "2012-02-23 16:12:19"}}, {"pk": 432, "model": "scorecard_processor.responseset", "fields": {"submission_date": "2012-02-23 16:12:19", "last_response_id": null, "data_series": [32, 20, 19], "editable": false, "entity": 5, "survey": 3, "last_update": "2012-02-23 16:12:19"}}, {"pk": 421, "model": "scorecard_processor.responseset", "fields": {"submission_date": "2012-02-23 16:12:18", "last_response_id": null, "data_series": [32, 20, 16], "editable": false, "entity": 6, "survey": 3, "last_update": "2012-02-23 16:12:18"}}, {"pk": 431, "model": "scorecard_processor.responseset", "fields": {"submission_date": "2012-02-23 16:12:18", "last_response_id": null, "data_series": [32, 20, 11], "editable": false, "entity": 5, "survey": 3, "last_update": "2012-02-23 16:12:18"}}, {"pk": 430, "model": "scorecard_processor.responseset", "fields": {"submission_date": "2012-02-23 16:12:18", "last_response_id": null, "data_series": [32, 20, 18], "editable": false, "entity": 5, "survey": 3, "last_update": "2012-02-23 16:12:18"}}, {"pk": 429, "model": "scorecard_processor.responseset", "fields": {"submission_date": "2012-02-23 16:12:18", "last_response_id": null, "data_series": [32, 20, 17], "editable": false, "entity": 5, "survey": 3, "last_update": "2012-02-23 16:12:18"}}, {"pk": 428, "model": "scorecard_processor.responseset", "fields": {"submission_date": "2012-02-23 16:12:18", "last_response_id": null, "data_series": [32, 20, 16], "editable": false, "entity": 5, "survey": 3, "last_update": "2012-02-23 16:12:18"}}, {"pk": 427, "model": "scorecard_processor.responseset", "fields": {"submission_date": "2012-02-23 16:12:18", "last_response_id": null, "data_series": [32, 20, 15], "editable": false, "entity": 5, "survey": 3, "last_update": "2012-02-23 16:12:18"}}, {"pk": 420, "model": "scorecard_processor.responseset", "fields": {"submission_date": "2012-02-23 16:12:18", "last_response_id": null, "data_series": [32, 20, 14], "editable": false, "entity": 6, "survey": 3, "last_update": "2012-02-23 16:12:18"}}, {"pk": 426, "model": "scorecard_processor.responseset", "fields": {"submission_date": "2012-02-23 16:12:18", "last_response_id": null, "data_series": [32, 20, 12], "editable": false, "entity": 5, "survey": 3, "last_update": "2012-02-23 16:12:18"}}, {"pk": 425, "model": "scorecard_processor.responseset", "fields": {"submission_date": "2012-02-23 16:12:18", "last_response_id": null, "data_series": [32, 20, 13], "editable": false, "entity": 5, "survey": 3, "last_update": "2012-02-23 16:12:18"}}, {"pk": 424, "model": "scorecard_processor.responseset", "fields": {"submission_date": "2012-02-23 16:12:18", "last_response_id": null, "data_series": [32, 20, 14], "editable": false, "entity": 5, "survey": 3, "last_update": "2012-02-23 16:12:18"}}, {"pk": 423, "model": "scorecard_processor.responseset", "fields": {"submission_date": "2012-02-23 16:12:18", "last_response_id": null, "data_series": [32, 20, 18], "editable": false, "entity": 6, "survey": 3, "last_update": "2012-02-23 16:12:18"}}, {"pk": 422, "model": "scorecard_processor.responseset", "fields": {"submission_date": "2012-02-23 16:12:18", "last_response_id": null, "data_series": [32, 20, 17], "editable": false, "entity": 6, "survey": 3, "last_update": "2012-02-23 16:12:18"}}, {"pk": 410, "model": "scorecard_processor.responseset", "fields": {"submission_date": "2012-02-23 16:12:17", "last_response_id": null, "data_series": [32, 20, 17], "editable": false, "entity": 15, "survey": 3, "last_update": "2012-02-23 16:12:17"}}, {"pk": 419, "model": "scorecard_processor.responseset", "fields": {"submission_date": "2012-02-23 16:12:17", "last_response_id": null, "data_series": [32, 20, 3], "editable": false, "entity": 10, "survey": 3, "last_update": "2012-02-23 16:12:17"}}, {"pk": 418, "model": "scorecard_processor.responseset", "fields": {"submission_date": "2012-02-23 16:12:17", "last_response_id": null, "data_series": [32, 20, 11], "editable": false, "entity": 10, "survey": 3, "last_update": "2012-02-23 16:12:17"}}, {"pk": 417, "model": "scorecard_processor.responseset", "fields": {"submission_date": "2012-02-23 16:12:17", "last_response_id": null, "data_series": [32, 20, 18], "editable": false, "entity": 10, "survey": 3, "last_update": "2012-02-23 16:12:17"}}, {"pk": 416, "model": "scorecard_processor.responseset", "fields": {"submission_date": "2012-02-23 16:12:17", "last_response_id": null, "data_series": [32, 20, 16], "editable": false, "entity": 10, "survey": 3, "last_update": "2012-02-23 16:12:17"}}, {"pk": 415, "model": "scorecard_processor.responseset", "fields": {"submission_date": "2012-02-23 16:12:17", "last_response_id": null, "data_series": [32, 20, 13], "editable": false, "entity": 10, "survey": 3, "last_update": "2012-02-23 16:12:17"}}, {"pk": 414, "model": "scorecard_processor.responseset", "fields": {"submission_date": "2012-02-23 16:12:17", "last_response_id": null, "data_series": [32, 20, 3], "editable": false, "entity": 15, "survey": 3, "last_update": "2012-02-23 16:12:17"}}, {"pk": 413, "model": "scorecard_processor.responseset", "fields": {"submission_date": "2012-02-23 16:12:17", "last_response_id": null, "data_series": [32, 20, 19], "editable": false, "entity": 15, "survey": 3, "last_update": "2012-02-23 16:12:17"}}, {"pk": 412, "model": "scorecard_processor.responseset", "fields": {"submission_date": "2012-02-23 16:12:17", "last_response_id": null, "data_series": [32, 20, 11], "editable": false, "entity": 15, "survey": 3, "last_update": "2012-02-23 16:12:17"}}, {"pk": 411, "model": "scorecard_processor.responseset", "fields": {"submission_date": "2012-02-23 16:12:17", "last_response_id": null, "data_series": [32, 20, 18], "editable": false, "entity": 15, "survey": 3, "last_update": "2012-02-23 16:12:17"}}, {"pk": 409, "model": "scorecard_processor.responseset", "fields": {"submission_date": "2012-02-23 16:12:17", "last_response_id": null, "data_series": [32, 20, 16], "editable": false, "entity": 15, "survey": 3, "last_update": "2012-02-23 16:12:17"}}, {"pk": 408, "model": "scorecard_processor.responseset", "fields": {"submission_date": "2012-02-23 16:12:17", "last_response_id": null, "data_series": [32, 20, 15], "editable": false, "entity": 15, "survey": 3, "last_update": "2012-02-23 16:12:17"}}, {"pk": 407, "model": "scorecard_processor.responseset", "fields": {"submission_date": "2012-02-23 16:12:17", "last_response_id": null, "data_series": [32, 20, 12], "editable": false, "entity": 15, "survey": 3, "last_update": "2012-02-23 16:12:17"}}, {"pk": 406, "model": "scorecard_processor.responseset", "fields": {"submission_date": "2012-02-23 16:12:17", "last_response_id": null, "data_series": [32, 20, 13], "editable": false, "entity": 15, "survey": 3, "last_update": "2012-02-23 16:12:17"}}, {"pk": 394, "model": "scorecard_processor.responseset", "fields": {"submission_date": "2012-02-23 16:12:16", "last_response_id": null, "data_series": [32, 20, 3], "editable": false, "entity": 11, "survey": 3, "last_update": "2012-02-23 16:12:16"}}, {"pk": 405, "model": "scorecard_processor.responseset", "fields": {"submission_date": "2012-02-23 16:12:16", "last_response_id": null, "data_series": [32, 20, 14], "editable": false, "entity": 15, "survey": 3, "last_update": "2012-02-23 16:12:16"}}, {"pk": 404, "model": "scorecard_processor.responseset", "fields": {"submission_date": "2012-02-23 16:12:16", "last_response_id": null, "data_series": [32, 20, 3], "editable": false, "entity": 14, "survey": 3, "last_update": "2012-02-23 16:12:16"}}, {"pk": 403, "model": "scorecard_processor.responseset", "fields": {"submission_date": "2012-02-23 16:12:16", "last_response_id": null, "data_series": [32, 20, 19], "editable": false, "entity": 14, "survey": 3, "last_update": "2012-02-23 16:12:16"}}, {"pk": 402, "model": "scorecard_processor.responseset", "fields": {"submission_date": "2012-02-23 16:12:16", "last_response_id": null, "data_series": [32, 20, 11], "editable": false, "entity": 14, "survey": 3, "last_update": "2012-02-23 16:12:16"}}, {"pk": 401, "model": "scorecard_processor.responseset", "fields": {"submission_date": "2012-02-23 16:12:16", "last_response_id": null, "data_series": [32, 20, 18], "editable": false, "entity": 14, "survey": 3, "last_update": "2012-02-23 16:12:16"}}, {"pk": 400, "model": "scorecard_processor.responseset", "fields": {"submission_date": "2012-02-23 16:12:16", "last_response_id": null, "data_series": [32, 20, 17], "editable": false, "entity": 14, "survey": 3, "last_update": "2012-02-23 16:12:16"}}, {"pk": 399, "model": "scorecard_processor.responseset", "fields": {"submission_date": "2012-02-23 16:12:16", "last_response_id": null, "data_series": [32, 20, 16], "editable": false, "entity": 14, "survey": 3, "last_update": "2012-02-23 16:12:16"}}, {"pk": 398, "model": "scorecard_processor.responseset", "fields": {"submission_date": "2012-02-23 16:12:16", "last_response_id": null, "data_series": [32, 20, 15], "editable": false, "entity": 14, "survey": 3, "last_update": "2012-02-23 16:12:16"}}, {"pk": 397, "model": "scorecard_processor.responseset", "fields": {"submission_date": "2012-02-23 16:12:16", "last_response_id": null, "data_series": [32, 20, 12], "editable": false, "entity": 14, "survey": 3, "last_update": "2012-02-23 16:12:16"}}, {"pk": 396, "model": "scorecard_processor.responseset", "fields": {"submission_date": "2012-02-23 16:12:16", "last_response_id": null, "data_series": [32, 20, 13], "editable": false, "entity": 14, "survey": 3, "last_update": "2012-02-23 16:12:16"}}, {"pk": 395, "model": "scorecard_processor.responseset", "fields": {"submission_date": "2012-02-23 16:12:16", "last_response_id": null, "data_series": [32, 20, 14], "editable": false, "entity": 14, "survey": 3, "last_update": "2012-02-23 16:12:16"}}, {"pk": 386, "model": "scorecard_processor.responseset", "fields": {"submission_date": "2012-02-23 16:12:15", "last_response_id": null, "data_series": [32, 20, 13], "editable": false, "entity": 11, "survey": 3, "last_update": "2012-02-23 16:12:15"}}, {"pk": 393, "model": "scorecard_processor.responseset", "fields": {"submission_date": "2012-02-23 16:12:15", "last_response_id": null, "data_series": [32, 20, 19], "editable": false, "entity": 11, "survey": 3, "last_update": "2012-02-23 16:12:15"}}, {"pk": 392, "model": "scorecard_processor.responseset", "fields": {"submission_date": "2012-02-23 16:12:15", "last_response_id": null, "data_series": [32, 20, 11], "editable": false, "entity": 11, "survey": 3, "last_update": "2012-02-23 16:12:15"}}, {"pk": 391, "model": "scorecard_processor.responseset", "fields": {"submission_date": "2012-02-23 16:12:15", "last_response_id": null, "data_series": [32, 20, 18], "editable": false, "entity": 11, "survey": 3, "last_update": "2012-02-23 16:12:15"}}, {"pk": 390, "model": "scorecard_processor.responseset", "fields": {"submission_date": "2012-02-23 16:12:15", "last_response_id": null, "data_series": [32, 20, 17], "editable": false, "entity": 11, "survey": 3, "last_update": "2012-02-23 16:12:15"}}, {"pk": 389, "model": "scorecard_processor.responseset", "fields": {"submission_date": "2012-02-23 16:12:15", "last_response_id": null, "data_series": [32, 20, 16], "editable": false, "entity": 11, "survey": 3, "last_update": "2012-02-23 16:12:15"}}, {"pk": 388, "model": "scorecard_processor.responseset", "fields": {"submission_date": "2012-02-23 16:12:15", "last_response_id": null, "data_series": [32, 20, 15], "editable": false, "entity": 11, "survey": 3, "last_update": "2012-02-23 16:12:15"}}, {"pk": 387, "model": "scorecard_processor.responseset", "fields": {"submission_date": "2012-02-23 16:12:15", "last_response_id": null, "data_series": [32, 20, 12], "editable": false, "entity": 11, "survey": 3, "last_update": "2012-02-23 16:12:15"}}, {"pk": 385, "model": "scorecard_processor.responseset", "fields": {"submission_date": "2012-02-23 16:12:15", "last_response_id": null, "data_series": [32, 20, 14], "editable": false, "entity": 11, "survey": 3, "last_update": "2012-02-23 16:12:15"}}, {"pk": 384, "model": "scorecard_processor.responseset", "fields": {"submission_date": "2012-02-23 16:12:15", "last_response_id": null, "data_series": [32, 20, 3], "editable": false, "entity": 12, "survey": 3, "last_update": "2012-02-23 16:12:15"}}, {"pk": 383, "model": "scorecard_processor.responseset", "fields": {"submission_date": "2012-02-23 16:12:15", "last_response_id": null, "data_series": [32, 20, 19], "editable": false, "entity": 12, "survey": 3, "last_update": "2012-02-23 16:12:15"}}, {"pk": 382, "model": "scorecard_processor.responseset", "fields": {"submission_date": "2012-02-23 16:12:15", "last_response_id": null, "data_series": [32, 20, 11], "editable": false, "entity": 12, "survey": 3, "last_update": "2012-02-23 16:12:15"}}, {"pk": 381, "model": "scorecard_processor.responseset", "fields": {"submission_date": "2012-02-23 16:12:15", "last_response_id": null, "data_series": [32, 20, 18], "editable": false, "entity": 12, "survey": 3, "last_update": "2012-02-23 16:12:15"}}, {"pk": 380, "model": "scorecard_processor.responseset", "fields": {"submission_date": "2012-02-23 16:12:15", "last_response_id": null, "data_series": [32, 20, 17], "editable": false, "entity": 12, "survey": 3, "last_update": "2012-02-23 16:12:15"}}, {"pk": 379, "model": "scorecard_processor.responseset", "fields": {"submission_date": "2012-02-23 16:12:15", "last_response_id": null, "data_series": [32, 20, 16], "editable": false, "entity": 12, "survey": 3, "last_update": "2012-02-23 16:12:15"}}, {"pk": 378, "model": "scorecard_processor.responseset", "fields": {"submission_date": "2012-02-23 16:12:15", "last_response_id": null, "data_series": [32, 20, 15], "editable": false, "entity": 12, "survey": 3, "last_update": "2012-02-23 16:12:15"}}, {"pk": 377, "model": "scorecard_processor.responseset", "fields": {"submission_date": "2012-02-23 16:12:14", "last_response_id": null, "data_series": [32, 20, 12], "editable": false, "entity": 12, "survey": 3, "last_update": "2012-02-23 16:12:14"}}, {"pk": 374, "model": "scorecard_processor.responseset", "fields": {"submission_date": "2012-02-23 16:12:14", "last_response_id": null, "data_series": [32, 20, 19], "editable": false, "entity": 13, "survey": 3, "last_update": "2012-02-23 16:12:14"}}, {"pk": 376, "model": "scorecard_processor.responseset", "fields": {"submission_date": "2012-02-23 16:12:14", "last_response_id": null, "data_series": [32, 20, 13], "editable": false, "entity": 12, "survey": 3, "last_update": "2012-02-23 16:12:14"}}, {"pk": 375, "model": "scorecard_processor.responseset", "fields": {"submission_date": "2012-02-23 16:12:14", "last_response_id": null, "data_series": [32, 20, 14], "editable": false, "entity": 12, "survey": 3, "last_update": "2012-02-23 16:12:14"}}, {"pk": 373, "model": "scorecard_processor.responseset", "fields": {"submission_date": "2012-02-23 16:12:14", "last_response_id": null, "data_series": [32, 20, 11], "editable": false, "entity": 13, "survey": 3, "last_update": "2012-02-23 16:12:14"}}, {"pk": 372, "model": "scorecard_processor.responseset", "fields": {"submission_date": "2012-02-23 16:12:14", "last_response_id": null, "data_series": [32, 20, 18], "editable": false, "entity": 13, "survey": 3, "last_update": "2012-02-23 16:12:14"}}, {"pk": 371, "model": "scorecard_processor.responseset", "fields": {"submission_date": "2012-02-23 16:12:14", "last_response_id": null, "data_series": [32, 20, 16], "editable": false, "entity": 13, "survey": 3, "last_update": "2012-02-23 16:12:14"}}, {"pk": 370, "model": "scorecard_processor.responseset", "fields": {"submission_date": "2012-02-23 16:12:14", "last_response_id": null, "data_series": [32, 20, 15], "editable": false, "entity": 13, "survey": 3, "last_update": "2012-02-23 16:12:14"}}, {"pk": 369, "model": "scorecard_processor.responseset", "fields": {"submission_date": "2012-02-23 16:12:14", "last_response_id": null, "data_series": [32, 20, 13], "editable": false, "entity": 13, "survey": 3, "last_update": "2012-02-23 16:12:14"}}, {"pk": 368, "model": "scorecard_processor.responseset", "fields": {"submission_date": "2012-02-23 16:12:14", "last_response_id": null, "data_series": [32, 20, 14], "editable": false, "entity": 13, "survey": 3, "last_update": "2012-02-23 16:12:14"}}, {"pk": 367, "model": "scorecard_processor.responseset", "fields": {"submission_date": "2012-02-23 15:51:44", "last_response_id": null, "data_series": [32, 20, 12], "editable": false, "entity": 13, "survey": 3, "last_update": "2012-02-23 15:51:44"}}, {"pk": 365, "model": "scorecard_processor.responseset", "fields": {"submission_date": "2012-02-23 15:45:24", "last_response_id": null, "data_series": [32, 20, 19], "editable": false, "entity": 24, "survey": 4, "last_update": "2012-02-23 15:45:24"}}, {"pk": 366, "model": "scorecard_processor.responseset", "fields": {"submission_date": "2012-02-23 15:45:24", "last_response_id": null, "data_series": [32, 20, 3], "editable": false, "entity": 25, "survey": 4, "last_update": "2012-02-23 15:45:24"}}, {"pk": 364, "model": "scorecard_processor.responseset", "fields": {"submission_date": "2012-02-23 15:45:23", "last_response_id": null, "data_series": [32, 20, 11], "editable": false, "entity": 23, "survey": 4, "last_update": "2012-02-23 15:45:23"}}, {"pk": 363, "model": "scorecard_processor.responseset", "fields": {"submission_date": "2012-02-23 15:45:23", "last_response_id": null, "data_series": [32, 20, 18], "editable": false, "entity": 22, "survey": 4, "last_update": "2012-02-23 15:45:23"}}, {"pk": 362, "model": "scorecard_processor.responseset", "fields": {"submission_date": "2012-02-23 15:45:23", "last_response_id": null, "data_series": [32, 20, 17], "editable": false, "entity": 21, "survey": 4, "last_update": "2012-02-23 15:45:23"}}, {"pk": 359, "model": "scorecard_processor.responseset", "fields": {"submission_date": "2012-02-23 15:45:23", "last_response_id": null, "data_series": [32, 20, 12], "editable": false, "entity": 19, "survey": 4, "last_update": "2012-02-23 15:45:23"}}, {"pk": 358, "model": "scorecard_processor.responseset", "fields": {"submission_date": "2012-02-23 15:45:23", "last_response_id": null, "data_series": [32, 20, 13], "editable": false, "entity": 17, "survey": 4, "last_update": "2012-02-23 15:45:23"}}, {"pk": 357, "model": "scorecard_processor.responseset", "fields": {"submission_date": "2012-02-23 15:45:23", "last_response_id": null, "data_series": [32, 20, 14], "editable": false, "entity": 16, "survey": 4, "last_update": "2012-02-23 15:45:23"}}, {"pk": 361, "model": "scorecard_processor.responseset", "fields": {"submission_date": "2012-02-23 15:45:23", "last_response_id": null, "data_series": [32, 20, 16], "editable": false, "entity": 20, "survey": 4, "last_update": "2012-02-23 15:45:23"}}, {"pk": 360, "model": "scorecard_processor.responseset", "fields": {"submission_date": "2012-02-23 15:45:23", "last_response_id": null, "data_series": [32, 20, 15], "editable": false, "entity": 18, "survey": 4, "last_update": "2012-02-23 15:45:23"}}, {"pk": 342, "model": "scorecard_processor.responseset", "fields": {"submission_date": "2012-02-23 15:45:20", "last_response_id": null, "data_series": [32, 20, 11], "editable": false, "entity": 1, "survey": 3, "last_update": "2012-02-23 15:45:20"}}, {"pk": 5, "model": "scorecard_processor.responseset", "fields": {"submission_date": "2012-02-17 10:51:48", "last_response_id": 114, "data_series": [32, 20, 25], "editable": true, "entity": 30, "survey": 4, "last_update": "2012-02-17 10:51:50"}}, {"pk": 6, "model": "scorecard_processor.responseset", "fields": {"submission_date": "2012-02-17 10:51:49", "last_response_id": 113, "data_series": [5, 22, 25], "editable": true, "entity": 30, "survey": 4, "last_update": "2012-02-17 10:51:50"}}, {"pk": 1, "model": "scorecard_processor.responsesetmetadata", "fields": {"response_set": 7, "value": "{u'value': u'USD'}", "key": "currency"}}, {"pk": 2, "model": "scorecard_processor.responsesetmetadata", "fields": {"response_set": 8, "value": "{u'value': u'USD'}", "key": "currency"}}, {"pk": 111, "model": "scorecard_processor.response", "fields": {"submission_date": "2012-02-17 10:51:49", "respondant": 1, "question": 127, "response_set": 5, "value": "{u'value': u'0.0'}", "current": true, "valid": true}}, {"pk": 112, "model": "scorecard_processor.response", "fields": {"submission_date": "2012-02-17 10:51:49", "respondant": 1, "question": 127, "response_set": 6, "value": "{u'value': u'0.0'}", "current": true, "valid": true}}, {"pk": 113, "model": "scorecard_processor.response", "fields": {"submission_date": "2012-02-17 10:51:50", "respondant": 1, "question": 125, "response_set": 6, "value": "{u'value': u'0.0'}", "current": true, "valid": true}}, {"pk": 114, "model": "scorecard_processor.response", "fields": {"submission_date": "2012-02-17 10:51:50", "respondant": 1, "question": 125, "response_set": 5, "value": "{u'value': u'0.0'}", "current": true, "valid": true}}, {"pk": 115, "model": "scorecard_processor.response", "fields": {"submission_date": "2012-02-17 10:53:35", "respondant": 1, "question": 161, "response_set": 7, "value": "{u'value': u'no'}", "current": false, "valid": true}}, {"pk": 116, "model": "scorecard_processor.response", "fields": {"submission_date": "2012-02-17 10:53:36", "respondant": 1, "question": 161, "response_set": 8, "value": "{u'value': u'yes'}", "current": false, "valid": true}}, {"pk": 118, "model": "scorecard_processor.response", "fields": {"submission_date": "2012-02-21 19:25:22", "respondant": 16, "question": 161, "response_set": 7, "value": "{u'value': u'no'}", "current": false, "valid": true}}, {"pk": 119, "model": "scorecard_processor.response", "fields": {"submission_date": "2012-02-21 19:25:22", "respondant": 16, "question": 161, "response_set": 8, "value": "{u'value': u'yes'}", "current": false, "valid": true}}, {"pk": 117, "model": "scorecard_processor.response", "fields": {"submission_date": "2012-02-17 10:53:37", "respondant": 1, "question": 162, "response_set": 7, "value": "{u'value': u'blah'}", "current": false, "valid": true}}, {"pk": 120, "model": "scorecard_processor.response", "fields": {"submission_date": "2012-02-22 12:28:15", "respondant": 1, "question": 161, "response_set": 7, "value": "{u'value': u'yes'}", "current": false, "valid": true}}, {"pk": 121, "model": "scorecard_processor.response", "fields": {"submission_date": "2012-02-22 12:28:16", "respondant": 1, "question": 161, "response_set": 8, "value": "{u'value': u'yes'}", "current": false, "valid": true}}, {"pk": 122, "model": "scorecard_processor.response", "fields": {"submission_date": "2012-02-22 12:28:16", "respondant": 1, "question": 162, "response_set": 7, "value": "{u'value': u'blah'}", "current": false, "valid": true}}, {"pk": 123, "model": "scorecard_processor.response", "fields": {"submission_date": "2012-02-22 12:33:33", "respondant": 1, "question": 161, "response_set": 7, "value": "{u'value': u'yes'}", "current": false, "valid": true}}, {"pk": 124, "model": "scorecard_processor.response", "fields": {"submission_date": "2012-02-22 12:33:34", "respondant": 1, "question": 161, "response_set": 8, "value": "{u'value': u'no'}", "current": false, "valid": true}}, {"pk": 125, "model": "scorecard_processor.response", "fields": {"submission_date": "2012-02-22 12:33:34", "respondant": 1, "question": 162, "response_set": 7, "value": "{u'value': u'blah'}", "current": false, "valid": true}}, {"pk": 126, "model": "scorecard_processor.response", "fields": {"submission_date": "2012-02-23 12:57:57", "respondant": 1, "question": 161, "response_set": 7, "value": "{u'value': u'yes'}", "current": false, "valid": true}}, {"pk": 127, "model": "scorecard_processor.response", "fields": {"submission_date": "2012-02-23 12:57:58", "respondant": 1, "question": 161, "response_set": 8, "value": "{u'value': u'no'}", "current": false, "valid": true}}, {"pk": 128, "model": "scorecard_processor.response", "fields": {"submission_date": "2012-02-23 12:57:58", "respondant": 1, "question": 162, "response_set": 7, "value": "{u'value': u'blah'}", "current": false, "valid": true}}, {"pk": 132, "model": "scorecard_processor.response", "fields": {"submission_date": "2012-02-23 19:24:58", "respondant": 1, "question": 161, "response_set": 7, "value": "{u'value': u'yes'}", "current": true, "valid": true}}, {"pk": 129, "model": "scorecard_processor.response", "fields": {"submission_date": "2012-02-23 19:24:39", "respondant": 1, "question": 161, "response_set": 7, "value": "{u'value': u'yes'}", "current": false, "valid": true}}, {"pk": 133, "model": "scorecard_processor.response", "fields": {"submission_date": "2012-02-23 19:24:59", "respondant": 1, "question": 161, "response_set": 8, "value": "{u'value': u'no'}", "current": true, "valid": true}}, {"pk": 130, "model": "scorecard_processor.response", "fields": {"submission_date": "2012-02-23 19:24:39", "respondant": 1, "question": 161, "response_set": 8, "value": "{u'value': u'no'}", "current": false, "valid": true}}, {"pk": 134, "model": "scorecard_processor.response", "fields": {"submission_date": "2012-02-23 19:24:59", "respondant": 1, "question": 162, "response_set": 7, "value": "{u'value': u'blah'}", "current": true, "valid": true}}, {"pk": 131, "model": "scorecard_processor.response", "fields": {"submission_date": "2012-02-23 19:24:39", "respondant": 1, "question": 162, "response_set": 7, "value": "{u'value': u'blah'}", "current": false, "valid": true}}, {"pk": 1, "model": "scorecard_processor.scorecard", "fields": {"project": 1, "name": "Agency Indicators"}}, {"pk": 2, "model": "scorecard_processor.scorecard", "fields": {"project": 1, "name": "Government indicators"}}, {"pk": 3, "model": "scorecard_processor.operation", "fields": {"indicator": true, "configuration": "", "description": "Signed an IHP+ country compact ", "scorecard": 1, "operation": "keyword_frequency", "identifier": "1DP"}}, {"pk": 12, "model": "scorecard_processor.operation", "fields": {"indicator": true, "configuration": "", "description": "1DP comments", "scorecard": 1, "operation": "concat", "identifier": "1DP comments"}}, {"pk": 13, "model": "scorecard_processor.operation", "fields": {"indicator": true, "configuration": "", "description": "1G", "scorecard": 2, "operation": "assert_value_yn", "identifier": "1G"}}, {"pk": 14, "model": "scorecard_processor.operation", "fields": {"indicator": true, "configuration": "", "description": "1G_comment", "scorecard": 2, "operation": "concat", "identifier": "1G comment"}}, {"pk": 1, "model": "scorecard_processor.operation", "fields": {"indicator": true, "configuration": "", "description": "2DPa", "scorecard": 1, "operation": "one_minus_num_denom", "identifier": "2DPa"}}, {"pk": 2, "model": "scorecard_processor.operation", "fields": {"indicator": true, "configuration": "", "description": "2DPb", "scorecard": 1, "operation": "num_denom", "identifier": "2DPb"}}, {"pk": 4, "model": "scorecard_processor.operation", "fields": {"indicator": true, "configuration": "", "description": "2DPc", "scorecard": 1, "operation": "num_denom", "identifier": "2DPc"}}, {"pk": 15, "model": "scorecard_processor.operation", "fields": {"indicator": true, "configuration": "", "description": "2Ga", "scorecard": 2, "operation": "combine_values", "identifier": "2Ga"}}, {"pk": 16, "model": "scorecard_processor.operation", "fields": {"indicator": true, "configuration": "", "description": "2Gb", "scorecard": 2, "operation": "assert_value_integer", "identifier": "2Gb"}}, {"pk": 5, "model": "scorecard_processor.operation", "fields": {"indicator": true, "configuration": "", "description": "3DP", "scorecard": 1, "operation": "num_denom", "identifier": "3DP"}}, {"pk": 17, "model": "scorecard_processor.operation", "fields": {"indicator": true, "configuration": "", "description": "3G", "scorecard": 2, "operation": "num_denom", "identifier": "3G"}}, {"pk": 6, "model": "scorecard_processor.operation", "fields": {"indicator": true, "configuration": "", "description": "4DP", "scorecard": 1, "operation": "num_denom", "identifier": "4DP"}}, {"pk": 18, "model": "scorecard_processor.operation", "fields": {"indicator": true, "configuration": "", "description": "4G", "scorecard": 2, "operation": "one_minus_num_denom", "identifier": "4G"}}, {"pk": 7, "model": "scorecard_processor.operation", "fields": {"indicator": true, "configuration": "", "description": "5DPa", "scorecard": 1, "operation": "one_minus_num_denom", "identifier": "5DPa"}}, {"pk": 8, "model": "scorecard_processor.operation", "fields": {"indicator": true, "configuration": "", "description": "5DPb", "scorecard": 1, "operation": "one_minus_num_denom", "identifier": "5DPb"}}, {"pk": 9, "model": "scorecard_processor.operation", "fields": {"indicator": true, "configuration": "", "description": "5DPc", "scorecard": 1, "operation": "sum_items", "identifier": "5DPc"}}, {"pk": 19, "model": "scorecard_processor.operation", "fields": {"indicator": true, "configuration": "", "description": "5Ga", "scorecard": 2, "operation": "sum_items", "identifier": "5Ga"}}, {"pk": 20, "model": "scorecard_processor.operation", "fields": {"indicator": true, "configuration": "", "description": "5Gb", "scorecard": 2, "operation": "sum_items", "identifier": "5Gb"}}, {"pk": 10, "model": "scorecard_processor.operation", "fields": {"indicator": true, "configuration": "", "description": "6DP", "scorecard": 1, "operation": "keyword_frequency", "identifier": "6DP"}}, {"pk": 21, "model": "scorecard_processor.operation", "fields": {"indicator": true, "configuration": "", "description": "6G", "scorecard": 2, "operation": "assert_value_yn", "identifier": "6G"}}, {"pk": 11, "model": "scorecard_processor.operation", "fields": {"indicator": true, "configuration": "", "description": "7DP", "scorecard": 1, "operation": "keyword_frequency", "identifier": "7DP"}}, {"pk": 22, "model": "scorecard_processor.operation", "fields": {"indicator": true, "configuration": "", "description": "7G", "scorecard": 2, "operation": "assert_value_yn", "identifier": "7G"}}, {"pk": 23, "model": "scorecard_processor.operation", "fields": {"indicator": true, "configuration": "", "description": "8G", "scorecard": 2, "operation": "num_denom", "identifier": "8G"}}, {"pk": 26, "model": "scorecard_processor.operation", "fields": {"indicator": true, "configuration": "", "description": "Q12G", "scorecard": 2, "operation": "assert_value_yn", "identifier": "Q12G"}}, {"pk": 27, "model": "scorecard_processor.operation", "fields": {"indicator": true, "configuration": "", "description": "Q21G", "scorecard": 2, "operation": "assert_value_yn", "identifier": "Q21G"}}, {"pk": 24, "model": "scorecard_processor.operation", "fields": {"indicator": true, "configuration": "", "description": "Q2G", "scorecard": 2, "operation": "assert_value_yn", "identifier": "Q2G"}}, {"pk": 25, "model": "scorecard_processor.operation", "fields": {"indicator": true, "configuration": "", "description": "Q3G", "scorecard": 2, "operation": "assert_value_yn", "identifier": "Q3G"}}, {"pk": 1, "model": "scorecard_processor.operationargument", "fields": {"instance_id": 4, "position": 0, "operation": 1, "instance_content_type": 15, "argument_extractor": "value"}}, {"pk": 3, "model": "scorecard_processor.operationargument", "fields": {"instance_id": 7, "position": 0, "operation": 2, "instance_content_type": 15, "argument_extractor": "value"}}, {"pk": 5, "model": "scorecard_processor.operationargument", "fields": {"instance_id": 1, "position": 0, "operation": 3, "instance_content_type": 15, "argument_extractor": "value"}}, {"pk": 6, "model": "scorecard_processor.operationargument", "fields": {"instance_id": 10, "position": 0, "operation": 4, "instance_content_type": 15, "argument_extractor": "value"}}, {"pk": 8, "model": "scorecard_processor.operationargument", "fields": {"instance_id": 13, "position": 0, "operation": 5, "instance_content_type": 15, "argument_extractor": "value"}}, {"pk": 10, "model": "scorecard_processor.operationargument", "fields": {"instance_id": 16, "position": 0, "operation": 6, "instance_content_type": 15, "argument_extractor": "value"}}, {"pk": 12, "model": "scorecard_processor.operationargument", "fields": {"instance_id": 19, "position": 0, "operation": 7, "instance_content_type": 15, "argument_extractor": "value"}}, {"pk": 14, "model": "scorecard_processor.operationargument", "fields": {"instance_id": 22, "position": 0, "operation": 8, "instance_content_type": 15, "argument_extractor": "value"}}, {"pk": 16, "model": "scorecard_processor.operationargument", "fields": {"instance_id": 24, "position": 0, "operation": 9, "instance_content_type": 15, "argument_extractor": "value"}}, {"pk": 17, "model": "scorecard_processor.operationargument", "fields": {"instance_id": 26, "position": 0, "operation": 10, "instance_content_type": 15, "argument_extractor": "value"}}, {"pk": 18, "model": "scorecard_processor.operationargument", "fields": {"instance_id": 28, "position": 0, "operation": 11, "instance_content_type": 15, "argument_extractor": "value"}}, {"pk": 19, "model": "scorecard_processor.operationargument", "fields": {"instance_id": 2, "position": 0, "operation": 12, "instance_content_type": 15, "argument_extractor": "value"}}, {"pk": 20, "model": "scorecard_processor.operationargument", "fields": {"instance_id": 37, "position": 0, "operation": 13, "instance_content_type": 15, "argument_extractor": "value"}}, {"pk": 21, "model": "scorecard_processor.operationargument", "fields": {"instance_id": 38, "position": 0, "operation": 14, "instance_content_type": 15, "argument_extractor": "value"}}, {"pk": 22, "model": "scorecard_processor.operationargument", "fields": {"instance_id": 39, "position": 0, "operation": 15, "instance_content_type": 15, "argument_extractor": "value"}}, {"pk": 24, "model": "scorecard_processor.operationargument", "fields": {"instance_id": 43, "position": 0, "operation": 16, "instance_content_type": 15, "argument_extractor": "value"}}, {"pk": 25, "model": "scorecard_processor.operationargument", "fields": {"instance_id": 46, "position": 0, "operation": 17, "instance_content_type": 15, "argument_extractor": "value"}}, {"pk": 27, "model": "scorecard_processor.operationargument", "fields": {"instance_id": 49, "position": 0, "operation": 18, "instance_content_type": 15, "argument_extractor": "value"}}, {"pk": 29, "model": "scorecard_processor.operationargument", "fields": {"instance_id": 51, "position": 0, "operation": 19, "instance_content_type": 15, "argument_extractor": "value"}}, {"pk": 30, "model": "scorecard_processor.operationargument", "fields": {"instance_id": 53, "position": 0, "operation": 20, "instance_content_type": 15, "argument_extractor": "value"}}, {"pk": 31, "model": "scorecard_processor.operationargument", "fields": {"instance_id": 55, "position": 0, "operation": 21, "instance_content_type": 15, "argument_extractor": "value"}}, {"pk": 32, "model": "scorecard_processor.operationargument", "fields": {"instance_id": 57, "position": 0, "operation": 22, "instance_content_type": 15, "argument_extractor": "value"}}, {"pk": 33, "model": "scorecard_processor.operationargument", "fields": {"instance_id": 59, "position": 0, "operation": 23, "instance_content_type": 15, "argument_extractor": "value"}}, {"pk": 35, "model": "scorecard_processor.operationargument", "fields": {"instance_id": 39, "position": 0, "operation": 24, "instance_content_type": 15, "argument_extractor": "value"}}, {"pk": 36, "model": "scorecard_processor.operationargument", "fields": {"instance_id": 40, "position": 0, "operation": 25, "instance_content_type": 15, "argument_extractor": "value"}}, {"pk": 37, "model": "scorecard_processor.operationargument", "fields": {"instance_id": 57, "position": 0, "operation": 26, "instance_content_type": 15, "argument_extractor": "value"}}, {"pk": 38, "model": "scorecard_processor.operationargument", "fields": {"instance_id": 73, "position": 0, "operation": 27, "instance_content_type": 15, "argument_extractor": "value"}}, {"pk": 2, "model": "scorecard_processor.operationargument", "fields": {"instance_id": 3, "position": 1, "operation": 1, "instance_content_type": 15, "argument_extractor": "value"}}, {"pk": 4, "model": "scorecard_processor.operationargument", "fields": {"instance_id": 6, "position": 1, "operation": 2, "instance_content_type": 15, "argument_extractor": "value"}}, {"pk": 7, "model": "scorecard_processor.operationargument", "fields": {"instance_id": 9, "position": 1, "operation": 4, "instance_content_type": 15, "argument_extractor": "value"}}, {"pk": 9, "model": "scorecard_processor.operationargument", "fields": {"instance_id": 12, "position": 1, "operation": 5, "instance_content_type": 15, "argument_extractor": "value"}}, {"pk": 11, "model": "scorecard_processor.operationargument", "fields": {"instance_id": 15, "position": 1, "operation": 6, "instance_content_type": 15, "argument_extractor": "value"}}, {"pk": 13, "model": "scorecard_processor.operationargument", "fields": {"instance_id": 18, "position": 1, "operation": 7, "instance_content_type": 15, "argument_extractor": "value"}}, {"pk": 15, "model": "scorecard_processor.operationargument", "fields": {"instance_id": 21, "position": 1, "operation": 8, "instance_content_type": 15, "argument_extractor": "value"}}, {"pk": 23, "model": "scorecard_processor.operationargument", "fields": {"instance_id": 40, "position": 1, "operation": 15, "instance_content_type": 15, "argument_extractor": "value"}}, {"pk": 26, "model": "scorecard_processor.operationargument", "fields": {"instance_id": 45, "position": 1, "operation": 17, "instance_content_type": 15, "argument_extractor": "value"}}, {"pk": 28, "model": "scorecard_processor.operationargument", "fields": {"instance_id": 48, "position": 1, "operation": 18, "instance_content_type": 15, "argument_extractor": "value"}}, {"pk": 34, "model": "scorecard_processor.operationargument", "fields": {"instance_id": 60, "position": 1, "operation": 23, "instance_content_type": 15, "argument_extractor": "value"}}, {"pk": 1, "model": "scorecard_processor.reportrun", "fields": {"aggregate_on": "Country", "name": "Disaggregated Agency performance (Baseline)", "compare_series": "Data collection year", "limit_to_entity": [], "limit_to_entitytype": ["agency"], "aggregate_by_entity": true, "scorecard": 1, "limit_to_dataseries": [21, 20], "description": ""}}, {"pk": 2, "model": "scorecard_processor.reportrun", "fields": {"aggregate_on": null, "name": "Aggregated agency scorecard", "compare_series": "Data collection year", "limit_to_entity": [], "limit_to_entitytype": ["agency"], "aggregate_by_entity": true, "scorecard": 1, "limit_to_dataseries": [21, 22, 20], "description": ""}}, {"pk": 3, "model": "scorecard_processor.reportrun", "fields": {"aggregate_on": "Country", "name": "Aggregated country indicators ", "compare_series": "Data collection year", "limit_to_entity": [], "limit_to_entitytype": ["agency"], "aggregate_by_entity": false, "scorecard": 1, "limit_to_dataseries": [21, 20], "description": ""}}, {"pk": 4, "model": "scorecard_processor.reportrun", "fields": {"aggregate_on": null, "name": "Country indicators", "compare_series": "Data collection year", "limit_to_entity": [], "limit_to_entitytype": ["government"], "aggregate_by_entity": true, "scorecard": 2, "limit_to_dataseries": [21, 22, 20], "description": ""}}, {"pk": 39, "model": "admin.logentry", "fields": {"action_flag": 3, "action_time": "2012-02-21 19:14:40", "object_repr": "radbrad182+test1@gmail.com", "object_id": "15", "change_message": "", "user": 1, "content_type": 3}}, {"pk": 38, "model": "admin.logentry", "fields": {"action_flag": 3, "action_time": "2012-02-21 19:14:35", "object_repr": "james+test1@human-scale.net", "object_id": "14", "change_message": "", "user": 1, "content_type": 3}}, {"pk": 37, "model": "admin.logentry", "fields": {"action_flag": 3, "action_time": "2012-02-16 11:19:18", "object_repr": "IHP+ Country Compact", "object_id": "1", "change_message": "", "user": 1, "content_type": 30}}, {"pk": 36, "model": "admin.logentry", "fields": {"action_flag": 3, "action_time": "2012-02-16 11:19:17", "object_repr": "equivalent agreement", "object_id": "2", "change_message": "", "user": 1, "content_type": 30}}, {"pk": 35, "model": "admin.logentry", "fields": {"action_flag": 3, "action_time": "2012-02-16 11:19:17", "object_repr": "in place", "object_id": "3", "change_message": "", "user": 1, "content_type": 30}}, {"pk": 34, "model": "admin.logentry", "fields": {"action_flag": 3, "action_time": "2012-02-16 11:19:17", "object_repr": "current targets and budgets", "object_id": "4", "change_message": "", "user": 1, "content_type": 30}}, {"pk": 33, "model": "admin.logentry", "fields": {"action_flag": 3, "action_time": "2012-02-16 11:19:17", "object_repr": "costed, comprehensive, evidence based HRH plan", "object_id": "5", "change_message": "", "user": 1, "content_type": 30}}, {"pk": 32, "model": "admin.logentry", "fields": {"action_flag": 3, "action_time": "2012-02-16 11:19:17", "object_repr": "integrated with the national health plan", "object_id": "6", "change_message": "", "user": 1, "content_type": 30}}, {"pk": 31, "model": "admin.logentry", "fields": {"action_flag": 3, "action_time": "2012-02-16 11:19:17", "object_repr": "public (domestic) funding allocated to health", "object_id": "7", "change_message": "", "user": 1, "content_type": 30}}, {"pk": 30, "model": "admin.logentry", "fields": {"action_flag": 3, "action_time": "2012-02-16 11:19:17", "object_repr": "approved annual budget for the health sector", "object_id": "8", "change_message": "", "user": 1, "content_type": 30}}, {"pk": 29, "model": "admin.logentry", "fields": {"action_flag": 3, "action_time": "2012-02-16 11:19:17", "object_repr": "disbursed against the approved annual budget for the health sector", "object_id": "9", "change_message": "", "user": 1, "content_type": 30}}, {"pk": 28, "model": "admin.logentry", "fields": {"action_flag": 3, "action_time": "2012-02-16 11:19:17", "object_repr": "PFM/CPIA scale of performance", "object_id": "10", "change_message": "", "user": 1, "content_type": 30}}, {"pk": 27, "model": "admin.logentry", "fields": {"action_flag": 3, "action_time": "2012-02-16 11:19:17", "object_repr": "four point scale used to assess performance in the procurement sector", "object_id": "11", "change_message": "", "user": 1, "content_type": 30}}, {"pk": 26, "model": "admin.logentry", "fields": {"action_flag": 3, "action_time": "2012-02-16 11:19:17", "object_repr": "transparent", "object_id": "12", "change_message": "", "user": 1, "content_type": 30}}, {"pk": 25, "model": "admin.logentry", "fields": {"action_flag": 3, "action_time": "2012-02-16 11:19:17", "object_repr": "monitorable performance assessment framework in place", "object_id": "13", "change_message": "", "user": 1, "content_type": 30}}, {"pk": 24, "model": "admin.logentry", "fields": {"action_flag": 3, "action_time": "2012-02-16 11:19:17", "object_repr": "mutual assessment[s] of progress", "object_id": "14", "change_message": "", "user": 1, "content_type": 30}}, {"pk": 23, "model": "admin.logentry", "fields": {"action_flag": 3, "action_time": "2012-02-16 11:19:17", "object_repr": "health sector coordination mechanism", "object_id": "15", "change_message": "", "user": 1, "content_type": 30}}, {"pk": 22, "model": "admin.logentry", "fields": {"action_flag": 3, "action_time": "2012-02-16 11:19:17", "object_repr": "number of Development Partner / Donor missions", "object_id": "16", "change_message": "", "user": 1, "content_type": 30}}, {"pk": 21, "model": "admin.logentry", "fields": {"action_flag": 3, "action_time": "2012-02-16 11:19:17", "object_repr": "pooled funding mechanism", "object_id": "17", "change_message": "", "user": 1, "content_type": 30}}, {"pk": 20, "model": "admin.logentry", "fields": {"action_flag": 3, "action_time": "2012-02-16 11:19:17", "object_repr": "skilled medical personnel", "object_id": "18", "change_message": "", "user": 1, "content_type": 30}}, {"pk": 19, "model": "admin.logentry", "fields": {"action_flag": 3, "action_time": "2012-02-16 11:19:17", "object_repr": "outpatient department visits", "object_id": "19", "change_message": "", "user": 1, "content_type": 30}}, {"pk": 18, "model": "admin.logentry", "fields": {"action_flag": 3, "action_time": "2012-02-16 11:19:17", "object_repr": "health sector aid for the government sector", "object_id": "20", "change_message": "", "user": 1, "content_type": 30}}, {"pk": 17, "model": "admin.logentry", "fields": {"action_flag": 3, "action_time": "2012-02-16 11:19:17", "object_repr": "disburse", "object_id": "21", "change_message": "", "user": 1, "content_type": 30}}, {"pk": 16, "model": "admin.logentry", "fields": {"action_flag": 3, "action_time": "2012-02-16 11:19:17", "object_repr": "reported on national health sector budgets", "object_id": "22", "change_message": "", "user": 1, "content_type": 30}}, {"pk": 15, "model": "admin.logentry", "fields": {"action_flag": 3, "action_time": "2012-02-16 11:19:17", "object_repr": " technical cooperation", "object_id": "23", "change_message": "", "user": 1, "content_type": 30}}, {"pk": 14, "model": "admin.logentry", "fields": {"action_flag": 3, "action_time": "2012-02-16 11:19:17", "object_repr": "coordinated programmes", "object_id": "24", "change_message": "", "user": 1, "content_type": 30}}, {"pk": 13, "model": "admin.logentry", "fields": {"action_flag": 3, "action_time": "2012-02-16 11:19:17", "object_repr": "health sector aid, of the health sector aid", "object_id": "25", "change_message": "", "user": 1, "content_type": 30}}, {"pk": 12, "model": "admin.logentry", "fields": {"action_flag": 3, "action_time": "2012-02-16 11:19:17", "object_repr": "programme-based approaches", "object_id": "26", "change_message": "", "user": 1, "content_type": 30}}, {"pk": 11, "model": "admin.logentry", "fields": {"action_flag": 3, "action_time": "2012-02-16 11:19:17", "object_repr": "multi-year commitments", "object_id": "27", "change_message": "", "user": 1, "content_type": 30}}, {"pk": 10, "model": "admin.logentry", "fields": {"action_flag": 3, "action_time": "2012-02-16 11:19:17", "object_repr": "of this", "object_id": "28", "change_message": "", "user": 1, "content_type": 30}}, {"pk": 9, "model": "admin.logentry", "fields": {"action_flag": 3, "action_time": "2012-02-16 11:19:17", "object_repr": "public financial management systems", "object_id": "29", "change_message": "", "user": 1, "content_type": 30}}, {"pk": 8, "model": "admin.logentry", "fields": {"action_flag": 3, "action_time": "2012-02-16 11:19:17", "object_repr": "parallel project implementation units", "object_id": "30", "change_message": "", "user": 1, "content_type": 30}}, {"pk": 7, "model": "admin.logentry", "fields": {"action_flag": 3, "action_time": "2012-02-16 11:19:17", "object_repr": "national performance assessment framework", "object_id": "31", "change_message": "", "user": 1, "content_type": 30}}, {"pk": 6, "model": "admin.logentry", "fields": {"action_flag": 3, "action_time": "2012-02-16 11:19:17", "object_repr": "mutual assessment(s)", "object_id": "32", "change_message": "", "user": 1, "content_type": 30}}, {"pk": 5, "model": "admin.logentry", "fields": {"action_flag": 3, "action_time": "2012-02-16 11:19:17", "object_repr": "support", "object_id": "33", "change_message": "", "user": 1, "content_type": 30}}, {"pk": 4, "model": "admin.logentry", "fields": {"action_flag": 2, "action_time": "2012-02-14 15:32:52", "object_repr": "tim@human-scale.net", "object_id": "7", "change_message": "Changed is_staff.", "user": 1, "content_type": 3}}, {"pk": 3, "model": "admin.logentry", "fields": {"action_flag": 2, "action_time": "2012-02-14 13:52:21", "object_repr": "james@human-scale.net", "object_id": "3", "change_message": "Changed is_staff.", "user": 1, "content_type": 3}}, {"pk": 2, "model": "admin.logentry", "fields": {"action_flag": 2, "action_time": "2012-02-14 13:52:04", "object_repr": "nicole@human-scale.net", "object_id": "6", "change_message": "Changed is_staff.", "user": 1, "content_type": 3}}, {"pk": 1, "model": "admin.logentry", "fields": {"action_flag": 2, "action_time": "2012-02-09 16:25:03", "object_repr": "Country", "object_id": "Country", "change_message": "Deleted data series \"Country: Somalia\". Deleted data series \"Country: South Africa\".", "user": 1, "content_type": 9}}, {"pk": 1, "model": "south.migrationhistory", "fields": {"applied": "2012-02-16 11:37:50", "app_name": "scorecard_processor", "migration": "0001_initial"}}, {"pk": 2, "model": "south.migrationhistory", "fields": {"applied": "2012-02-16 11:38:12", "app_name": "scorecard_processor", "migration": "0002_auto__add_field_survey_short_description"}}, {"pk": 3, "model": "south.migrationhistory", "fields": {"applied": "2012-02-16 13:31:44", "app_name": "scorecard_processor", "migration": "0003_auto__add_unique_surveytranslation_lang_parent_object__add_unique_ques"}}, {"pk": 4, "model": "south.migrationhistory", "fields": {"applied": "2012-02-16 14:14:13", "app_name": "scorecard_processor", "migration": "0004_auto__add_field_surveytranslation_short_description"}}, {"pk": 5, "model": "south.migrationhistory", "fields": {"applied": "2012-02-20 13:18:50", "app_name": "guardian", "migration": "0001_initial"}}, {"pk": 6, "model": "south.migrationhistory", "fields": {"applied": "2012-02-20 13:18:52", "app_name": "guardian", "migration": "0002_auto__add_field_groupobjectpermission_object_pk__add_field_userobjectp"}}, {"pk": 7, "model": "south.migrationhistory", "fields": {"applied": "2012-02-20 13:18:53", "app_name": "guardian", "migration": "0003_update_objectpermission_object_pk"}}, {"pk": 8, "model": "south.migrationhistory", "fields": {"applied": "2012-02-20 13:18:54", "app_name": "guardian", "migration": "0004_auto__del_field_groupobjectpermission_object_id__del_unique_groupobjec"}}, {"pk": 9, "model": "south.migrationhistory", "fields": {"applied": "2012-02-20 13:18:55", "app_name": "guardian", "migration": "0005_auto__chg_field_groupobjectpermission_object_pk__chg_field_userobjectp"}}, {"pk": 10, "model": "south.migrationhistory", "fields": {"applied": "2012-02-20 13:18:56", "app_name": "scorecard_processor", "migration": "0005_move_to_guardian"}}, {"pk": 11, "model": "south.migrationhistory", "fields": {"applied": "2012-02-20 13:18:56", "app_name": "scorecard_processor", "migration": "0006_remove_user_set"}}, {"pk": 12, "model": "south.migrationhistory", "fields": {"applied": "2012-02-22 13:55:27", "app_name": "scorecard_processor", "migration": "0007_mark_responsesets_as_editable"}}, {"pk": 13, "model": "south.migrationhistory", "fields": {"applied": "2012-02-22 15:51:50", "app_name": "scorecard_processor", "migration": "0008_metadata_on_responsesets"}}, {"pk": 14, "model": "south.migrationhistory", "fields": {"applied": "2012-02-23 12:04:01", "app_name": "scorecard_processor", "migration": "0009_bigger_glossary_column"}}, {"pk": 73, "model": "auth.permission", "fields": {"codename": "add_logentry", "name": "Can add log entry", "content_type": 25}}, {"pk": 74, "model": "auth.permission", "fields": {"codename": "change_logentry", "name": "Can change log entry", "content_type": 25}}, {"pk": 75, "model": "auth.permission", "fields": {"codename": "delete_logentry", "name": "Can delete log entry", "content_type": 25}}, {"pk": 4, "model": "auth.permission", "fields": {"codename": "add_group", "name": "Can add group", "content_type": 2}}, {"pk": 5, "model": "auth.permission", "fields": {"codename": "change_group", "name": "Can change group", "content_type": 2}}, {"pk": 6, "model": "auth.permission", "fields": {"codename": "delete_group", "name": "Can delete group", "content_type": 2}}, {"pk": 10, "model": "auth.permission", "fields": {"codename": "add_message", "name": "Can add message", "content_type": 4}}, {"pk": 11, "model": "auth.permission", "fields": {"codename": "change_message", "name": "Can change message", "content_type": 4}}, {"pk": 12, "model": "auth.permission", "fields": {"codename": "delete_message", "name": "Can delete message", "content_type": 4}}, {"pk": 1, "model": "auth.permission", "fields": {"codename": "add_permission", "name": "Can add permission", "content_type": 1}}, {"pk": 2, "model": "auth.permission", "fields": {"codename": "change_permission", "name": "Can change permission", "content_type": 1}}, {"pk": 3, "model": "auth.permission", "fields": {"codename": "delete_permission", "name": "Can delete permission", "content_type": 1}}, {"pk": 7, "model": "auth.permission", "fields": {"codename": "add_user", "name": "Can add user", "content_type": 3}}, {"pk": 8, "model": "auth.permission", "fields": {"codename": "change_user", "name": "Can change user", "content_type": 3}}, {"pk": 9, "model": "auth.permission", "fields": {"codename": "delete_user", "name": "Can delete user", "content_type": 3}}, {"pk": 13, "model": "auth.permission", "fields": {"codename": "add_contenttype", "name": "Can add content type", "content_type": 5}}, {"pk": 14, "model": "auth.permission", "fields": {"codename": "change_contenttype", "name": "Can change content type", "content_type": 5}}, {"pk": 15, "model": "auth.permission", "fields": {"codename": "delete_contenttype", "name": "Can delete content type", "content_type": 5}}, {"pk": 100, "model": "auth.permission", "fields": {"codename": "add_groupobjectpermission", "name": "Can add group object permission", "content_type": 33}}, {"pk": 101, "model": "auth.permission", "fields": {"codename": "change_groupobjectpermission", "name": "Can change group object permission", "content_type": 33}}, {"pk": 102, "model": "auth.permission", "fields": {"codename": "delete_groupobjectpermission", "name": "Can delete group object permission", "content_type": 33}}, {"pk": 97, "model": "auth.permission", "fields": {"codename": "add_userobjectpermission", "name": "Can add user object permission", "content_type": 32}}, {"pk": 98, "model": "auth.permission", "fields": {"codename": "change_userobjectpermission", "name": "Can change user object permission", "content_type": 32}}, {"pk": 99, "model": "auth.permission", "fields": {"codename": "delete_userobjectpermission", "name": "Can delete user object permission", "content_type": 32}}, {"pk": 28, "model": "auth.permission", "fields": {"codename": "add_dataseries", "name": "Can add data series", "content_type": 10}}, {"pk": 95, "model": "auth.permission", "fields": {"codename": "can_use", "name": "Can use the DataSeries", "content_type": 10}}, {"pk": 103, "model": "auth.permission", "fields": {"codename": "can_view", "name": "Can view the DataSeries", "content_type": 10}}, {"pk": 29, "model": "auth.permission", "fields": {"codename": "change_dataseries", "name": "Can change data series", "content_type": 10}}, {"pk": 30, "model": "auth.permission", "fields": {"codename": "delete_dataseries", "name": "Can delete data series", "content_type": 10}}, {"pk": 25, "model": "auth.permission", "fields": {"codename": "add_dataseriesgroup", "name": "Can add data series group", "content_type": 9}}, {"pk": 26, "model": "auth.permission", "fields": {"codename": "change_dataseriesgroup", "name": "Can change data series group", "content_type": 9}}, {"pk": 27, "model": "auth.permission", "fields": {"codename": "delete_dataseriesgroup", "name": "Can delete data series group", "content_type": 9}}, {"pk": 34, "model": "auth.permission", "fields": {"codename": "add_entity", "name": "Can add entity", "content_type": 12}}, {"pk": 96, "model": "auth.permission", "fields": {"codename": "can_view", "name": "Can view the Entity", "content_type": 12}}, {"pk": 35, "model": "auth.permission", "fields": {"codename": "change_entity", "name": "Can change entity", "content_type": 12}}, {"pk": 36, "model": "auth.permission", "fields": {"codename": "delete_entity", "name": "Can delete entity", "content_type": 12}}, {"pk": 31, "model": "auth.permission", "fields": {"codename": "add_entitytype", "name": "Can add entity type", "content_type": 11}}, {"pk": 32, "model": "auth.permission", "fields": {"codename": "change_entitytype", "name": "Can change entity type", "content_type": 11}}, {"pk": 33, "model": "auth.permission", "fields": {"codename": "delete_entitytype", "name": "Can delete entity type", "content_type": 11}}, {"pk": 88, "model": "auth.permission", "fields": {"codename": "add_glossarydefinition", "name": "Can add glossary definition", "content_type": 30}}, {"pk": 89, "model": "auth.permission", "fields": {"codename": "change_glossarydefinition", "name": "Can change glossary definition", "content_type": 30}}, {"pk": 90, "model": "auth.permission", "fields": {"codename": "delete_glossarydefinition", "name": "Can delete glossary definition", "content_type": 30}}, {"pk": 91, "model": "auth.permission", "fields": {"codename": "add_glossaryterm", "name": "Can add glossary term", "content_type": 31}}, {"pk": 92, "model": "auth.permission", "fields": {"codename": "change_glossaryterm", "name": "Can change glossary term", "content_type": 31}}, {"pk": 93, "model": "auth.permission", "fields": {"codename": "delete_glossaryterm", "name": "Can delete glossary term", "content_type": 31}}, {"pk": 49, "model": "auth.permission", "fields": {"codename": "add_importfieldmap", "name": "Can add import field map", "content_type": 17}}, {"pk": 50, "model": "auth.permission", "fields": {"codename": "change_importfieldmap", "name": "Can change import field map", "content_type": 17}}, {"pk": 51, "model": "auth.permission", "fields": {"codename": "delete_importfieldmap", "name": "Can delete import field map", "content_type": 17}}, {"pk": 46, "model": "auth.permission", "fields": {"codename": "add_importmap", "name": "Can add import map", "content_type": 16}}, {"pk": 47, "model": "auth.permission", "fields": {"codename": "change_importmap", "name": "Can change import map", "content_type": 16}}, {"pk": 48, "model": "auth.permission", "fields": {"codename": "delete_importmap", "name": "Can delete import map", "content_type": 16}}, {"pk": 64, "model": "auth.permission", "fields": {"codename": "add_operation", "name": "Can add operation", "content_type": 22}}, {"pk": 65, "model": "auth.permission", "fields": {"codename": "change_operation", "name": "Can change operation", "content_type": 22}}, {"pk": 66, "model": "auth.permission", "fields": {"codename": "delete_operation", "name": "Can delete operation", "content_type": 22}}, {"pk": 67, "model": "auth.permission", "fields": {"codename": "add_operationargument", "name": "Can add operation argument", "content_type": 23}}, {"pk": 68, "model": "auth.permission", "fields": {"codename": "change_operationargument", "name": "Can change operation argument", "content_type": 23}}, {"pk": 69, "model": "auth.permission", "fields": {"codename": "delete_operationargument", "name": "Can delete operation argument", "content_type": 23}}, {"pk": 22, "model": "auth.permission", "fields": {"codename": "add_project", "name": "Can add project", "content_type": 8}}, {"pk": 94, "model": "auth.permission", "fields": {"codename": "can_view", "name": "Can view the project", "content_type": 8}}, {"pk": 23, "model": "auth.permission", "fields": {"codename": "change_project", "name": "Can change project", "content_type": 8}}, {"pk": 24, "model": "auth.permission", "fields": {"codename": "delete_project", "name": "Can delete project", "content_type": 8}}, {"pk": 43, "model": "auth.permission", "fields": {"codename": "add_question", "name": "Can add question", "content_type": 15}}, {"pk": 44, "model": "auth.permission", "fields": {"codename": "change_question", "name": "Can change question", "content_type": 15}}, {"pk": 45, "model": "auth.permission", "fields": {"codename": "delete_question", "name": "Can delete question", "content_type": 15}}, {"pk": 40, "model": "auth.permission", "fields": {"codename": "add_questiongroup", "name": "Can add question group", "content_type": 14}}, {"pk": 41, "model": "auth.permission", "fields": {"codename": "change_questiongroup", "name": "Can change question group", "content_type": 14}}, {"pk": 42, "model": "auth.permission", "fields": {"codename": "delete_questiongroup", "name": "Can delete question group", "content_type": 14}}, {"pk": 82, "model": "auth.permission", "fields": {"codename": "add_questiongrouptranslation", "name": "Can add question group translation", "content_type": 28}}, {"pk": 83, "model": "auth.permission", "fields": {"codename": "change_questiongrouptranslation", "name": "Can change question group translation", "content_type": 28}}, {"pk": 84, "model": "auth.permission", "fields": {"codename": "delete_questiongrouptranslation", "name": "Can delete question group translation", "content_type": 28}}, {"pk": 85, "model": "auth.permission", "fields": {"codename": "add_questiontranslation", "name": "Can add question translation", "content_type": 29}}, {"pk": 86, "model": "auth.permission", "fields": {"codename": "change_questiontranslation", "name": "Can change question translation", "content_type": 29}}, {"pk": 87, "model": "auth.permission", "fields": {"codename": "delete_questiontranslation", "name": "Can delete question translation", "content_type": 29}}, {"pk": 70, "model": "auth.permission", "fields": {"codename": "add_reportrun", "name": "Can add report run", "content_type": 24}}, {"pk": 71, "model": "auth.permission", "fields": {"codename": "change_reportrun", "name": "Can change report run", "content_type": 24}}, {"pk": 72, "model": "auth.permission", "fields": {"codename": "delete_reportrun", "name": "Can delete report run", "content_type": 24}}, {"pk": 55, "model": "auth.permission", "fields": {"codename": "add_response", "name": "Can add response", "content_type": 19}}, {"pk": 56, "model": "auth.permission", "fields": {"codename": "change_response", "name": "Can change response", "content_type": 19}}, {"pk": 57, "model": "auth.permission", "fields": {"codename": "delete_response", "name": "Can delete response", "content_type": 19}}, {"pk": 58, "model": "auth.permission", "fields": {"codename": "add_responseoverride", "name": "Can add response override", "content_type": 20}}, {"pk": 59, "model": "auth.permission", "fields": {"codename": "change_responseoverride", "name": "Can change response override", "content_type": 20}}, {"pk": 60, "model": "auth.permission", "fields": {"codename": "delete_responseoverride", "name": "Can delete response override", "content_type": 20}}, {"pk": 52, "model": "auth.permission", "fields": {"codename": "add_responseset", "name": "Can add response set", "content_type": 18}}, {"pk": 53, "model": "auth.permission", "fields": {"codename": "change_responseset", "name": "Can change response set", "content_type": 18}}, {"pk": 54, "model": "auth.permission", "fields": {"codename": "delete_responseset", "name": "Can delete response set", "content_type": 18}}, {"pk": 104, "model": "auth.permission", "fields": {"codename": "add_responsesetmetadata", "name": "Can add response set meta data", "content_type": 34}}, {"pk": 105, "model": "auth.permission", "fields": {"codename": "change_responsesetmetadata", "name": "Can change response set meta data", "content_type": 34}}, {"pk": 106, "model": "auth.permission", "fields": {"codename": "delete_responsesetmetadata", "name": "Can delete response set meta data", "content_type": 34}}, {"pk": 61, "model": "auth.permission", "fields": {"codename": "add_scorecard", "name": "Can add scorecard", "content_type": 21}}, {"pk": 62, "model": "auth.permission", "fields": {"codename": "change_scorecard", "name": "Can change scorecard", "content_type": 21}}, {"pk": 63, "model": "auth.permission", "fields": {"codename": "delete_scorecard", "name": "Can delete scorecard", "content_type": 21}}, {"pk": 37, "model": "auth.permission", "fields": {"codename": "add_survey", "name": "Can add survey", "content_type": 13}}, {"pk": 38, "model": "auth.permission", "fields": {"codename": "change_survey", "name": "Can change survey", "content_type": 13}}, {"pk": 39, "model": "auth.permission", "fields": {"codename": "delete_survey", "name": "Can delete survey", "content_type": 13}}, {"pk": 79, "model": "auth.permission", "fields": {"codename": "add_surveytranslation", "name": "Can add survey translation", "content_type": 27}}, {"pk": 80, "model": "auth.permission", "fields": {"codename": "change_surveytranslation", "name": "Can change survey translation", "content_type": 27}}, {"pk": 81, "model": "auth.permission", "fields": {"codename": "delete_surveytranslation", "name": "Can delete survey translation", "content_type": 27}}, {"pk": 16, "model": "auth.permission", "fields": {"codename": "add_session", "name": "Can add session", "content_type": 6}}, {"pk": 17, "model": "auth.permission", "fields": {"codename": "change_session", "name": "Can change session", "content_type": 6}}, {"pk": 18, "model": "auth.permission", "fields": {"codename": "delete_session", "name": "Can delete session", "content_type": 6}}, {"pk": 19, "model": "auth.permission", "fields": {"codename": "add_site", "name": "Can add site", "content_type": 7}}, {"pk": 20, "model": "auth.permission", "fields": {"codename": "change_site", "name": "Can change site", "content_type": 7}}, {"pk": 21, "model": "auth.permission", "fields": {"codename": "delete_site", "name": "Can delete site", "content_type": 7}}, {"pk": 76, "model": "auth.permission", "fields": {"codename": "add_migrationhistory", "name": "Can add migration history", "content_type": 26}}, {"pk": 77, "model": "auth.permission", "fields": {"codename": "change_migrationhistory", "name": "Can change migration history", "content_type": 26}}, {"pk": 78, "model": "auth.permission", "fields": {"codename": "delete_migrationhistory", "name": "Can delete migration history", "content_type": 26}}, {"pk": 8, "model": "auth.user", "fields": {"username": "mialy@human-scale.net", "first_name": "Mialy", "last_name": "Dermish", "is_active": true, "is_superuser": false, "is_staff": true, "last_login": "2012-02-16 17:16:52", "groups": [], "user_permissions": [], "password": "sha1$a7284$50a7fe2f2a033feaf801a23763ab29dbff5be384", "email": "mialy@human-scale.net", "date_joined": "2012-02-14 14:01:48"}}, {"pk": 9, "model": "auth.user", "fields": {"username": "alice.schmidt@yahoo.com", "first_name": "Alice", "last_name": "Schmidt", "is_active": true, "is_superuser": false, "is_staff": false, "last_login": "2012-02-17 10:31:40", "groups": [], "user_permissions": [], "password": "sha1$7e63f$c9af28cee85a3a4daddced4ab1009d03d332cd3d", "email": "alice.schmidt@yahoo.com", "date_joined": "2012-02-14 14:02:33"}}, {"pk": 5, "model": "auth.user", "fields": {"username": "colomboa@who.int", "first_name": "Alessandro", "last_name": "Colombo", "is_active": true, "is_superuser": false, "is_staff": false, "last_login": "2012-02-09 16:05:37", "groups": [], "user_permissions": [], "password": "", "email": "colomboa@who.int", "date_joined": "2012-02-09 16:05:37"}}, {"pk": 12, "model": "auth.user", "fields": {"username": "pascoale@mz.afro.who.int", "first_name": "Eva", "last_name": "Pascoal", "is_active": true, "is_superuser": false, "is_staff": false, "last_login": "2012-02-17 10:45:14", "groups": [], "user_permissions": [], "password": "", "email": "pascoale@mz.afro.who.int", "date_joined": "2012-02-17 10:45:14"}}, {"pk": 4, "model": "auth.user", "fields": {"username": "rohrerk@who.int", "first_name": "Katja", "last_name": "Rohrer", "is_active": true, "is_superuser": false, "is_staff": false, "last_login": "2012-02-17 10:51:08", "groups": [], "user_permissions": [], "password": "sha1$c16dd$fa066f0e1696ef89db3cc2d565cb0ae796d14501", "email": "rohrerk@who.int", "date_joined": "2012-02-09 16:04:27"}}, {"pk": -1, "model": "auth.user", "fields": {"username": "AnonymousUser", "first_name": "", "last_name": "", "is_active": true, "is_superuser": false, "is_staff": false, "last_login": "2012-02-20 15:18:56", "groups": [], "user_permissions": [], "password": "", "email": "", "date_joined": "2012-02-20 15:18:56"}}, {"pk": 13, "model": "auth.user", "fields": {"username": "radbrad182@gmail.com", "first_name": "Bradley", "last_name": "Whittington", "is_active": true, "is_superuser": false, "is_staff": false, "last_login": "2012-02-21 13:47:00", "groups": [], "user_permissions": [], "password": "sha1$199de$3d846620277d71b8c58c48e90f1ae0fcb2e4b29a", "email": "radbrad182@gmail.com", "date_joined": "2012-02-20 15:38:36"}}, {"pk": 16, "model": "auth.user", "fields": {"username": "james+test1@human-scale.net", "first_name": "tester", "last_name": "tester", "is_active": true, "is_superuser": false, "is_staff": false, "last_login": "2012-02-21 19:20:59", "groups": [], "user_permissions": [], "password": "sha1$3ff45$35f6019bac38400fc0c1c7d4f8c1f12df2d3bb7a", "email": "james+test1@human-scale.net", "date_joined": "2012-02-21 19:16:43"}}, {"pk": 3, "model": "auth.user", "fields": {"username": "james@human-scale.net", "first_name": "James", "last_name": "Fairfax", "is_active": true, "is_superuser": false, "is_staff": true, "last_login": "2012-02-09 16:15:10", "groups": [], "user_permissions": [], "password": "sha1$dd53b$297490007133d520377384b7abfa07ff02ef50b4", "email": "james@human-scale.net", "date_joined": "2012-02-09 13:28:12"}}, {"pk": 7, "model": "auth.user", "fields": {"username": "tim@human-scale.net", "first_name": "Tim", "last_name": "Shorten", "is_active": true, "is_superuser": false, "is_staff": true, "last_login": "2012-02-10 16:47:59", "groups": [], "user_permissions": [], "password": "sha1$61560$657cd710ca5b1b1b1f56444dbac4dc8b05d00cab", "email": "tim@human-scale.net", "date_joined": "2012-02-10 16:07:50"}}, {"pk": 17, "model": "auth.user", "fields": {"username": "james+test2@human-scale.net", "first_name": "tester2", "last_name": "tester2", "is_active": true, "is_superuser": false, "is_staff": false, "last_login": "2012-02-21 19:29:49", "groups": [], "user_permissions": [], "password": "sha1$aaf3d$7b9893ea84d07c69fad43bfebe2f30a1c42b1ef8", "email": "james+test2@human-scale.net", "date_joined": "2012-02-21 19:27:50"}}, {"pk": 18, "model": "auth.user", "fields": {"username": "james+test3@human-scale.net", "first_name": "tester3", "last_name": "tester3", "is_active": true, "is_superuser": false, "is_staff": false, "last_login": "2012-02-21 19:38:10", "groups": [], "user_permissions": [], "password": "sha1$9592b$a5a691cb95ae140e4ae30a7c309b0ce614c3fd97", "email": "james+test3@human-scale.net", "date_joined": "2012-02-21 19:34:02"}}, {"pk": 10, "model": "auth.user", "fields": {"username": "bradley@whijo.net", "first_name": "Bradley", "last_name": "Whittington", "is_active": true, "is_superuser": false, "is_staff": false, "last_login": "2012-02-15 14:18:33", "groups": [], "user_permissions": [], "password": "sha1$64b28$ef984fc5b606aece7285a1e0bba74c5823166ce2", "email": "bradley@whijo.net", "date_joined": "2012-02-15 14:17:35"}}, {"pk": 1, "model": "auth.user", "fields": {"username": "admin", "first_name": "", "last_name": "", "is_active": true, "is_superuser": true, "is_staff": true, "last_login": "2012-02-21 19:43:56", "groups": [], "user_permissions": [], "password": "sha1$02ebf$a8655cbf0f458c1b7b37bae1fba16ce87020d2e5", "email": "admin@example.org", "date_joined": "2012-02-09 13:26:22"}}, {"pk": 11, "model": "auth.user", "fields": {"username": "radbrad182+ihp@gmail.com", "first_name": "Bradley", "last_name": "Whittington", "is_active": true, "is_superuser": false, "is_staff": false, "last_login": "2012-02-15 14:26:35", "groups": [], "user_permissions": [], "password": "", "email": "radbrad182+ihp@gmail.com", "date_joined": "2012-02-15 14:26:35"}}, {"pk": 6, "model": "auth.user", "fields": {"username": "nicole@human-scale.net", "first_name": "Nicole", "last_name": "Neumeister", "is_active": true, "is_superuser": false, "is_staff": true, "last_login": "2012-02-23 17:14:57", "groups": [], "user_permissions": [], "password": "sha1$8d7b4$9a202bf5e0c6943e80451aee7bf13b618ed1e647", "email": "nicole@human-scale.net", "date_joined": "2012-02-09 18:26:18"}}, {"pk": 1, "model": "guardian.userobjectpermission", "fields": {"object_pk": "1", "user": 9, "content_type": 12, "permission": 35}}, {"pk": 2, "model": "guardian.userobjectpermission", "fields": {"object_pk": "26", "user": 6, "content_type": 12, "permission": 35}}, {"pk": 3, "model": "guardian.userobjectpermission", "fields": {"object_pk": "2", "user": 6, "content_type": 12, "permission": 35}}, {"pk": 4, "model": "guardian.userobjectpermission", "fields": {"object_pk": "27", "user": 6, "content_type": 12, "permission": 35}}, {"pk": 5, "model": "guardian.userobjectpermission", "fields": {"object_pk": "7", "user": 6, "content_type": 12, "permission": 35}}, {"pk": 6, "model": "guardian.userobjectpermission", "fields": {"object_pk": "7", "user": 11, "content_type": 12, "permission": 35}}, {"pk": 7, "model": "guardian.userobjectpermission", "fields": {"object_pk": "8", "user": 6, "content_type": 12, "permission": 35}}, {"pk": 8, "model": "guardian.userobjectpermission", "fields": {"object_pk": "9", "user": 6, "content_type": 12, "permission": 35}}, {"pk": 9, "model": "guardian.userobjectpermission", "fields": {"object_pk": "3", "user": 3, "content_type": 12, "permission": 35}}, {"pk": 10, "model": "guardian.userobjectpermission", "fields": {"object_pk": "4", "user": 3, "content_type": 12, "permission": 35}}, {"pk": 11, "model": "guardian.userobjectpermission", "fields": {"object_pk": "5", "user": 3, "content_type": 12, "permission": 35}}, {"pk": 12, "model": "guardian.userobjectpermission", "fields": {"object_pk": "6", "user": 3, "content_type": 12, "permission": 35}}, {"pk": 13, "model": "guardian.userobjectpermission", "fields": {"object_pk": "10", "user": 7, "content_type": 12, "permission": 35}}, {"pk": 14, "model": "guardian.userobjectpermission", "fields": {"object_pk": "15", "user": 3, "content_type": 12, "permission": 35}}, {"pk": 15, "model": "guardian.userobjectpermission", "fields": {"object_pk": "14", "user": 5, "content_type": 12, "permission": 35}}, {"pk": 16, "model": "guardian.userobjectpermission", "fields": {"object_pk": "14", "user": 12, "content_type": 12, "permission": 35}}, {"pk": 17, "model": "guardian.userobjectpermission", "fields": {"object_pk": "14", "user": 4, "content_type": 12, "permission": 35}}, {"pk": 18, "model": "guardian.userobjectpermission", "fields": {"object_pk": "14", "user": 7, "content_type": 12, "permission": 35}}, {"pk": 19, "model": "guardian.userobjectpermission", "fields": {"object_pk": "11", "user": 3, "content_type": 12, "permission": 35}}, {"pk": 20, "model": "guardian.userobjectpermission", "fields": {"object_pk": "13", "user": 8, "content_type": 12, "permission": 35}}, {"pk": 21, "model": "guardian.userobjectpermission", "fields": {"object_pk": "28", "user": 9, "content_type": 12, "permission": 35}}, {"pk": 22, "model": "guardian.userobjectpermission", "fields": {"object_pk": "16", "user": 8, "content_type": 12, "permission": 35}}, {"pk": 23, "model": "guardian.userobjectpermission", "fields": {"object_pk": "17", "user": 8, "content_type": 12, "permission": 35}}, {"pk": 24, "model": "guardian.userobjectpermission", "fields": {"object_pk": "19", "user": 8, "content_type": 12, "permission": 35}}, {"pk": 25, "model": "guardian.userobjectpermission", "fields": {"object_pk": "18", "user": 8, "content_type": 12, "permission": 35}}, {"pk": 26, "model": "guardian.userobjectpermission", "fields": {"object_pk": "20", "user": 9, "content_type": 12, "permission": 35}}, {"pk": 27, "model": "guardian.userobjectpermission", "fields": {"object_pk": "21", "user": 8, "content_type": 12, "permission": 35}}, {"pk": 28, "model": "guardian.userobjectpermission", "fields": {"object_pk": "30", "user": 9, "content_type": 12, "permission": 35}}, {"pk": 29, "model": "guardian.userobjectpermission", "fields": {"object_pk": "22", "user": 7, "content_type": 12, "permission": 35}}, {"pk": 30, "model": "guardian.userobjectpermission", "fields": {"object_pk": "23", "user": 9, "content_type": 12, "permission": 35}}, {"pk": 31, "model": "guardian.userobjectpermission", "fields": {"object_pk": "24", "user": 8, "content_type": 12, "permission": 35}}, {"pk": 32, "model": "guardian.userobjectpermission", "fields": {"object_pk": "25", "user": 9, "content_type": 12, "permission": 35}}, {"pk": 33, "model": "guardian.userobjectpermission", "fields": {"object_pk": "31", "user": 6, "content_type": 12, "permission": 35}}, {"pk": 34, "model": "guardian.userobjectpermission", "fields": {"object_pk": "32", "user": 8, "content_type": 12, "permission": 35}}, {"pk": 35, "model": "guardian.userobjectpermission", "fields": {"object_pk": "33", "user": 3, "content_type": 12, "permission": 35}}, {"pk": 36, "model": "guardian.userobjectpermission", "fields": {"object_pk": "34", "user": 6, "content_type": 12, "permission": 35}}, {"pk": 37, "model": "guardian.userobjectpermission", "fields": {"object_pk": "35", "user": 9, "content_type": 12, "permission": 35}}, {"pk": 38, "model": "guardian.userobjectpermission", "fields": {"object_pk": "36", "user": 9, "content_type": 12, "permission": 35}}, {"pk": 39, "model": "guardian.userobjectpermission", "fields": {"object_pk": "14", "user": 13, "content_type": 12, "permission": 35}}, {"pk": 41, "model": "guardian.userobjectpermission", "fields": {"object_pk": "14", "user": 16, "content_type": 12, "permission": 35}}, {"pk": 44, "model": "guardian.userobjectpermission", "fields": {"object_pk": "23", "user": 16, "content_type": 10, "permission": 95}}, {"pk": 45, "model": "guardian.userobjectpermission", "fields": {"object_pk": "4", "user": 16, "content_type": 10, "permission": 95}}, {"pk": 46, "model": "guardian.userobjectpermission", "fields": {"object_pk": "1", "user": 17, "content_type": 12, "permission": 35}}, {"pk": 47, "model": "guardian.userobjectpermission", "fields": {"object_pk": "30", "user": 17, "content_type": 10, "permission": 95}}, {"pk": 48, "model": "guardian.userobjectpermission", "fields": {"object_pk": "31", "user": 17, "content_type": 10, "permission": 95}}, {"pk": 49, "model": "guardian.userobjectpermission", "fields": {"object_pk": "14", "user": 18, "content_type": 12, "permission": 35}}, {"pk": 50, "model": "guardian.userobjectpermission", "fields": {"object_pk": "29", "user": 18, "content_type": 10, "permission": 95}}, {"pk": 51, "model": "guardian.userobjectpermission", "fields": {"object_pk": "23", "user": 18, "content_type": 10, "permission": 103}}, {"pk": 52, "model": "guardian.userobjectpermission", "fields": {"object_pk": "4", "user": 18, "content_type": 10, "permission": 103}}]