[
  {
    "pk": 1, 
    "model": "scorecard_processor.project", 
    "fields": {
      "user_set": [], 
      "name": "IHP Results"
    }
  }, 
  {
    "pk": "Country", 
    "model": "scorecard_processor.dataseriesgroup", 
    "fields": {
      "project": 1, 
      "reverse_ordering": false
    }
  }, 
  {
    "pk": "Data collection year", 
    "model": "scorecard_processor.dataseriesgroup", 
    "fields": {
      "project": 1, 
      "reverse_ordering": false
    }
  }, 
  {
    "pk": "Year", 
    "model": "scorecard_processor.dataseriesgroup", 
    "fields": {
      "project": 1, 
      "reverse_ordering": true
    }
  }, 
  {
    "pk": 10, 
    "model": "scorecard_processor.dataseries", 
    "fields": {
      "visible": true, 
      "group": "Year", 
      "name": "2006"
    }
  }, 
  {
    "pk": 9, 
    "model": "scorecard_processor.dataseries", 
    "fields": {
      "visible": true, 
      "group": "Year", 
      "name": "2007"
    }
  }, 
  {
    "pk": 8, 
    "model": "scorecard_processor.dataseries", 
    "fields": {
      "visible": true, 
      "group": "Year", 
      "name": "2008"
    }
  }, 
  {
    "pk": 7, 
    "model": "scorecard_processor.dataseries", 
    "fields": {
      "visible": true, 
      "group": "Year", 
      "name": "2009"
    }
  }, 
  {
    "pk": 6, 
    "model": "scorecard_processor.dataseries", 
    "fields": {
      "visible": true, 
      "group": "Year", 
      "name": "2010"
    }
  }, 
  {
    "pk": 5, 
    "model": "scorecard_processor.dataseries", 
    "fields": {
      "visible": true, 
      "group": "Year", 
      "name": "2011"
    }
  }, 
  {
    "pk": 20, 
    "model": "scorecard_processor.dataseries", 
    "fields": {
      "visible": false, 
      "group": "Data collection year", 
      "name": "base"
    }
  }, 
  {
    "pk": 21, 
    "model": "scorecard_processor.dataseries", 
    "fields": {
      "visible": false, 
      "group": "Data collection year", 
      "name": "c11"
    }
  }, 
  {
    "pk": 22, 
    "model": "scorecard_processor.dataseries", 
    "fields": {
      "visible": true, 
      "group": "Data collection year", 
      "name": "c12"
    }
  }, 
  {
    "pk": 4, 
    "model": "scorecard_processor.dataseries", 
    "fields": {
      "visible": true, 
      "group": "Country", 
      "name": "Botswana"
    }
  }, 
  {
    "pk": 14, 
    "model": "scorecard_processor.dataseries", 
    "fields": {
      "visible": true, 
      "group": "Country", 
      "name": "Burkina Faso"
    }
  }, 
  {
    "pk": 13, 
    "model": "scorecard_processor.dataseries", 
    "fields": {
      "visible": true, 
      "group": "Country", 
      "name": "Burundi"
    }
  }, 
  {
    "pk": 12, 
    "model": "scorecard_processor.dataseries", 
    "fields": {
      "visible": true, 
      "group": "Country", 
      "name": "DRC"
    }
  }, 
  {
    "pk": 15, 
    "model": "scorecard_processor.dataseries", 
    "fields": {
      "visible": true, 
      "group": "Country", 
      "name": "Djibouti"
    }
  }, 
  {
    "pk": 16, 
    "model": "scorecard_processor.dataseries", 
    "fields": {
      "visible": true, 
      "group": "Country", 
      "name": "Ethiopia"
    }
  }, 
  {
    "pk": 17, 
    "model": "scorecard_processor.dataseries", 
    "fields": {
      "visible": true, 
      "group": "Country", 
      "name": "Mali"
    }
  }, 
  {
    "pk": 18, 
    "model": "scorecard_processor.dataseries", 
    "fields": {
      "visible": true, 
      "group": "Country", 
      "name": "Mozambique"
    }
  }, 
  {
    "pk": 11, 
    "model": "scorecard_processor.dataseries", 
    "fields": {
      "visible": true, 
      "group": "Country", 
      "name": "Nepal"
    }
  }, 
  {
    "pk": 19, 
    "model": "scorecard_processor.dataseries", 
    "fields": {
      "visible": true, 
      "group": "Country", 
      "name": "Niger"
    }
  }, 
  {
    "pk": 3, 
    "model": "scorecard_processor.dataseries", 
    "fields": {
      "visible": true, 
      "group": "Country", 
      "name": "Nigeria"
    }
  }, 
  {
    "pk": 2, 
    "model": "scorecard_processor.dataseries", 
    "fields": {
      "visible": true, 
      "group": "Country", 
      "name": "Somalia"
    }
  }, 
  {
    "pk": 1, 
    "model": "scorecard_processor.dataseries", 
    "fields": {
      "visible": true, 
      "group": "Country", 
      "name": "South Africa"
    }
  }, 
  {
    "pk": "agency", 
    "model": "scorecard_processor.entitytype", 
    "fields": {
      "project": 1, 
      "plural": "agencies"
    }
  }, 
  {
    "pk": "government", 
    "model": "scorecard_processor.entitytype", 
    "fields": {
      "project": 1, 
      "plural": "Governments"
    }
  }, 
  {
    "pk": "non-IHP agency", 
    "model": "scorecard_processor.entitytype", 
    "fields": {
      "project": 1, 
      "plural": "non-IHP agencies"
    }
  }, 
  {
    "pk": 1, 
    "model": "scorecard_processor.entity", 
    "fields": {
      "abbreviation": "AusAID", 
      "project": 1, 
      "user_set": [], 
      "name": "AUSAID", 
      "entity_type": "agency"
    }
  }, 
  {
    "pk": 2, 
    "model": "scorecard_processor.entity", 
    "fields": {
      "abbreviation": "Belgium", 
      "project": 1, 
      "user_set": [], 
      "name": "BELGIUM", 
      "entity_type": "agency"
    }
  }, 
  {
    "pk": 3, 
    "model": "scorecard_processor.entity", 
    "fields": {
      "abbreviation": "EC", 
      "project": 1, 
      "user_set": [], 
      "name": "THE EUROPEAN COMMISSION", 
      "entity_type": "agency"
    }
  }, 
  {
    "pk": 4, 
    "model": "scorecard_processor.entity", 
    "fields": {
      "abbreviation": "GAVI", 
      "project": 1, 
      "user_set": [], 
      "name": "THE GAVI ALLIANCE", 
      "entity_type": "agency"
    }
  }, 
  {
    "pk": 5, 
    "model": "scorecard_processor.entity", 
    "fields": {
      "abbreviation": "GFATM", 
      "project": 1, 
      "user_set": [], 
      "name": "THE GLOBAL FUND TO FIGHT AIDS, TB & MALARIA", 
      "entity_type": "agency"
    }
  }, 
  {
    "pk": 6, 
    "model": "scorecard_processor.entity", 
    "fields": {
      "abbreviation": "Netherlands", 
      "project": 1, 
      "user_set": [], 
      "name": "THE NETHERLANDS", 
      "entity_type": "agency"
    }
  }, 
  {
    "pk": 7, 
    "model": "scorecard_processor.entity", 
    "fields": {
      "abbreviation": "Norway", 
      "project": 1, 
      "user_set": [], 
      "name": "NORWAY", 
      "entity_type": "agency"
    }
  }, 
  {
    "pk": 8, 
    "model": "scorecard_processor.entity", 
    "fields": {
      "abbreviation": "Spain", 
      "project": 1, 
      "user_set": [], 
      "name": "SPAIN", 
      "entity_type": "agency"
    }
  }, 
  {
    "pk": 9, 
    "model": "scorecard_processor.entity", 
    "fields": {
      "abbreviation": "Sweden", 
      "project": 1, 
      "user_set": [], 
      "name": "SWEDEN", 
      "entity_type": "agency"
    }
  }, 
  {
    "pk": 10, 
    "model": "scorecard_processor.entity", 
    "fields": {
      "abbreviation": "UK", 
      "project": 1, 
      "user_set": [], 
      "name": "THE UNITED KINGDOM", 
      "entity_type": "agency"
    }
  }, 
  {
    "pk": 11, 
    "model": "scorecard_processor.entity", 
    "fields": {
      "abbreviation": "UNAIDS", 
      "project": 1, 
      "user_set": [], 
      "name": "UNAIDS", 
      "entity_type": "agency"
    }
  }, 
  {
    "pk": 12, 
    "model": "scorecard_processor.entity", 
    "fields": {
      "abbreviation": "UNFPA", 
      "project": 1, 
      "user_set": [], 
      "name": "UNFPA", 
      "entity_type": "agency"
    }
  }, 
  {
    "pk": 13, 
    "model": "scorecard_processor.entity", 
    "fields": {
      "abbreviation": "UNICEF", 
      "project": 1, 
      "user_set": [], 
      "name": "UNICEF", 
      "entity_type": "agency"
    }
  }, 
  {
    "pk": 14, 
    "model": "scorecard_processor.entity", 
    "fields": {
      "abbreviation": "WHO", 
      "project": 1, 
      "user_set": [], 
      "name": "THE WORLD HEALTH ORGANIZATION", 
      "entity_type": "agency"
    }
  }, 
  {
    "pk": 15, 
    "model": "scorecard_processor.entity", 
    "fields": {
      "abbreviation": "World Bank", 
      "project": 1, 
      "user_set": [], 
      "name": "THE WORLD BANK", 
      "entity_type": "agency"
    }
  }, 
  {
    "pk": 16, 
    "model": "scorecard_processor.entity", 
    "fields": {
      "abbreviation": null, 
      "project": 1, 
      "user_set": [], 
      "name": "Government of Burkina Faso", 
      "entity_type": "government"
    }
  }, 
  {
    "pk": 17, 
    "model": "scorecard_processor.entity", 
    "fields": {
      "abbreviation": null, 
      "project": 1, 
      "user_set": [], 
      "name": "Government of Burundi", 
      "entity_type": "government"
    }
  }, 
  {
    "pk": 18, 
    "model": "scorecard_processor.entity", 
    "fields": {
      "abbreviation": null, 
      "project": 1, 
      "user_set": [], 
      "name": "Government of Djibouti", 
      "entity_type": "government"
    }
  }, 
  {
    "pk": 19, 
    "model": "scorecard_processor.entity", 
    "fields": {
      "abbreviation": null, 
      "project": 1, 
      "user_set": [], 
      "name": "Government of DRC", 
      "entity_type": "government"
    }
  }, 
  {
    "pk": 20, 
    "model": "scorecard_processor.entity", 
    "fields": {
      "abbreviation": null, 
      "project": 1, 
      "user_set": [], 
      "name": "Government of Ethiopia", 
      "entity_type": "government"
    }
  }, 
  {
    "pk": 21, 
    "model": "scorecard_processor.entity", 
    "fields": {
      "abbreviation": null, 
      "project": 1, 
      "user_set": [], 
      "name": "Government of Mali", 
      "entity_type": "government"
    }
  }, 
  {
    "pk": 22, 
    "model": "scorecard_processor.entity", 
    "fields": {
      "abbreviation": null, 
      "project": 1, 
      "user_set": [], 
      "name": "Government of Mozambique", 
      "entity_type": "government"
    }
  }, 
  {
    "pk": 23, 
    "model": "scorecard_processor.entity", 
    "fields": {
      "abbreviation": null, 
      "project": 1, 
      "user_set": [], 
      "name": "Government of Nepal", 
      "entity_type": "government"
    }
  }, 
  {
    "pk": 24, 
    "model": "scorecard_processor.entity", 
    "fields": {
      "abbreviation": null, 
      "project": 1, 
      "user_set": [], 
      "name": "Government of Niger", 
      "entity_type": "government"
    }
  }, 
  {
    "pk": 25, 
    "model": "scorecard_processor.entity", 
    "fields": {
      "abbreviation": null, 
      "project": 1, 
      "user_set": [], 
      "name": "Government of Nigeria", 
      "entity_type": "government"
    }
  }, 
  {
    "pk": 1, 
    "model": "scorecard_processor.survey", 
    "fields": {
      "name": "2011 Survey for Agencies", 
      "project": 1, 
      "data_series_groups": [
        "Country", 
        "Year"
      ], 
      "active": false, 
      "entity_types": [
        "agency"
      ], 
      "description": ""
    }
  }, 
  {
    "pk": 2, 
    "model": "scorecard_processor.survey", 
    "fields": {
      "name": "2011 Survey for Government", 
      "project": 1, 
      "data_series_groups": [
        "Country", 
        "Year"
      ], 
      "active": false, 
      "entity_types": [
        "government"
      ], 
      "description": ""
    }
  }, 
  {
    "pk": 3, 
    "model": "scorecard_processor.survey", 
    "fields": {
      "name": "2012 Survey for Agencies", 
      "project": 1, 
      "data_series_groups": [
        "Country", 
        "Data collection year", 
        "Year"
      ], 
      "active": true, 
      "entity_types": [
        "agency"
      ], 
      "description": "<h2>Please note before submitting data</h2>\r\n\r\n<p>Please complete a separate survey tool for each of the participating countries in which\r\nyou are supporting health sector development. For instance, where you are providing health sector aid (directly or indirectly). Health sector aid is defined as: \u201cODA contributed to the health sector.\u201d Our system should be clever enough to only give you the option to select the countries in which you are supporting the health sector, but please get in touch with your IHP+Results focal point if this is not the case.</p>\r\n\r\n<p>Data is requested for calendar years, not fiscal years.</p>\r\n<ul>\r\n    <li>You should enter financial data in the most appropriate currency. Please select your currency from the drop-down list at the top of the survey.</li>\r\n    <li>Please provide source information \u2013 ideally weblinks or references to published documents \u2013 in the \u2018Voluntary additional information\u2019 text boxes.</li>\r\n</ul>\r\n\r\n<p>In addition to the guidance above we advise you to have a copy of the [Overview Guidance] to hand when you begin submitting your data as it is possible that this will cover any questions you may have. Alternatively please get in touch with your IHP+Results focal point.</p>"
    }
  }, 
  {
    "pk": 15, 
    "model": "scorecard_processor.questiongroup", 
    "fields": {
      "ordering": 0, 
      "help_text": "An IHP+ Compact or equivalent mutual agreement is in place", 
      "survey": 2, 
      "name": "IHP+ Compact"
    }
  }, 
  {
    "pk": 1, 
    "model": "scorecard_processor.questiongroup", 
    "fields": {
      "ordering": 0, 
      "help_text": "100% of IHP+ countries\nwhere the signatory operates\nhave support for/commitment\nto the IHP+ compact (or\nequivalent) mutually agreed\nand documented.", 
      "survey": 1, 
      "name": "Proportion of IHP+"
    }
  }, 
  {
    "pk": 33, 
    "model": "scorecard_processor.questiongroup", 
    "fields": {
      "ordering": 1, 
      "help_text": "Proportion of IHP+ countries  in which the partner has signed commitment to (or documented support for) the IHP+ Country Compact or equivalent agreement.", 
      "survey": 3, 
      "name": "1DP: IHP+ Compacts and equivalent agreements"
    }
  }, 
  {
    "pk": 34, 
    "model": "scorecard_processor.questiongroup", 
    "fields": {
      "ordering": 1, 
      "help_text": "Percent of aid flows to the health sector that is reported on national health sector budgets. (PD3)", 
      "survey": 3, 
      "name": "2DPa: Aid on national budget"
    }
  }, 
  {
    "pk": 35, 
    "model": "scorecard_processor.questiongroup", 
    "fields": {
      "ordering": 1, 
      "help_text": "Percent of current capacity-development support provided through coordinated programmes consistent with national plans/strategies for the health sector (PD4)", 
      "survey": 3, 
      "name": "2DPb: Capacity development support"
    }
  }, 
  {
    "pk": 36, 
    "model": "scorecard_processor.questiongroup", 
    "fields": {
      "ordering": 1, 
      "help_text": "", 
      "survey": 3, 
      "name": "2DPc: Programme based approaches"
    }
  }, 
  {
    "pk": 37, 
    "model": "scorecard_processor.questiongroup", 
    "fields": {
      "ordering": 1, 
      "help_text": "Percent  of health sector aid provided through multi-year commitments", 
      "survey": 3, 
      "name": "3DP: Multi-year commitments"
    }
  }, 
  {
    "pk": 38, 
    "model": "scorecard_processor.questiongroup", 
    "fields": {
      "ordering": 1, 
      "help_text": "", 
      "survey": 3, 
      "name": "4DP: Predictability of disbursements"
    }
  }, 
  {
    "pk": 39, 
    "model": "scorecard_processor.questiongroup", 
    "fields": {
      "ordering": 1, 
      "help_text": "Percent of aid that flows through public financial management systems (PD5a)", 
      "survey": 3, 
      "name": "5DPa: Procurement systems"
    }
  }, 
  {
    "pk": 40, 
    "model": "scorecard_processor.questiongroup", 
    "fields": {
      "ordering": 1, 
      "help_text": "Proportion of IHP+ countries in which agreed, transparent and monitorable performance assessment frameworks are being used to assess progress  in the health sector (PD11)", 
      "survey": 3, 
      "name": "5DPb: Public financial management systems"
    }
  }, 
  {
    "pk": 41, 
    "model": "scorecard_processor.questiongroup", 
    "fields": {
      "ordering": 1, 
      "help_text": "Proportion of IHP+ countries where mutual assessments have been made of progress implementing commitments in the health sector, including on aid effectiveness  (PD12)", 
      "survey": 3, 
      "name": "5DPc: Project Implementation Units"
    }
  }, 
  {
    "pk": 42, 
    "model": "scorecard_processor.questiongroup", 
    "fields": {
      "ordering": 1, 
      "help_text": "Evidence of support for Civil Society to be actively represented in health sector policy processes - including health sector planning, coordination and review mechanisms.", 
      "survey": 3, 
      "name": "6DP: Performance assessment frameworks"
    }
  }, 
  {
    "pk": 43, 
    "model": "scorecard_processor.questiongroup", 
    "fields": {
      "ordering": 1, 
      "help_text": "", 
      "survey": 3, 
      "name": "7DP: Mutual assessment processes"
    }
  }, 
  {
    "pk": 44, 
    "model": "scorecard_processor.questiongroup", 
    "fields": {
      "ordering": 1, 
      "help_text": "", 
      "survey": 3, 
      "name": "8DP: Support to civil society representation"
    }
  }, 
  {
    "pk": 45, 
    "model": "scorecard_processor.questiongroup", 
    "fields": {
      "ordering": 1, 
      "help_text": "", 
      "survey": 3, 
      "name": "Additional questions"
    }
  }, 
  {
    "pk": 16, 
    "model": "scorecard_processor.questiongroup", 
    "fields": {
      "ordering": 1, 
      "help_text": "A National Health Sector Plan/Strategy is in place with current targets & budgets that have been jointly assessed.", 
      "survey": 2, 
      "name": "National Health Sector"
    }
  }, 
  {
    "pk": 2, 
    "model": "scorecard_processor.questiongroup", 
    "fields": {
      "ordering": 1, 
      "help_text": "Halve the proportion of aid flows to the health sector are not reported on government's budget(s) (with at least 85% reported on budget)", 
      "survey": 1, 
      "name": "Percent of aid"
    }
  }, 
  {
    "pk": 17, 
    "model": "scorecard_processor.questiongroup", 
    "fields": {
      "ordering": 2, 
      "help_text": "A costed, comprehensive national HRH plan (integrated with the health plan) is being implemented or developed", 
      "survey": 2, 
      "name": "Costed, evidence-based HRH"
    }
  }, 
  {
    "pk": 3, 
    "model": "scorecard_processor.questiongroup", 
    "fields": {
      "ordering": 2, 
      "help_text": "50% or more of technical cooperation flows to each IHP+ country in which the signatory operates are implemented through  coordinated programmes that are consistent with national plans/strategies for the health sector ", 
      "survey": 1, 
      "name": "Percent of current"
    }
  }, 
  {
    "pk": 4, 
    "model": "scorecard_processor.questiongroup", 
    "fields": {
      "ordering": 3, 
      "help_text": "66% of aid flows are provided in the context of programme based approaches", 
      "survey": 1, 
      "name": "66% of aid"
    }
  }, 
  {
    "pk": 18, 
    "model": "scorecard_processor.questiongroup", 
    "fields": {
      "ordering": 3, 
      "help_text": "15% (or an equivalent published target) of the national budget is allocated to health", 
      "survey": 2, 
      "name": "Proportion of public"
    }
  }, 
  {
    "pk": 5, 
    "model": "scorecard_processor.questiongroup", 
    "fields": {
      "ordering": 4, 
      "help_text": "90% (or an equivalent published target) of health sector funding provided through multi-year commitments [min. 3 years] ", 
      "survey": 1, 
      "name": "90% (or an"
    }
  }, 
  {
    "pk": 19, 
    "model": "scorecard_processor.questiongroup", 
    "fields": {
      "ordering": 4, 
      "help_text": "Halve the proportion of health sector funding not disbursed against the approved annual budget", 
      "survey": 2, 
      "name": "Proportion of health"
    }
  }, 
  {
    "pk": 20, 
    "model": "scorecard_processor.questiongroup", 
    "fields": {
      "ordering": 5, 
      "help_text": "Improvement of at least one measure (ie 0.5 points) on the PFM/CPIA scale of performance.", 
      "survey": 2, 
      "name": "Country procurement"
    }
  }, 
  {
    "pk": 6, 
    "model": "scorecard_processor.questiongroup", 
    "fields": {
      "ordering": 5, 
      "help_text": "Halve the proportion of health sector aid not disbursed within the year for which it was scheduled ", 
      "survey": 1, 
      "name": "Percent of health"
    }
  }, 
  {
    "pk": 21, 
    "model": "scorecard_processor.questiongroup", 
    "fields": {
      "ordering": 6, 
      "help_text": "Improvement of at least one measure on the four-point scale used to assess performance for this sector", 
      "survey": 2, 
      "name": "Improvement of at"
    }
  }, 
  {
    "pk": 7, 
    "model": "scorecard_processor.questiongroup", 
    "fields": {
      "ordering": 6, 
      "help_text": "One-third reduction in the % of health sector aid to the public sector not using partner countries' procurement systems", 
      "survey": 1, 
      "name": "Percent of health"
    }
  }, 
  {
    "pk": 22, 
    "model": "scorecard_processor.questiongroup", 
    "fields": {
      "ordering": 7, 
      "help_text": "A transparent and monitorable performance assessment framework is in place to assess progress against (a) the national development strategies relevant to health and (b) health sector programmes", 
      "survey": 2, 
      "name": "An agreed, transparent"
    }
  }, 
  {
    "pk": 8, 
    "model": "scorecard_processor.questiongroup", 
    "fields": {
      "ordering": 7, 
      "help_text": "One-third reduction in the % of health sector aid to the public sector not using partner countries' PFM systems", 
      "survey": 1, 
      "name": "Percent of aid"
    }
  }, 
  {
    "pk": 23, 
    "model": "scorecard_processor.questiongroup", 
    "fields": {
      "ordering": 8, 
      "help_text": "Mutual assessments (such as a joint Annual Health Sector Review) are being made of progress implementing commitments in the health sector, including on aid effectiveness.", 
      "survey": 2, 
      "name": "Mutual Assessments, such"
    }
  }, 
  {
    "pk": 9, 
    "model": "scorecard_processor.questiongroup", 
    "fields": {
      "ordering": 8, 
      "help_text": "Reduce by two-thirds the stock of parallel project implementation units (PIUs)", 
      "survey": 1, 
      "name": "Parallel Project Implementation"
    }
  }, 
  {
    "pk": 24, 
    "model": "scorecard_processor.questiongroup", 
    "fields": {
      "ordering": 9, 
      "help_text": "At least 10% of seats in the country's Health Sector Coordination mechanisms are allocated to Civil Society representatives.", 
      "survey": 2, 
      "name": "Evidence that Civil"
    }
  }, 
  {
    "pk": 10, 
    "model": "scorecard_processor.questiongroup", 
    "fields": {
      "ordering": 9, 
      "help_text": "Single national performance assessment frameworks are used, where they exist, as the primary basis to assess progress in all IHP+ countries where the signatory operates", 
      "survey": 1, 
      "name": "Proportion of IHP+"
    }
  }, 
  {
    "pk": 25, 
    "model": "scorecard_processor.questiongroup", 
    "fields": {
      "ordering": 10, 
      "help_text": "Number of DP missions", 
      "survey": 2, 
      "name": "DP missions"
    }
  }, 
  {
    "pk": 11, 
    "model": "scorecard_processor.questiongroup", 
    "fields": {
      "ordering": 10, 
      "help_text": "Annual mutual assessment of progress in implementing health sector commitments & agreements (such as the IHP+ country compact and on aid effectiveness in the health sector), is being made in all the countries where the signatory operates", 
      "survey": 1, 
      "name": "Proportion of IHP+"
    }
  }, 
  {
    "pk": 26, 
    "model": "scorecard_processor.questiongroup", 
    "fields": {
      "ordering": 11, 
      "help_text": "Number of DPs using pooled financing mechanisms", 
      "survey": 2, 
      "name": "DPs using pooled"
    }
  }, 
  {
    "pk": 12, 
    "model": "scorecard_processor.questiongroup", 
    "fields": {
      "ordering": 11, 
      "help_text": "Development Partner can provide some evidence of supporting active civil society engagement.", 
      "survey": 1, 
      "name": "Evidence of support"
    }
  }, 
  {
    "pk": 13, 
    "model": "scorecard_processor.questiongroup", 
    "fields": {
      "ordering": 12, 
      "help_text": "N/A", 
      "survey": 1, 
      "name": "N/A"
    }
  }, 
  {
    "pk": 27, 
    "model": "scorecard_processor.questiongroup", 
    "fields": {
      "ordering": 12, 
      "help_text": "Number of skilled medical personnel per 10,000 pop", 
      "survey": 2, 
      "name": "Skilled medical personnel"
    }
  }, 
  {
    "pk": 14, 
    "model": "scorecard_processor.questiongroup", 
    "fields": {
      "ordering": 13, 
      "help_text": "N/A", 
      "survey": 1, 
      "name": "N/A"
    }
  }, 
  {
    "pk": 28, 
    "model": "scorecard_processor.questiongroup", 
    "fields": {
      "ordering": 13, 
      "help_text": "Number of outpatient dept visits per 10,000 pop p/a", 
      "survey": 2, 
      "name": "Outpatient dept visits"
    }
  }, 
  {
    "pk": 29, 
    "model": "scorecard_processor.questiongroup", 
    "fields": {
      "ordering": 14, 
      "help_text": "Health workforce spend", 
      "survey": 2, 
      "name": "Health workforce spend"
    }
  }, 
  {
    "pk": 30, 
    "model": "scorecard_processor.questiongroup", 
    "fields": {
      "ordering": 15, 
      "help_text": "Existence of HMIS that provides timely relevant robust data on results", 
      "survey": 2, 
      "name": "Existence of HMIS"
    }
  }, 
  {
    "pk": 31, 
    "model": "scorecard_processor.questiongroup", 
    "fields": {
      "ordering": 16, 
      "help_text": "Number of Indicators in Nartional Results Framework. ", 
      "survey": 2, 
      "name": "Indicators in Nartional"
    }
  }, 
  {
    "pk": 32, 
    "model": "scorecard_processor.questiongroup", 
    "fields": {
      "ordering": 17, 
      "help_text": "JAR date and details", 
      "survey": 2, 
      "name": "JAR date"
    }
  }, 
  {
    "pk": 1, 
    "model": "scorecard_processor.question", 
    "fields": {
      "widget": "yes_no_na_choice", 
      "group": 1, 
      "question": "Have you signed the IHP+ Country Compact (or equivalent agreement)?", 
      "validator": "anything", 
      "survey": 1, 
      "help_text": null, 
      "identifier": "1"
    }
  }, 
  {
    "pk": 2, 
    "model": "scorecard_processor.question", 
    "fields": {
      "widget": "textbox", 
      "group": 1, 
      "question": "Supplemental information", 
      "validator": "anything", 
      "survey": 1, 
      "help_text": " If not, please explain why. ", 
      "identifier": "1_sup"
    }
  }, 
  {
    "pk": 37, 
    "model": "scorecard_processor.question", 
    "fields": {
      "widget": "yes_no_na_choice", 
      "group": 15, 
      "question": "Is there an IHP+ Country Compact (or equivalent agreement) in place?", 
      "validator": "anything", 
      "survey": 2, 
      "help_text": null, 
      "identifier": "1"
    }
  }, 
  {
    "pk": 38, 
    "model": "scorecard_processor.question", 
    "fields": {
      "widget": "textbox", 
      "group": 15, 
      "question": "Supplemental information", 
      "validator": "anything", 
      "survey": 2, 
      "help_text": "If yes, please provide details of the Compact or equivalent, including its title and the period which it covers.                                                                 If not, please explain why, including your efforts in leading on the creation of such an agreement in the future. ", 
      "identifier": "1_sup"
    }
  }, 
  {
    "pk": 3, 
    "model": "scorecard_processor.question", 
    "fields": {
      "widget": "fixed_currency", 
      "group": 2, 
      "question": "How much health sector aid for the government sector ($USD) did you disburse in calendar years 2007 and 2009?  ", 
      "validator": "anything", 
      "survey": 1, 
      "help_text": null, 
      "identifier": "2"
    }
  }, 
  {
    "pk": 4, 
    "model": "scorecard_processor.question", 
    "fields": {
      "widget": "fixed_currency", 
      "group": 2, 
      "question": "How much of this ($USD) was reported on national health sector budgets in 2007 and 2009?", 
      "validator": "anything", 
      "survey": 1, 
      "help_text": null, 
      "identifier": "3"
    }
  }, 
  {
    "pk": 5, 
    "model": "scorecard_processor.question", 
    "fields": {
      "widget": "textbox", 
      "group": 2, 
      "question": "Supplemental information", 
      "validator": "anything", 
      "survey": 1, 
      "help_text": " Please provide details of the specific actions/support that you are providing in this area.                                                               If you have not met the agreed target (see target column), please provide an explanation of the circumstances.", 
      "identifier": "3_sup"
    }
  }, 
  {
    "pk": 39, 
    "model": "scorecard_processor.question", 
    "fields": {
      "widget": "yes_no_na_choice", 
      "group": 16, 
      "question": "Does the National Health Sector Strategy (or equivalent) include current targets and budgets?", 
      "validator": "anything", 
      "survey": 2, 
      "help_text": null, 
      "identifier": "2"
    }
  }, 
  {
    "pk": 40, 
    "model": "scorecard_processor.question", 
    "fields": {
      "widget": "yes_no_na_choice", 
      "group": 16, 
      "question": "Has the National Health Sector Strategy been jointly assessed? ", 
      "validator": "anything", 
      "survey": 2, 
      "help_text": null, 
      "identifier": "3"
    }
  }, 
  {
    "pk": 41, 
    "model": "scorecard_processor.question", 
    "fields": {
      "widget": "textbox", 
      "group": 16, 
      "question": "Supplemental information", 
      "validator": "anything", 
      "survey": 2, 
      "help_text": "<If yes, please provide details of the plan, including its title and the period which it covers.                                          <If not, please describe your efforts to ensure that such targets and budgets are included in the future.", 
      "identifier": "2_sup"
    }
  }, 
  {
    "pk": 42, 
    "model": "scorecard_processor.question", 
    "fields": {
      "widget": "textbox", 
      "group": 16, 
      "question": "Supplemental information", 
      "validator": "anything", 
      "survey": 2, 
      "help_text": "If yes, please describe any plans in place to get the plan jointly assessed, include details about timeframes.                                             If not, please provide an explanation of the circumstances. ", 
      "identifier": "3_sup"
    }
  }, 
  {
    "pk": 81, 
    "model": "scorecard_processor.question", 
    "fields": {
      "widget": "yes_no_choice", 
      "group": 33, 
      "question": "Have you signed the IHP+ Country Compact (or equivalent agreement)?", 
      "validator": "anything", 
      "survey": 3, 
      "help_text": null, 
      "identifier": "1"
    }
  }, 
  {
    "pk": 82, 
    "model": "scorecard_processor.question", 
    "fields": {
      "widget": "textbox", 
      "group": 33, 
      "question": "Voluntary additional information", 
      "validator": "anything", 
      "survey": 3, 
      "help_text": "Please use this space to provide any additional information", 
      "identifier": "1DP"
    }
  }, 
  {
    "pk": 83, 
    "model": "scorecard_processor.question", 
    "fields": {
      "widget": "multi_currency", 
      "group": 34, 
      "question": "What value of health sector aid for the government sector did you disburse?  ", 
      "validator": "anything", 
      "survey": 3, 
      "help_text": null, 
      "identifier": "2"
    }
  }, 
  {
    "pk": 84, 
    "model": "scorecard_processor.question", 
    "fields": {
      "widget": "multi_currency", 
      "group": 34, 
      "question": "What value of this was reported on national health sector budgets in 2011?", 
      "validator": "anything", 
      "survey": 3, 
      "help_text": null, 
      "identifier": "3"
    }
  }, 
  {
    "pk": 85, 
    "model": "scorecard_processor.question", 
    "fields": {
      "widget": "textbox", 
      "group": 34, 
      "question": "Voluntary additional information", 
      "validator": "anything", 
      "survey": 3, 
      "help_text": "Please use this space to provide any additional information", 
      "identifier": "2DPa"
    }
  }, 
  {
    "pk": 86, 
    "model": "scorecard_processor.question", 
    "fields": {
      "widget": "multi_currency", 
      "group": 35, 
      "question": "What value of technical cooperation for health did you disburse?", 
      "validator": "anything", 
      "survey": 3, 
      "help_text": null, 
      "identifier": "4"
    }
  }, 
  {
    "pk": 87, 
    "model": "scorecard_processor.question", 
    "fields": {
      "widget": "multi_currency", 
      "group": 35, 
      "question": "What value of this did you disburse through coordinated programmes that are consistent with national plans/strategies for the health sector?", 
      "validator": "anything", 
      "survey": 3, 
      "help_text": null, 
      "identifier": "5"
    }
  }, 
  {
    "pk": 88, 
    "model": "scorecard_processor.question", 
    "fields": {
      "widget": "textbox", 
      "group": 35, 
      "question": "Voluntary additional information", 
      "validator": "anything", 
      "survey": 3, 
      "help_text": "Please use this space to provide any additional information", 
      "identifier": "2DPb"
    }
  }, 
  {
    "pk": 89, 
    "model": "scorecard_processor.question", 
    "fields": {
      "widget": "multi_currency", 
      "group": 36, 
      "question": "What value of health sector aid  did you disburse at country level? ", 
      "validator": "anything", 
      "survey": 3, 
      "help_text": null, 
      "identifier": "6"
    }
  }, 
  {
    "pk": 90, 
    "model": "scorecard_processor.question", 
    "fields": {
      "widget": "multi_currency", 
      "group": 36, 
      "question": "What value of health sector aid did you disburse in support of initiatives adopting programme-based aproaches?", 
      "validator": "anything", 
      "survey": 3, 
      "help_text": null, 
      "identifier": "7"
    }
  }, 
  {
    "pk": 91, 
    "model": "scorecard_processor.question", 
    "fields": {
      "widget": "textbox", 
      "group": 36, 
      "question": "Voluntary additional information", 
      "validator": "anything", 
      "survey": 3, 
      "help_text": "Please use this space to provide any additional information", 
      "identifier": "2DPc"
    }
  }, 
  {
    "pk": 92, 
    "model": "scorecard_processor.question", 
    "fields": {
      "widget": "multi_currency", 
      "group": 37, 
      "question": "What value of the health sector aid that you disbursed was provided through multi-year commitments (at least 3 years)? ", 
      "validator": "anything", 
      "survey": 3, 
      "help_text": null, 
      "identifier": "8"
    }
  }, 
  {
    "pk": 93, 
    "model": "scorecard_processor.question", 
    "fields": {
      "widget": "textbox", 
      "group": 37, 
      "question": "Voluntary additional information", 
      "validator": "anything", 
      "survey": 3, 
      "help_text": "Please use this space to provide any additional information", 
      "identifier": "3DP"
    }
  }, 
  {
    "pk": 94, 
    "model": "scorecard_processor.question", 
    "fields": {
      "widget": "multi_currency", 
      "group": 38, 
      "question": "What value of health sector aid did you plan to disburse at country level?", 
      "validator": "anything", 
      "survey": 3, 
      "help_text": null, 
      "identifier": "9"
    }
  }, 
  {
    "pk": 95, 
    "model": "scorecard_processor.question", 
    "fields": {
      "widget": "textbox", 
      "group": 38, 
      "question": "Voluntary additional information", 
      "validator": "anything", 
      "survey": 3, 
      "help_text": "Please use this space to provide any additional information", 
      "identifier": "4DP"
    }
  }, 
  {
    "pk": 96, 
    "model": "scorecard_processor.question", 
    "fields": {
      "widget": "multi_currency", 
      "group": 39, 
      "question": "What value of health sector aid for procurement was disbursed? ", 
      "validator": "anything", 
      "survey": 3, 
      "help_text": null, 
      "identifier": "10"
    }
  }, 
  {
    "pk": 97, 
    "model": "scorecard_processor.question", 
    "fields": {
      "widget": "multi_currency", 
      "group": 39, 
      "question": "What value of this used national procurement systems ?", 
      "validator": "anything", 
      "survey": 3, 
      "help_text": null, 
      "identifier": "11"
    }
  }, 
  {
    "pk": 98, 
    "model": "scorecard_processor.question", 
    "fields": {
      "widget": "textbox", 
      "group": 39, 
      "question": "Voluntary additional information", 
      "validator": "anything", 
      "survey": 3, 
      "help_text": "Please use this space to provide any additional information", 
      "identifier": "5DPa"
    }
  }, 
  {
    "pk": 99, 
    "model": "scorecard_processor.question", 
    "fields": {
      "widget": "multi_currency", 
      "group": 40, 
      "question": "What value of health sector aid for the government sector (Q2) used national public financial management systems? ", 
      "validator": "anything", 
      "survey": 3, 
      "help_text": null, 
      "identifier": "12"
    }
  }, 
  {
    "pk": 100, 
    "model": "scorecard_processor.question", 
    "fields": {
      "widget": "textbox", 
      "group": 40, 
      "question": "Voluntary additional information", 
      "validator": "anything", 
      "survey": 3, 
      "help_text": "Please use this space to provide any additional information", 
      "identifier": "5DPb"
    }
  }, 
  {
    "pk": 101, 
    "model": "scorecard_processor.question", 
    "fields": {
      "widget": "integer", 
      "group": 41, 
      "question": "How many parallel project implementation units did you make use of in the provision of health sector aid for the government sector?", 
      "validator": "anything", 
      "survey": 3, 
      "help_text": null, 
      "identifier": "13"
    }
  }, 
  {
    "pk": 102, 
    "model": "scorecard_processor.question", 
    "fields": {
      "widget": "textbox", 
      "group": 41, 
      "question": "Voluntary additional information", 
      "validator": "anything", 
      "survey": 3, 
      "help_text": "Please use this space to provide any additional information", 
      "identifier": "5DPc"
    }
  }, 
  {
    "pk": 103, 
    "model": "scorecard_processor.question", 
    "fields": {
      "widget": "yes_no_choice", 
      "group": 42, 
      "question": "Did you routinely use a single national performance assessment framework as the primary basis to assess progress in your country? ", 
      "validator": "anything", 
      "survey": 3, 
      "help_text": null, 
      "identifier": "14"
    }
  }, 
  {
    "pk": 104, 
    "model": "scorecard_processor.question", 
    "fields": {
      "widget": "textbox", 
      "group": 42, 
      "question": "Voluntary additional information", 
      "validator": "anything", 
      "survey": 3, 
      "help_text": "Please use this space to provide any additional information", 
      "identifier": "6DP"
    }
  }, 
  {
    "pk": 105, 
    "model": "scorecard_processor.question", 
    "fields": {
      "widget": "yes_no_choice", 
      "group": 43, 
      "question": "Did you undertake a mutual assessment(s) of progress in implementing health sector commitments, including on aid effectiveness? ", 
      "validator": "anything", 
      "survey": 3, 
      "help_text": null, 
      "identifier": "15"
    }
  }, 
  {
    "pk": 106, 
    "model": "scorecard_processor.question", 
    "fields": {
      "widget": "textbox", 
      "group": 43, 
      "question": "Voluntary additional information", 
      "validator": "anything", 
      "survey": 3, 
      "help_text": "Please use this space to provide any additional information", 
      "identifier": "7DP"
    }
  }, 
  {
    "pk": 107, 
    "model": "scorecard_processor.question", 
    "fields": {
      "widget": "aid_types", 
      "group": 44, 
      "question": "What support, if any, did you provide to civil society organisations to enable them to participate in health sector policy processes - including health sector planning, coordination and review mechanisms? (please enter Yes (Y) in as many categories as appropriate).", 
      "validator": "anything", 
      "survey": 3, 
      "help_text": null, 
      "identifier": "16"
    }
  }, 
  {
    "pk": 108, 
    "model": "scorecard_processor.question", 
    "fields": {
      "widget": "textbox", 
      "group": 44, 
      "question": "Voluntary additional information", 
      "validator": "anything", 
      "survey": 3, 
      "help_text": "Please use this space to provide any additional information", 
      "identifier": "8DP"
    }
  }, 
  {
    "pk": 109, 
    "model": "scorecard_processor.question", 
    "fields": {
      "widget": "multi_currency", 
      "group": 45, 
      "question": "What value of general budget support did you disburse?", 
      "validator": "anything", 
      "survey": 3, 
      "help_text": null, 
      "identifier": "17"
    }
  }, 
  {
    "pk": 110, 
    "model": "scorecard_processor.question", 
    "fields": {
      "widget": "multi_currency", 
      "group": 45, 
      "question": "What value of sector budget support did you disburse?", 
      "validator": "anything", 
      "survey": 3, 
      "help_text": null, 
      "identifier": "18"
    }
  }, 
  {
    "pk": 111, 
    "model": "scorecard_processor.question", 
    "fields": {
      "widget": "textbox", 
      "group": 45, 
      "question": "Voluntary additional information", 
      "validator": "anything", 
      "survey": 3, 
      "help_text": "Please use this space to provide any additional information", 
      "identifier": "General"
    }
  }, 
  {
    "pk": 6, 
    "model": "scorecard_processor.question", 
    "fields": {
      "widget": "fixed_currency", 
      "group": 3, 
      "question": "How much technical cooperation for health did you disburse ($USD) in calendar year 2007 and 2009?", 
      "validator": "anything", 
      "survey": 1, 
      "help_text": null, 
      "identifier": "4"
    }
  }, 
  {
    "pk": 7, 
    "model": "scorecard_processor.question", 
    "fields": {
      "widget": "fixed_currency", 
      "group": 3, 
      "question": "How much technical cooperation for health did you disburse through coordinated programmes that are consistent with national plans/strategies for the health sector?", 
      "validator": "anything", 
      "survey": 1, 
      "help_text": null, 
      "identifier": "5"
    }
  }, 
  {
    "pk": 8, 
    "model": "scorecard_processor.question", 
    "fields": {
      "widget": "textbox", 
      "group": 3, 
      "question": "Supplemental information", 
      "validator": "anything", 
      "survey": 1, 
      "help_text": " Please provide details of the specific actions/support that you are providing in this area.                                                               If you have not met the agreed target (see target column), please provide an explanation of the circumstances.", 
      "identifier": "5_sup"
    }
  }, 
  {
    "pk": 43, 
    "model": "scorecard_processor.question", 
    "fields": {
      "widget": "yes_no_na_choice", 
      "group": 17, 
      "question": "Is there a costed, comprehensive, evidence based HRH plan (that is integrated with the national health plan) that is being implemented or developed?", 
      "validator": "anything", 
      "survey": 2, 
      "help_text": null, 
      "identifier": "4"
    }
  }, 
  {
    "pk": 44, 
    "model": "scorecard_processor.question", 
    "fields": {
      "widget": "textbox", 
      "group": 17, 
      "question": "Supplemental information", 
      "validator": "anything", 
      "survey": 2, 
      "help_text": "If yes, please provide details of the plan, including its title and the period which it covers, and details on how its been implemented.                             If not, please provide an explanation of the circumstances   ", 
      "identifier": "4_sup"
    }
  }, 
  {
    "pk": 9, 
    "model": "scorecard_processor.question", 
    "fields": {
      "widget": "fixed_currency", 
      "group": 4, 
      "question": "How much health sector aid ($USD) did you disburse at country level in calendar years 2007 and 2009? ", 
      "validator": "anything", 
      "survey": 1, 
      "help_text": null, 
      "identifier": "6"
    }
  }, 
  {
    "pk": 10, 
    "model": "scorecard_processor.question", 
    "fields": {
      "widget": "fixed_currency", 
      "group": 4, 
      "question": "How much health sector aid did you disburse in support of initiatives adopting programme-based aproaches in calendar years 2007 and 2009?", 
      "validator": "anything", 
      "survey": 1, 
      "help_text": null, 
      "identifier": "7"
    }
  }, 
  {
    "pk": 11, 
    "model": "scorecard_processor.question", 
    "fields": {
      "widget": "textbox", 
      "group": 4, 
      "question": "Supplemental information", 
      "validator": "anything", 
      "survey": 1, 
      "help_text": " Please provide details of the specific actions/support that you are providing in this area.                                                               If you have not met the agreed target (see target column), please provide an explanation of the circumstances.", 
      "identifier": "7_sup"
    }
  }, 
  {
    "pk": 45, 
    "model": "scorecard_processor.question", 
    "fields": {
      "widget": "fixed_currency", 
      "group": 18, 
      "question": "What was the total amount of public funding/national budget in $USD?", 
      "validator": "anything", 
      "survey": 2, 
      "help_text": null, 
      "identifier": "5"
    }
  }, 
  {
    "pk": 46, 
    "model": "scorecard_processor.question", 
    "fields": {
      "widget": "fixed_currency", 
      "group": 18, 
      "question": "What was the total amount of public funding allocated to health in $USD?", 
      "validator": "anything", 
      "survey": 2, 
      "help_text": null, 
      "identifier": "6"
    }
  }, 
  {
    "pk": 47, 
    "model": "scorecard_processor.question", 
    "fields": {
      "widget": "textbox", 
      "group": 18, 
      "question": "Supplemental information", 
      "validator": "anything", 
      "survey": 2, 
      "help_text": "Please provide details of the specific actions/support that you are providing in this area;                                                               If you have not met the agreed target (see target column), please provide an explanation of the circumstances.", 
      "identifier": "6_sup"
    }
  }, 
  {
    "pk": 12, 
    "model": "scorecard_processor.question", 
    "fields": {
      "widget": "fixed_currency", 
      "group": 5, 
      "question": "How much health sector aid ($USD) did you disburse at country level in calendar years 2007 and 2009?", 
      "validator": "anything", 
      "survey": 1, 
      "help_text": null, 
      "identifier": "8"
    }
  }, 
  {
    "pk": 13, 
    "model": "scorecard_processor.question", 
    "fields": {
      "widget": "fixed_currency", 
      "group": 5, 
      "question": "How much of this was provided through multi-year commitments (at least 3 years)? ", 
      "validator": "anything", 
      "survey": 1, 
      "help_text": null, 
      "identifier": "9"
    }
  }, 
  {
    "pk": 14, 
    "model": "scorecard_processor.question", 
    "fields": {
      "widget": "textbox", 
      "group": 5, 
      "question": "Supplemental information", 
      "validator": "anything", 
      "survey": 1, 
      "help_text": " Has your agency published a target (that differs from 90%) for the percent of health sector aid provided through multi-year commitments?  If so, please confirm that target and show where it was published.                                                                   Please provide details of the specific actions/support that you are providing in this area.                                                               If you have not met the agreed target (see target column), please provide an explanation of the circumstances.", 
      "identifier": "9_sup"
    }
  }, 
  {
    "pk": 48, 
    "model": "scorecard_processor.question", 
    "fields": {
      "widget": "fixed_currency", 
      "group": 19, 
      "question": "What was the total amount ($USD) of the approved annual budget for the health sector? ", 
      "validator": "anything", 
      "survey": 2, 
      "help_text": null, 
      "identifier": "7"
    }
  }, 
  {
    "pk": 49, 
    "model": "scorecard_processor.question", 
    "fields": {
      "widget": "fixed_currency", 
      "group": 19, 
      "question": "What was the total amount ($USD) of funding disbursed against the approved annual budget for the health sector?", 
      "validator": "anything", 
      "survey": 2, 
      "help_text": null, 
      "identifier": "8"
    }
  }, 
  {
    "pk": 50, 
    "model": "scorecard_processor.question", 
    "fields": {
      "widget": "textbox", 
      "group": 19, 
      "question": "Supplemental information", 
      "validator": "anything", 
      "survey": 2, 
      "help_text": "Please provide details of the specific actions/support that you are providing in this area;                                                               If you have not met the agreed target (see target column), please provide an explanation of the circumstances.", 
      "identifier": "8_sup"
    }
  }, 
  {
    "pk": 15, 
    "model": "scorecard_processor.question", 
    "fields": {
      "widget": "fixed_currency", 
      "group": 6, 
      "question": "In calendar years 2007 and 2009, how much health sector aid did you disburse at the country level?", 
      "validator": "anything", 
      "survey": 1, 
      "help_text": null, 
      "identifier": "10"
    }
  }, 
  {
    "pk": 16, 
    "model": "scorecard_processor.question", 
    "fields": {
      "widget": "fixed_currency", 
      "group": 6, 
      "question": "How much health sector aid did you disburse within the year for which it was scheduled?", 
      "validator": "anything", 
      "survey": 1, 
      "help_text": null, 
      "identifier": "11"
    }
  }, 
  {
    "pk": 17, 
    "model": "scorecard_processor.question", 
    "fields": {
      "widget": "textbox", 
      "group": 6, 
      "question": "Supplemental information", 
      "validator": "anything", 
      "survey": 1, 
      "help_text": " Please provide details of the specific actions/support that you are providing in this area.                                                               If you have not met the agreed target (see target column), please provide an explanation of the circumstances.", 
      "identifier": "11_sup"
    }
  }, 
  {
    "pk": 51, 
    "model": "scorecard_processor.question", 
    "fields": {
      "widget": "rating_0_5_half", 
      "group": 20, 
      "question": "Please provide scores against the PFM/CPIA scale of performance. ", 
      "validator": "anything", 
      "survey": 2, 
      "help_text": null, 
      "identifier": "9"
    }
  }, 
  {
    "pk": 52, 
    "model": "scorecard_processor.question", 
    "fields": {
      "widget": "textbox", 
      "group": 20, 
      "question": "Supplemental information", 
      "validator": "anything", 
      "survey": 2, 
      "help_text": "NB:  The \"Guide to Key Terms & Definitions\" provides data for PFM/CPIA scores.  IHP+Results will use this data.  Please include any comments on those scores, with answers to the following questsions, in the column \"Answers & additional information\":                  If PFM/CPIA score is below 3.5, are there reform programmes in place to strengthen thes?                                                                       Please provide details of the specific actions/support that you are providing in this area.                                                               If you have not met the agreed target (see target column), please provide an explanation of the circumstances.", 
      "identifier": "9_sup"
    }
  }, 
  {
    "pk": 18, 
    "model": "scorecard_processor.question", 
    "fields": {
      "widget": "fixed_currency", 
      "group": 7, 
      "question": "How much health sector aid for procurement was disbursed in 2007 and 2009? ", 
      "validator": "anything", 
      "survey": 1, 
      "help_text": null, 
      "identifier": "12"
    }
  }, 
  {
    "pk": 19, 
    "model": "scorecard_processor.question", 
    "fields": {
      "widget": "fixed_currency", 
      "group": 7, 
      "question": "In calendar years 2007 and 2009, how much of this used national procurement systems ?", 
      "validator": "anything", 
      "survey": 1, 
      "help_text": null, 
      "identifier": "13"
    }
  }, 
  {
    "pk": 20, 
    "model": "scorecard_processor.question", 
    "fields": {
      "widget": "textbox", 
      "group": 7, 
      "question": "Supplemental information", 
      "validator": "anything", 
      "survey": 1, 
      "help_text": "Please provide details of the specific actions/support that you are providing in this area.                                                              If you have not met the agreed target (see target column), please provide an explanation of the circumstances.                                    If you are not using national procurement systems, please explain why and what you are doing to strengthen them?", 
      "identifier": "13_sup"
    }
  }, 
  {
    "pk": 53, 
    "model": "scorecard_processor.question", 
    "fields": {
      "widget": "rating_0_5_half", 
      "group": 21, 
      "question": "Please provide the scores for the four point scale used to assess performance in the procurement sector for 2007 and 2009.", 
      "validator": "anything", 
      "survey": 2, 
      "help_text": null, 
      "identifier": "10"
    }
  }, 
  {
    "pk": 54, 
    "model": "scorecard_processor.question", 
    "fields": {
      "widget": "textbox", 
      "group": 21, 
      "question": "Supplemental information", 
      "validator": "anything", 
      "survey": 2, 
      "help_text": "NB:  The \"Guide to Key Terms & Definitions\" provides available data for \"four point scale\".  IHP+Results will use this data.  Please include any comments on this data, with answers to the following questsions, in the column \"Answers & additional information\":If this data is not available, please provide details on how procurement systems adhere to broadly accepted good practices.                                                           If procurement systems do not adhere to broadly accepted good practices, are there reform programmes in place to strengthen these?                                                                Please provide details of the specific actions/support that you are providing in this area;                                                               If you have not met the agreed target (see target column), please provide an explanation of the circumstances.", 
      "identifier": "10_sup"
    }
  }, 
  {
    "pk": 21, 
    "model": "scorecard_processor.question", 
    "fields": {
      "widget": "fixed_currency", 
      "group": 8, 
      "question": "How much health sector aid for the government sector  was disbursed in 2007 and 2009? ", 
      "validator": "anything", 
      "survey": 1, 
      "help_text": null, 
      "identifier": "14"
    }
  }, 
  {
    "pk": 22, 
    "model": "scorecard_processor.question", 
    "fields": {
      "widget": "fixed_currency", 
      "group": 8, 
      "question": "How much of this used national public financial management systems in 2007 and 2009? ", 
      "validator": "anything", 
      "survey": 1, 
      "help_text": null, 
      "identifier": "15"
    }
  }, 
  {
    "pk": 23, 
    "model": "scorecard_processor.question", 
    "fields": {
      "widget": "textbox", 
      "group": 8, 
      "question": "Supplemental information", 
      "validator": "anything", 
      "survey": 1, 
      "help_text": " Please provide details of the specific actions/support that you are providing in this area.                                                               If you have not met the agreed target (see target column), please provide an explanation of the circumstances.                                   >If you are not using national PFM systems (budget execution, financial reporting procedures, national auditing procedures), please explain why and what you are doing to help strengthen them?", 
      "identifier": "15_sup"
    }
  }, 
  {
    "pk": 55, 
    "model": "scorecard_processor.question", 
    "fields": {
      "widget": "yes_no_na_choice", 
      "group": 22, 
      "question": "Is there a transparent and monitorable performance assessment framework which is in place to assess progress in the health sector", 
      "validator": "anything", 
      "survey": 2, 
      "help_text": null, 
      "identifier": "11"
    }
  }, 
  {
    "pk": 56, 
    "model": "scorecard_processor.question", 
    "fields": {
      "widget": "textbox", 
      "group": 22, 
      "question": "Supplemental information", 
      "validator": "anything", 
      "survey": 2, 
      "help_text": "Please provide details of the specific actions/support that you are providing in this area.                                                             If you have not met the agreed target (see target column), please provide an explanation about the circumstances.", 
      "identifier": "11_sup"
    }
  }, 
  {
    "pk": 24, 
    "model": "scorecard_processor.question", 
    "fields": {
      "widget": "integer", 
      "group": 9, 
      "question": "How many parallel project implementation units did you make use of in the provision of health sector aid for the government sector 2007 and 2009?", 
      "validator": "anything", 
      "survey": 1, 
      "help_text": null, 
      "identifier": "16"
    }
  }, 
  {
    "pk": 25, 
    "model": "scorecard_processor.question", 
    "fields": {
      "widget": "textbox", 
      "group": 9, 
      "question": "Supplemental information", 
      "validator": "anything", 
      "survey": 1, 
      "help_text": " If you have not met the agreed target (see target column), please provide an explanation of the circumstances.                                                    If you are using PIUs please comment on the trend in use, and plans to reduce the stock of PIUs.  ", 
      "identifier": "16_sup"
    }
  }, 
  {
    "pk": 57, 
    "model": "scorecard_processor.question", 
    "fields": {
      "widget": "yes_no_na_choice", 
      "group": 23, 
      "question": "Did you undertake a mutual assessment[s] of progress in implementing health sector commitments including on aid effectiveness?", 
      "validator": "anything", 
      "survey": 2, 
      "help_text": null, 
      "identifier": "12"
    }
  }, 
  {
    "pk": 58, 
    "model": "scorecard_processor.question", 
    "fields": {
      "widget": "textbox", 
      "group": 23, 
      "question": "Supplemental information", 
      "validator": "anything", 
      "survey": 2, 
      "help_text": "If such a mechanism is not in place please provide details on your efforts to ensure such mechanisms are being introduced in the future, including how it will monitor aid effectiveness.                                                                     Please provide details of the specific actions/support that you are providing in this area.                                                               If you have not met the agreed target (see target column), please provide an explanation of the circumstances.", 
      "identifier": "12_sup"
    }
  }, 
  {
    "pk": 26, 
    "model": "scorecard_processor.question", 
    "fields": {
      "widget": "yes_no_na_choice", 
      "group": 10, 
      "question": "Did you routinely use a single national performance assessment framework as the primary basis to assess progress in your country? ", 
      "validator": "anything", 
      "survey": 1, 
      "help_text": null, 
      "identifier": "17"
    }
  }, 
  {
    "pk": 27, 
    "model": "scorecard_processor.question", 
    "fields": {
      "widget": "textbox", 
      "group": 10, 
      "question": "Supplemental information", 
      "validator": "anything", 
      "survey": 1, 
      "help_text": " If you do not use a single national performance assessment framework please provide details on why, including details on your efforts to use such a framework in the future.", 
      "identifier": "17_sup"
    }
  }, 
  {
    "pk": 59, 
    "model": "scorecard_processor.question", 
    "fields": {
      "widget": "integer", 
      "group": 24, 
      "question": "How many seats were allocated to civil society representatives on the health sector coordination mechanism? ", 
      "validator": "anything", 
      "survey": 2, 
      "help_text": null, 
      "identifier": "13"
    }
  }, 
  {
    "pk": 60, 
    "model": "scorecard_processor.question", 
    "fields": {
      "widget": "integer", 
      "group": 24, 
      "question": "What is the total number of seats on the health sector coordination mechanism?", 
      "validator": "anything", 
      "survey": 2, 
      "help_text": null, 
      "identifier": "14"
    }
  }, 
  {
    "pk": 61, 
    "model": "scorecard_processor.question", 
    "fields": {
      "widget": "textbox", 
      "group": 24, 
      "question": "Supplemental information", 
      "validator": "anything", 
      "survey": 2, 
      "help_text": "Please provide any additional details relating to this.                                                                        If you wish, please provide details of the specific actions/support that you are providing in this area.                                                               If you have not met the agreed target (see target column), please provide an explanation of the circumstances.", 
      "identifier": "14_sup"
    }
  }, 
  {
    "pk": 28, 
    "model": "scorecard_processor.question", 
    "fields": {
      "widget": "yes_no_na_choice", 
      "group": 11, 
      "question": "Did you undertake a mutual assessment(s) of progress in implementing health sector commitments, including on aid effectiveness? ", 
      "validator": "anything", 
      "survey": 1, 
      "help_text": null, 
      "identifier": "18"
    }
  }, 
  {
    "pk": 29, 
    "model": "scorecard_processor.question", 
    "fields": {
      "widget": "textbox", 
      "group": 11, 
      "question": "Please comment on the effectiveness of the JAR as an accountability mechanism. ", 
      "validator": "anything", 
      "survey": 1, 
      "help_text": "", 
      "identifier": "19"
    }
  }, 
  {
    "pk": 30, 
    "model": "scorecard_processor.question", 
    "fields": {
      "widget": "textbox", 
      "group": 11, 
      "question": "Supplemental information", 
      "validator": "anything", 
      "survey": 1, 
      "help_text": "< If such a mechanism is not in place please provide details on your efforts to ensure such a mechanism is in place in the future, including how it will monitor aid effectiveness.          <If you have undertaken a mutual assessment, please provide details on how you participated in this mechanism.", 
      "identifier": "18_sup"
    }
  }, 
  {
    "pk": 31, 
    "model": "scorecard_processor.question", 
    "fields": {
      "widget": "textbox", 
      "group": 11, 
      "question": "Supplemental information", 
      "validator": "anything", 
      "survey": 1, 
      "help_text": " Please provide an assessment of the strengths and weaknesses of the JAR to to monitor health sector aid effectiveness commitments.                                                               What needs to be done to strengthen the JAR as an accountability mechanism?", 
      "identifier": "19_sup"
    }
  }, 
  {
    "pk": 62, 
    "model": "scorecard_processor.question", 
    "fields": {
      "widget": "integer", 
      "group": 25, 
      "question": "What were the total number of Development Partner / Donor missions in 2007 and 2009?", 
      "validator": "anything", 
      "survey": 2, 
      "help_text": null, 
      "identifier": "15"
    }
  }, 
  {
    "pk": 63, 
    "model": "scorecard_processor.question", 
    "fields": {
      "widget": "textbox", 
      "group": 25, 
      "question": "Supplemental information", 
      "validator": "anything", 
      "survey": 2, 
      "help_text": "Please comment on the extent to which these have been conducted jointly by Development Partners.", 
      "identifier": "15_sup"
    }
  }, 
  {
    "pk": 32, 
    "model": "scorecard_processor.question", 
    "fields": {
      "widget": "integer", 
      "group": 12, 
      "question": "What support, if any, did you provide to civil society organisations to enable them to participate in health sector policy processes - including health sector planning, coordination and review mechanisms? ", 
      "validator": "anything", 
      "survey": 1, 
      "help_text": null, 
      "identifier": "20"
    }
  }, 
  {
    "pk": 64, 
    "model": "scorecard_processor.question", 
    "fields": {
      "widget": "integer", 
      "group": 26, 
      "question": "How many development partners used a pooled funding mechanism (if it exists)? ", 
      "validator": "anything", 
      "survey": 2, 
      "help_text": null, 
      "identifier": "16"
    }
  }, 
  {
    "pk": 65, 
    "model": "scorecard_processor.question", 
    "fields": {
      "widget": "textbox", 
      "group": 26, 
      "question": "Supplemental information", 
      "validator": "anything", 
      "survey": 2, 
      "help_text": "Please name the development partner(s) who used a pooled funding mechanism.", 
      "identifier": "16_sup"
    }
  }, 
  {
    "pk": 33, 
    "model": "scorecard_processor.question", 
    "fields": {
      "widget": "fixed_currency", 
      "group": 13, 
      "question": "How much health sector aid ($USD) did you disburse through other donors (ie. health sector aid that is not captured in your response to Q2 above) at country level in 2007 and 2009?", 
      "validator": "anything", 
      "survey": 1, 
      "help_text": null, 
      "identifier": "21"
    }
  }, 
  {
    "pk": 34, 
    "model": "scorecard_processor.question", 
    "fields": {
      "widget": "textbox", 
      "group": 13, 
      "question": "Supplemental information", 
      "validator": "anything", 
      "survey": 1, 
      "help_text": "If you provided this kind of support, please provide further details, including amounts and donors that you disbursed to.", 
      "identifier": "21_sup"
    }
  }, 
  {
    "pk": 66, 
    "model": "scorecard_processor.question", 
    "fields": {
      "widget": "integer", 
      "group": 27, 
      "question": "How many skilled medical personnel were there in 2007 and 2009?", 
      "validator": "anything", 
      "survey": 2, 
      "help_text": null, 
      "identifier": "17"
    }
  }, 
  {
    "pk": 67, 
    "model": "scorecard_processor.question", 
    "fields": {
      "widget": "integer", 
      "group": 27, 
      "question": "What was the total population in 2007 and 2009?", 
      "validator": "anything", 
      "survey": 2, 
      "help_text": null, 
      "identifier": "18"
    }
  }, 
  {
    "pk": 68, 
    "model": "scorecard_processor.question", 
    "fields": {
      "widget": "textbox", 
      "group": 27, 
      "question": "Supplemental information", 
      "validator": "anything", 
      "survey": 2, 
      "help_text": "Is the availability of skilled medical personnel sufficient?                                   Does it meet national targets, if these exist?                                       What are the obstacles to improving the availability of skiller health workers?", 
      "identifier": "18_sup"
    }
  }, 
  {
    "pk": 35, 
    "model": "scorecard_processor.question", 
    "fields": {
      "widget": "fixed_currency", 
      "group": 14, 
      "question": "How much general budget support ($USD) did you disburse in 2007 and 2009?", 
      "validator": "anything", 
      "survey": 1, 
      "help_text": null, 
      "identifier": "22"
    }
  }, 
  {
    "pk": 36, 
    "model": "scorecard_processor.question", 
    "fields": {
      "widget": "fixed_currency", 
      "group": 14, 
      "question": "How much sector budget support did you disburse in 2007 and 2009?", 
      "validator": "anything", 
      "survey": 1, 
      "help_text": null, 
      "identifier": "23"
    }
  }, 
  {
    "pk": 69, 
    "model": "scorecard_processor.question", 
    "fields": {
      "widget": "integer", 
      "group": 28, 
      "question": "How many total outpatient department visits were there in 2007 and 2009?", 
      "validator": "anything", 
      "survey": 2, 
      "help_text": null, 
      "identifier": "19"
    }
  }, 
  {
    "pk": 70, 
    "model": "scorecard_processor.question", 
    "fields": {
      "widget": "textbox", 
      "group": 28, 
      "question": "Supplemental information", 
      "validator": "anything", 
      "survey": 2, 
      "help_text": "How does this relate to national targets, if these exist?", 
      "identifier": "19_sup"
    }
  }, 
  {
    "pk": 71, 
    "model": "scorecard_processor.question", 
    "fields": {
      "widget": "fixed_currency", 
      "group": 29, 
      "question": "What was the total amount ($USD) spent on the health workforce in 2007 and 2009?", 
      "validator": "anything", 
      "survey": 2, 
      "help_text": null, 
      "identifier": "20"
    }
  }, 
  {
    "pk": 72, 
    "model": "scorecard_processor.question", 
    "fields": {
      "widget": "textbox", 
      "group": 29, 
      "question": "Supplemental information", 
      "validator": "anything", 
      "survey": 2, 
      "help_text": "How does this relate to national targets (if these exist), or projected need?", 
      "identifier": "20_sup"
    }
  }, 
  {
    "pk": 73, 
    "model": "scorecard_processor.question", 
    "fields": {
      "widget": "yes_no_na_choice", 
      "group": 30, 
      "question": "Does the HMIS provides timely, relevant and robust data on results (see supplementary questions)? ", 
      "validator": "anything", 
      "survey": 2, 
      "help_text": null, 
      "identifier": "21"
    }
  }, 
  {
    "pk": 74, 
    "model": "scorecard_processor.question", 
    "fields": {
      "widget": "textbox", 
      "group": 30, 
      "question": "Supplemental information", 
      "validator": "anything", 
      "survey": 2, 
      "help_text": "What year is the latest available  data from?                                           By what date (year and month) was the data available?                                            What % of hospitals and health centres provided data?", 
      "identifier": "21_sup"
    }
  }, 
  {
    "pk": 75, 
    "model": "scorecard_processor.question", 
    "fields": {
      "widget": "integer", 
      "group": 31, 
      "question": "How many Indicators are there in the National Results Framework?", 
      "validator": "anything", 
      "survey": 2, 
      "help_text": null, 
      "identifier": "22"
    }
  }, 
  {
    "pk": 76, 
    "model": "scorecard_processor.question", 
    "fields": {
      "widget": "integer", 
      "group": 31, 
      "question": "How many Indicators were actually tracked (eg to respond to requests from DPs for additional reporting)?", 
      "validator": "anything", 
      "survey": 2, 
      "help_text": null, 
      "identifier": "23"
    }
  }, 
  {
    "pk": 77, 
    "model": "scorecard_processor.question", 
    "fields": {
      "widget": "textbox", 
      "group": 31, 
      "question": "Supplemental information", 
      "validator": "anything", 
      "survey": 2, 
      "help_text": "Did development partners request that additional indicators were tracked (in addition to those included in the national results framework)?                                              If so, which development partners and how many indicators?", 
      "identifier": "23_sup"
    }
  }, 
  {
    "pk": 78, 
    "model": "scorecard_processor.question", 
    "fields": {
      "widget": "date", 
      "group": 32, 
      "question": "When was the date of the last Joint Annual Health Sector Review (JAR)? ", 
      "validator": "anything", 
      "survey": 2, 
      "help_text": null, 
      "identifier": "24"
    }
  }, 
  {
    "pk": 79, 
    "model": "scorecard_processor.question", 
    "fields": {
      "widget": "text", 
      "group": 32, 
      "question": "Please comment on the level of representation at the JAR?  ", 
      "validator": "anything", 
      "survey": 2, 
      "help_text": null, 
      "identifier": "25"
    }
  }, 
  {
    "pk": 80, 
    "model": "scorecard_processor.question", 
    "fields": {
      "widget": "text", 
      "group": 32, 
      "question": "Please comment on the effectiveness of the JAR as an accountability mechanism ", 
      "validator": "anything", 
      "survey": 2, 
      "help_text": null, 
      "identifier": "26"
    }
  }, 
  {
    "pk": 1, 
    "model": "scorecard_processor.scorecard", 
    "fields": {
      "project": 1, 
      "name": "Agency Indicators"
    }
  }, 
  {
    "pk": 2, 
    "model": "scorecard_processor.scorecard", 
    "fields": {
      "project": 1, 
      "name": "Government indicators"
    }
  }, 
  {
    "pk": 3, 
    "model": "scorecard_processor.operation", 
    "fields": {
      "indicator": true, 
      "configuration": "", 
      "description": "Signed an IHP+ country compact ", 
      "scorecard": 1, 
      "operation": "keyword_frequency", 
      "identifier": "1DP"
    }
  }, 
  {
    "pk": 12, 
    "model": "scorecard_processor.operation", 
    "fields": {
      "indicator": true, 
      "configuration": "", 
      "description": "1DP comments", 
      "scorecard": 1, 
      "operation": "concat", 
      "identifier": "1DP comments"
    }
  }, 
  {
    "pk": 13, 
    "model": "scorecard_processor.operation", 
    "fields": {
      "indicator": true, 
      "configuration": "", 
      "description": "1G", 
      "scorecard": 2, 
      "operation": "assert_value_yn", 
      "identifier": "1G"
    }
  }, 
  {
    "pk": 14, 
    "model": "scorecard_processor.operation", 
    "fields": {
      "indicator": true, 
      "configuration": "", 
      "description": "1G_comment", 
      "scorecard": 2, 
      "operation": "concat", 
      "identifier": "1G comment"
    }
  }, 
  {
    "pk": 1, 
    "model": "scorecard_processor.operation", 
    "fields": {
      "indicator": true, 
      "configuration": "", 
      "description": "2DPa", 
      "scorecard": 1, 
      "operation": "one_minus_num_denom", 
      "identifier": "2DPa"
    }
  }, 
  {
    "pk": 2, 
    "model": "scorecard_processor.operation", 
    "fields": {
      "indicator": true, 
      "configuration": "", 
      "description": "2DPb", 
      "scorecard": 1, 
      "operation": "num_denom", 
      "identifier": "2DPb"
    }
  }, 
  {
    "pk": 4, 
    "model": "scorecard_processor.operation", 
    "fields": {
      "indicator": true, 
      "configuration": "", 
      "description": "2DPc", 
      "scorecard": 1, 
      "operation": "num_denom", 
      "identifier": "2DPc"
    }
  }, 
  {
    "pk": 15, 
    "model": "scorecard_processor.operation", 
    "fields": {
      "indicator": true, 
      "configuration": "", 
      "description": "2Ga", 
      "scorecard": 2, 
      "operation": "combine_values", 
      "identifier": "2Ga"
    }
  }, 
  {
    "pk": 16, 
    "model": "scorecard_processor.operation", 
    "fields": {
      "indicator": true, 
      "configuration": "", 
      "description": "2Gb", 
      "scorecard": 2, 
      "operation": "assert_value_integer", 
      "identifier": "2Gb"
    }
  }, 
  {
    "pk": 5, 
    "model": "scorecard_processor.operation", 
    "fields": {
      "indicator": true, 
      "configuration": "", 
      "description": "3DP", 
      "scorecard": 1, 
      "operation": "num_denom", 
      "identifier": "3DP"
    }
  }, 
  {
    "pk": 17, 
    "model": "scorecard_processor.operation", 
    "fields": {
      "indicator": true, 
      "configuration": "", 
      "description": "3G", 
      "scorecard": 2, 
      "operation": "num_denom", 
      "identifier": "3G"
    }
  }, 
  {
    "pk": 6, 
    "model": "scorecard_processor.operation", 
    "fields": {
      "indicator": true, 
      "configuration": "", 
      "description": "4DP", 
      "scorecard": 1, 
      "operation": "num_denom", 
      "identifier": "4DP"
    }
  }, 
  {
    "pk": 18, 
    "model": "scorecard_processor.operation", 
    "fields": {
      "indicator": true, 
      "configuration": "", 
      "description": "4G", 
      "scorecard": 2, 
      "operation": "one_minus_num_denom", 
      "identifier": "4G"
    }
  }, 
  {
    "pk": 7, 
    "model": "scorecard_processor.operation", 
    "fields": {
      "indicator": true, 
      "configuration": "", 
      "description": "5DPa", 
      "scorecard": 1, 
      "operation": "one_minus_num_denom", 
      "identifier": "5DPa"
    }
  }, 
  {
    "pk": 8, 
    "model": "scorecard_processor.operation", 
    "fields": {
      "indicator": true, 
      "configuration": "", 
      "description": "5DPb", 
      "scorecard": 1, 
      "operation": "one_minus_num_denom", 
      "identifier": "5DPb"
    }
  }, 
  {
    "pk": 9, 
    "model": "scorecard_processor.operation", 
    "fields": {
      "indicator": true, 
      "configuration": "", 
      "description": "5DPc", 
      "scorecard": 1, 
      "operation": "sum_items", 
      "identifier": "5DPc"
    }
  }, 
  {
    "pk": 19, 
    "model": "scorecard_processor.operation", 
    "fields": {
      "indicator": true, 
      "configuration": "", 
      "description": "5Ga", 
      "scorecard": 2, 
      "operation": "sum_items", 
      "identifier": "5Ga"
    }
  }, 
  {
    "pk": 20, 
    "model": "scorecard_processor.operation", 
    "fields": {
      "indicator": true, 
      "configuration": "", 
      "description": "5Gb", 
      "scorecard": 2, 
      "operation": "sum_items", 
      "identifier": "5Gb"
    }
  }, 
  {
    "pk": 10, 
    "model": "scorecard_processor.operation", 
    "fields": {
      "indicator": true, 
      "configuration": "", 
      "description": "6DP", 
      "scorecard": 1, 
      "operation": "keyword_frequency", 
      "identifier": "6DP"
    }
  }, 
  {
    "pk": 21, 
    "model": "scorecard_processor.operation", 
    "fields": {
      "indicator": true, 
      "configuration": "", 
      "description": "6G", 
      "scorecard": 2, 
      "operation": "assert_value_yn", 
      "identifier": "6G"
    }
  }, 
  {
    "pk": 11, 
    "model": "scorecard_processor.operation", 
    "fields": {
      "indicator": true, 
      "configuration": "", 
      "description": "7DP", 
      "scorecard": 1, 
      "operation": "keyword_frequency", 
      "identifier": "7DP"
    }
  }, 
  {
    "pk": 22, 
    "model": "scorecard_processor.operation", 
    "fields": {
      "indicator": true, 
      "configuration": "", 
      "description": "7G", 
      "scorecard": 2, 
      "operation": "assert_value_yn", 
      "identifier": "7G"
    }
  }, 
  {
    "pk": 23, 
    "model": "scorecard_processor.operation", 
    "fields": {
      "indicator": true, 
      "configuration": "", 
      "description": "8G", 
      "scorecard": 2, 
      "operation": "num_denom", 
      "identifier": "8G"
    }
  }, 
  {
    "pk": 26, 
    "model": "scorecard_processor.operation", 
    "fields": {
      "indicator": true, 
      "configuration": "", 
      "description": "Q12G", 
      "scorecard": 2, 
      "operation": "assert_value_yn", 
      "identifier": "Q12G"
    }
  }, 
  {
    "pk": 27, 
    "model": "scorecard_processor.operation", 
    "fields": {
      "indicator": true, 
      "configuration": "", 
      "description": "Q21G", 
      "scorecard": 2, 
      "operation": "assert_value_yn", 
      "identifier": "Q21G"
    }
  }, 
  {
    "pk": 24, 
    "model": "scorecard_processor.operation", 
    "fields": {
      "indicator": true, 
      "configuration": "", 
      "description": "Q2G", 
      "scorecard": 2, 
      "operation": "assert_value_yn", 
      "identifier": "Q2G"
    }
  }, 
  {
    "pk": 25, 
    "model": "scorecard_processor.operation", 
    "fields": {
      "indicator": true, 
      "configuration": "", 
      "description": "Q3G", 
      "scorecard": 2, 
      "operation": "assert_value_yn", 
      "identifier": "Q3G"
    }
  }, 
  {
    "pk": 1, 
    "model": "scorecard_processor.operationargument", 
    "fields": {
      "instance_id": 4, 
      "position": 0, 
      "operation": 1, 
      "instance_content_type": 15, 
      "argument_extractor": "value"
    }
  }, 
  {
    "pk": 3, 
    "model": "scorecard_processor.operationargument", 
    "fields": {
      "instance_id": 7, 
      "position": 0, 
      "operation": 2, 
      "instance_content_type": 15, 
      "argument_extractor": "value"
    }
  }, 
  {
    "pk": 5, 
    "model": "scorecard_processor.operationargument", 
    "fields": {
      "instance_id": 1, 
      "position": 0, 
      "operation": 3, 
      "instance_content_type": 15, 
      "argument_extractor": "value"
    }
  }, 
  {
    "pk": 6, 
    "model": "scorecard_processor.operationargument", 
    "fields": {
      "instance_id": 10, 
      "position": 0, 
      "operation": 4, 
      "instance_content_type": 15, 
      "argument_extractor": "value"
    }
  }, 
  {
    "pk": 8, 
    "model": "scorecard_processor.operationargument", 
    "fields": {
      "instance_id": 13, 
      "position": 0, 
      "operation": 5, 
      "instance_content_type": 15, 
      "argument_extractor": "value"
    }
  }, 
  {
    "pk": 10, 
    "model": "scorecard_processor.operationargument", 
    "fields": {
      "instance_id": 16, 
      "position": 0, 
      "operation": 6, 
      "instance_content_type": 15, 
      "argument_extractor": "value"
    }
  }, 
  {
    "pk": 12, 
    "model": "scorecard_processor.operationargument", 
    "fields": {
      "instance_id": 19, 
      "position": 0, 
      "operation": 7, 
      "instance_content_type": 15, 
      "argument_extractor": "value"
    }
  }, 
  {
    "pk": 14, 
    "model": "scorecard_processor.operationargument", 
    "fields": {
      "instance_id": 22, 
      "position": 0, 
      "operation": 8, 
      "instance_content_type": 15, 
      "argument_extractor": "value"
    }
  }, 
  {
    "pk": 16, 
    "model": "scorecard_processor.operationargument", 
    "fields": {
      "instance_id": 24, 
      "position": 0, 
      "operation": 9, 
      "instance_content_type": 15, 
      "argument_extractor": "value"
    }
  }, 
  {
    "pk": 17, 
    "model": "scorecard_processor.operationargument", 
    "fields": {
      "instance_id": 26, 
      "position": 0, 
      "operation": 10, 
      "instance_content_type": 15, 
      "argument_extractor": "value"
    }
  }, 
  {
    "pk": 18, 
    "model": "scorecard_processor.operationargument", 
    "fields": {
      "instance_id": 28, 
      "position": 0, 
      "operation": 11, 
      "instance_content_type": 15, 
      "argument_extractor": "value"
    }
  }, 
  {
    "pk": 19, 
    "model": "scorecard_processor.operationargument", 
    "fields": {
      "instance_id": 2, 
      "position": 0, 
      "operation": 12, 
      "instance_content_type": 15, 
      "argument_extractor": "value"
    }
  }, 
  {
    "pk": 20, 
    "model": "scorecard_processor.operationargument", 
    "fields": {
      "instance_id": 37, 
      "position": 0, 
      "operation": 13, 
      "instance_content_type": 15, 
      "argument_extractor": "value"
    }
  }, 
  {
    "pk": 21, 
    "model": "scorecard_processor.operationargument", 
    "fields": {
      "instance_id": 38, 
      "position": 0, 
      "operation": 14, 
      "instance_content_type": 15, 
      "argument_extractor": "value"
    }
  }, 
  {
    "pk": 22, 
    "model": "scorecard_processor.operationargument", 
    "fields": {
      "instance_id": 39, 
      "position": 0, 
      "operation": 15, 
      "instance_content_type": 15, 
      "argument_extractor": "value"
    }
  }, 
  {
    "pk": 24, 
    "model": "scorecard_processor.operationargument", 
    "fields": {
      "instance_id": 43, 
      "position": 0, 
      "operation": 16, 
      "instance_content_type": 15, 
      "argument_extractor": "value"
    }
  }, 
  {
    "pk": 25, 
    "model": "scorecard_processor.operationargument", 
    "fields": {
      "instance_id": 46, 
      "position": 0, 
      "operation": 17, 
      "instance_content_type": 15, 
      "argument_extractor": "value"
    }
  }, 
  {
    "pk": 27, 
    "model": "scorecard_processor.operationargument", 
    "fields": {
      "instance_id": 49, 
      "position": 0, 
      "operation": 18, 
      "instance_content_type": 15, 
      "argument_extractor": "value"
    }
  }, 
  {
    "pk": 29, 
    "model": "scorecard_processor.operationargument", 
    "fields": {
      "instance_id": 51, 
      "position": 0, 
      "operation": 19, 
      "instance_content_type": 15, 
      "argument_extractor": "value"
    }
  }, 
  {
    "pk": 30, 
    "model": "scorecard_processor.operationargument", 
    "fields": {
      "instance_id": 53, 
      "position": 0, 
      "operation": 20, 
      "instance_content_type": 15, 
      "argument_extractor": "value"
    }
  }, 
  {
    "pk": 31, 
    "model": "scorecard_processor.operationargument", 
    "fields": {
      "instance_id": 55, 
      "position": 0, 
      "operation": 21, 
      "instance_content_type": 15, 
      "argument_extractor": "value"
    }
  }, 
  {
    "pk": 32, 
    "model": "scorecard_processor.operationargument", 
    "fields": {
      "instance_id": 57, 
      "position": 0, 
      "operation": 22, 
      "instance_content_type": 15, 
      "argument_extractor": "value"
    }
  }, 
  {
    "pk": 33, 
    "model": "scorecard_processor.operationargument", 
    "fields": {
      "instance_id": 59, 
      "position": 0, 
      "operation": 23, 
      "instance_content_type": 15, 
      "argument_extractor": "value"
    }
  }, 
  {
    "pk": 35, 
    "model": "scorecard_processor.operationargument", 
    "fields": {
      "instance_id": 39, 
      "position": 0, 
      "operation": 24, 
      "instance_content_type": 15, 
      "argument_extractor": "value"
    }
  }, 
  {
    "pk": 36, 
    "model": "scorecard_processor.operationargument", 
    "fields": {
      "instance_id": 40, 
      "position": 0, 
      "operation": 25, 
      "instance_content_type": 15, 
      "argument_extractor": "value"
    }
  }, 
  {
    "pk": 37, 
    "model": "scorecard_processor.operationargument", 
    "fields": {
      "instance_id": 57, 
      "position": 0, 
      "operation": 26, 
      "instance_content_type": 15, 
      "argument_extractor": "value"
    }
  }, 
  {
    "pk": 38, 
    "model": "scorecard_processor.operationargument", 
    "fields": {
      "instance_id": 73, 
      "position": 0, 
      "operation": 27, 
      "instance_content_type": 15, 
      "argument_extractor": "value"
    }
  }, 
  {
    "pk": 2, 
    "model": "scorecard_processor.operationargument", 
    "fields": {
      "instance_id": 3, 
      "position": 1, 
      "operation": 1, 
      "instance_content_type": 15, 
      "argument_extractor": "value"
    }
  }, 
  {
    "pk": 4, 
    "model": "scorecard_processor.operationargument", 
    "fields": {
      "instance_id": 6, 
      "position": 1, 
      "operation": 2, 
      "instance_content_type": 15, 
      "argument_extractor": "value"
    }
  }, 
  {
    "pk": 7, 
    "model": "scorecard_processor.operationargument", 
    "fields": {
      "instance_id": 9, 
      "position": 1, 
      "operation": 4, 
      "instance_content_type": 15, 
      "argument_extractor": "value"
    }
  }, 
  {
    "pk": 9, 
    "model": "scorecard_processor.operationargument", 
    "fields": {
      "instance_id": 12, 
      "position": 1, 
      "operation": 5, 
      "instance_content_type": 15, 
      "argument_extractor": "value"
    }
  }, 
  {
    "pk": 11, 
    "model": "scorecard_processor.operationargument", 
    "fields": {
      "instance_id": 15, 
      "position": 1, 
      "operation": 6, 
      "instance_content_type": 15, 
      "argument_extractor": "value"
    }
  }, 
  {
    "pk": 13, 
    "model": "scorecard_processor.operationargument", 
    "fields": {
      "instance_id": 18, 
      "position": 1, 
      "operation": 7, 
      "instance_content_type": 15, 
      "argument_extractor": "value"
    }
  }, 
  {
    "pk": 15, 
    "model": "scorecard_processor.operationargument", 
    "fields": {
      "instance_id": 21, 
      "position": 1, 
      "operation": 8, 
      "instance_content_type": 15, 
      "argument_extractor": "value"
    }
  }, 
  {
    "pk": 23, 
    "model": "scorecard_processor.operationargument", 
    "fields": {
      "instance_id": 40, 
      "position": 1, 
      "operation": 15, 
      "instance_content_type": 15, 
      "argument_extractor": "value"
    }
  }, 
  {
    "pk": 26, 
    "model": "scorecard_processor.operationargument", 
    "fields": {
      "instance_id": 45, 
      "position": 1, 
      "operation": 17, 
      "instance_content_type": 15, 
      "argument_extractor": "value"
    }
  }, 
  {
    "pk": 28, 
    "model": "scorecard_processor.operationargument", 
    "fields": {
      "instance_id": 48, 
      "position": 1, 
      "operation": 18, 
      "instance_content_type": 15, 
      "argument_extractor": "value"
    }
  }, 
  {
    "pk": 34, 
    "model": "scorecard_processor.operationargument", 
    "fields": {
      "instance_id": 60, 
      "position": 1, 
      "operation": 23, 
      "instance_content_type": 15, 
      "argument_extractor": "value"
    }
  }, 
  {
    "pk": 1, 
    "model": "scorecard_processor.reportrun", 
    "fields": {
      "aggregate_on": "Country", 
      "name": "Disaggregated Agency performance (Baseline)", 
      "compare_series": "Data collection year", 
      "limit_to_entity": [], 
      "limit_to_entitytype": [
        "agency"
      ], 
      "aggregate_by_entity": true, 
      "scorecard": 1, 
      "limit_to_dataseries": [
        20, 
        21
      ], 
      "description": ""
    }
  }, 
  {
    "pk": 2, 
    "model": "scorecard_processor.reportrun", 
    "fields": {
      "aggregate_on": null, 
      "name": "Aggregated agency scorecard", 
      "compare_series": "Data collection year", 
      "limit_to_entity": [], 
      "limit_to_entitytype": [
        "agency"
      ], 
      "aggregate_by_entity": true, 
      "scorecard": 1, 
      "limit_to_dataseries": [
        20, 
        21, 
        22
      ], 
      "description": ""
    }
  }, 
  {
    "pk": 3, 
    "model": "scorecard_processor.reportrun", 
    "fields": {
      "aggregate_on": "Country", 
      "name": "Aggregated country indicators ", 
      "compare_series": "Data collection year", 
      "limit_to_entity": [], 
      "limit_to_entitytype": [
        "agency"
      ], 
      "aggregate_by_entity": false, 
      "scorecard": 1, 
      "limit_to_dataseries": [
        20, 
        21
      ], 
      "description": ""
    }
  }, 
  {
    "pk": 4, 
    "model": "scorecard_processor.reportrun", 
    "fields": {
      "aggregate_on": null, 
      "name": "Country indicators", 
      "compare_series": "Data collection year", 
      "limit_to_entity": [], 
      "limit_to_entitytype": [
        "government"
      ], 
      "aggregate_by_entity": true, 
      "scorecard": 2, 
      "limit_to_dataseries": [
        20, 
        21, 
        22
      ], 
      "description": ""
    }
  }
]