[{"pk": 1, "model": "scorecard_processor.project", "fields": {"name": "IHP example"}}, {"pk": "Country", "model": "scorecard_processor.dataseriesgroup", "fields": {"project": 1}}, {"pk": "Year", "model": "scorecard_processor.dataseriesgroup", "fields": {"project": 1}}, {"pk": 5, "model": "scorecard_processor.dataseries", "fields": {"group": "Year", "name": "2011"}}, {"pk": 6, "model": "scorecard_processor.dataseries", "fields": {"group": "Year", "name": "2010"}}, {"pk": 7, "model": "scorecard_processor.dataseries", "fields": {"group": "Year", "name": "2009"}}, {"pk": 1, "model": "scorecard_processor.dataseries", "fields": {"group": "Country", "name": "South Africa"}}, {"pk": 2, "model": "scorecard_processor.dataseries", "fields": {"group": "Country", "name": "Somalia"}}, {"pk": 3, "model": "scorecard_processor.dataseries", "fields": {"group": "Country", "name": "Nigeria"}}, {"pk": 4, "model": "scorecard_processor.dataseries", "fields": {"group": "Country", "name": "Botswana"}}, {"pk": "agency", "model": "scorecard_processor.entitytype", "fields": {"project": 1, "plural": "agencies"}}, {"pk": "government", "model": "scorecard_processor.entitytype", "fields": {"project": 1, "plural": "Governments"}}, {"pk": 1, "model": "scorecard_processor.entity", "fields": {"abbreviation": "AusAID", "project": 1, "name": "AUSAID", "entity_type": "agency"}}, {"pk": 2, "model": "scorecard_processor.entity", "fields": {"abbreviation": "Belgium", "project": 1, "name": "BELGIUM", "entity_type": "agency"}}, {"pk": 3, "model": "scorecard_processor.entity", "fields": {"abbreviation": "EC", "project": 1, "name": "THE EUROPEAN COMMISSION", "entity_type": "agency"}}, {"pk": 4, "model": "scorecard_processor.entity", "fields": {"abbreviation": "GAVI", "project": 1, "name": "THE GAVI ALLIANCE", "entity_type": "agency"}}, {"pk": 5, "model": "scorecard_processor.entity", "fields": {"abbreviation": "GFATM", "project": 1, "name": "THE GLOBAL FUND TO FIGHT AIDS, TB & MALARIA", "entity_type": "agency"}}, {"pk": 6, "model": "scorecard_processor.entity", "fields": {"abbreviation": "Netherlands", "project": 1, "name": "THE NETHERLANDS", "entity_type": "agency"}}, {"pk": 7, "model": "scorecard_processor.entity", "fields": {"abbreviation": "Norway", "project": 1, "name": "NORWAY", "entity_type": "agency"}}, {"pk": 8, "model": "scorecard_processor.entity", "fields": {"abbreviation": "Spain", "project": 1, "name": "SPAIN", "entity_type": "agency"}}, {"pk": 9, "model": "scorecard_processor.entity", "fields": {"abbreviation": "Sweden", "project": 1, "name": "SWEDEN", "entity_type": "agency"}}, {"pk": 10, "model": "scorecard_processor.entity", "fields": {"abbreviation": "UK", "project": 1, "name": "THE UNITED KINGDOM", "entity_type": "agency"}}, {"pk": 11, "model": "scorecard_processor.entity", "fields": {"abbreviation": "UNAIDS", "project": 1, "name": "UNAIDS", "entity_type": "agency"}}, {"pk": 12, "model": "scorecard_processor.entity", "fields": {"abbreviation": "UNFPA", "project": 1, "name": "UNFPA", "entity_type": "agency"}}, {"pk": 13, "model": "scorecard_processor.entity", "fields": {"abbreviation": "UNICEF", "project": 1, "name": "UNICEF", "entity_type": "agency"}}, {"pk": 14, "model": "scorecard_processor.entity", "fields": {"abbreviation": "WHO", "project": 1, "name": "THE WORLD HEALTH ORGANIZATION", "entity_type": "agency"}}, {"pk": 15, "model": "scorecard_processor.entity", "fields": {"abbreviation": "World Bank", "project": 1, "name": "THE WORLD BANK", "entity_type": "agency"}}, {"pk": 16, "model": "scorecard_processor.entity", "fields": {"abbreviation": null, "project": 1, "name": "Government of Burkina Faso", "entity_type": "government"}}, {"pk": 17, "model": "scorecard_processor.entity", "fields": {"abbreviation": null, "project": 1, "name": "Government of Burundi", "entity_type": "government"}}, {"pk": 18, "model": "scorecard_processor.entity", "fields": {"abbreviation": null, "project": 1, "name": "Government of Djibouti", "entity_type": "government"}}, {"pk": 19, "model": "scorecard_processor.entity", "fields": {"abbreviation": null, "project": 1, "name": "Government of DRC", "entity_type": "government"}}, {"pk": 20, "model": "scorecard_processor.entity", "fields": {"abbreviation": null, "project": 1, "name": "Government of Ethiopia", "entity_type": "government"}}, {"pk": 21, "model": "scorecard_processor.entity", "fields": {"abbreviation": null, "project": 1, "name": "Government of Mali", "entity_type": "government"}}, {"pk": 22, "model": "scorecard_processor.entity", "fields": {"abbreviation": null, "project": 1, "name": "Government of Mozambique", "entity_type": "government"}}, {"pk": 23, "model": "scorecard_processor.entity", "fields": {"abbreviation": null, "project": 1, "name": "Government of Nepal", "entity_type": "government"}}, {"pk": 24, "model": "scorecard_processor.entity", "fields": {"abbreviation": null, "project": 1, "name": "Government of Niger", "entity_type": "government"}}, {"pk": 25, "model": "scorecard_processor.entity", "fields": {"abbreviation": null, "project": 1, "name": "Government of Nigeria", "entity_type": "government"}}, {"pk": 1, "model": "scorecard_processor.survey", "fields": {"project": 1, "name": "For aid organisations", "data_series_groups": ["Country", "Year"]}}, {"pk": 2, "model": "scorecard_processor.survey", "fields": {"project": 1, "name": "For government members", "data_series_groups": ["Country", "Year"]}}, {"pk": 1, "model": "scorecard_processor.questiongroup", "fields": {"help_text": "100% of IHP+ countries where the signatory operates have support for/commitment to the IHP+ compact (or equivalent) mutually agreed and documented.", "identifier": "1", "survey": 2, "name": "IHP Agreement"}}, {"pk": 2, "model": "scorecard_processor.questiongroup", "fields": {"help_text": "Halve the proportion of aid flows to the health sector are not reported on government's budget(s) (with at least 85% reported on budget)", "identifier": "2", "survey": 2, "name": "Reported budgets"}}, {"pk": 1, "model": "scorecard_processor.question", "fields": {"widget": "text", "group": null, "request_baseline": true, "question": "Aid spent ($m)", "validator": "anything", "survey": 1, "help_text": "How much aid did you spend?", "identifier": "1"}}, {"pk": 2, "model": "scorecard_processor.question", "fields": {"widget": "text", "group": null, "request_baseline": true, "question": "Total aid budget ($m)", "validator": "anything", "survey": 1, "help_text": "How much aid did you have available?", "identifier": "2"}}, {"pk": 3, "model": "scorecard_processor.question", "fields": {"widget": "yes_no_na_choice", "group": 1, "request_baseline": true, "question": "IHP+ agreement signed", "validator": "anything", "survey": 2, "help_text": "Have you signed the IHP+ Country Compact (or equivalent agreement)?", "identifier": "G1"}}, {"pk": 6, "model": "scorecard_processor.question", "fields": {"widget": "textbox", "group": 1, "request_baseline": false, "question": "Additional information", "validator": "anything", "survey": 2, "help_text": "If \"Yes\", please provide details of the Compact or equivalent, including its title and the period which it covers.\r\nIf \"No\", please explain why, including your efforts in leading on the creation of such an agreement in the future. ", "identifier": "G1_sup"}}, {"pk": 4, "model": "scorecard_processor.question", "fields": {"widget": "fixed_currency", "group": 2, "request_baseline": true, "question": "Aid disbursed", "validator": "anything", "survey": 2, "help_text": "How much health sector aid for the government sector ($USD) did you disburse in calendar years 2007 and 2009?", "identifier": "G2"}}, {"pk": 5, "model": "scorecard_processor.question", "fields": {"widget": "fixed_currency", "group": 2, "request_baseline": true, "question": "Aid reported", "validator": "anything", "survey": 2, "help_text": "How much of this ($USD) was reported on national health sector budgets in 2007 and 2009?", "identifier": "G3"}}, {"pk": 1, "model": "scorecard_processor.scorecard", "fields": {"project": 1, "name": "Example scorecard"}}, {"pk": 1, "model": "scorecard_processor.operation", "fields": {"indicator": true, "configuration": "", "description": "Unweighted aid spend (%)", "scorecard": 1, "operation": "num_denom", "identifier": "U1"}}, {"pk": 1, "model": "scorecard_processor.operationargument", "fields": {"instance_id": 1, "position": 0, "operation": 1, "instance_content_type": 15, "argument_extractor": "value"}}, {"pk": 2, "model": "scorecard_processor.operationargument", "fields": {"instance_id": 2, "position": 1, "operation": 1, "instance_content_type": 15, "argument_extractor": "value"}}, {"pk": 1, "model": "scorecard_processor.reportrun", "fields": {"aggregate_on": "Country", "name": "Aid aggregated by Country", "source_data": "", "aggregate_by_entity": false, "scorecard": 1, "description": "Example report showing aid by country"}}]
