[{"pk": 1, "model": "scorecard_processor.project", "fields": {"name": "IHP example"}}, {"pk": "Country", "model": "scorecard_processor.dataseriesgroup", "fields": {"project": 1, "reverse_ordering": false}}, {"pk": "Year", "model": "scorecard_processor.dataseriesgroup", "fields": {"project": 1, "reverse_ordering": true}}, {"pk": 10, "model": "scorecard_processor.dataseries", "fields": {"group": "Year", "name": "2006"}}, {"pk": 9, "model": "scorecard_processor.dataseries", "fields": {"group": "Year", "name": "2007"}}, {"pk": 8, "model": "scorecard_processor.dataseries", "fields": {"group": "Year", "name": "2008"}}, {"pk": 7, "model": "scorecard_processor.dataseries", "fields": {"group": "Year", "name": "2009"}}, {"pk": 6, "model": "scorecard_processor.dataseries", "fields": {"group": "Year", "name": "2010"}}, {"pk": 5, "model": "scorecard_processor.dataseries", "fields": {"group": "Year", "name": "2011"}}, {"pk": 4, "model": "scorecard_processor.dataseries", "fields": {"group": "Country", "name": "Botswana"}}, {"pk": 14, "model": "scorecard_processor.dataseries", "fields": {"group": "Country", "name": "Burkina Faso"}}, {"pk": 13, "model": "scorecard_processor.dataseries", "fields": {"group": "Country", "name": "Burundi"}}, {"pk": 12, "model": "scorecard_processor.dataseries", "fields": {"group": "Country", "name": "DRC"}}, {"pk": 15, "model": "scorecard_processor.dataseries", "fields": {"group": "Country", "name": "Djibouti"}}, {"pk": 16, "model": "scorecard_processor.dataseries", "fields": {"group": "Country", "name": "Ethiopia"}}, {"pk": 17, "model": "scorecard_processor.dataseries", "fields": {"group": "Country", "name": "Mali"}}, {"pk": 18, "model": "scorecard_processor.dataseries", "fields": {"group": "Country", "name": "Mozambique"}}, {"pk": 11, "model": "scorecard_processor.dataseries", "fields": {"group": "Country", "name": "Nepal"}}, {"pk": 19, "model": "scorecard_processor.dataseries", "fields": {"group": "Country", "name": "Niger"}}, {"pk": 3, "model": "scorecard_processor.dataseries", "fields": {"group": "Country", "name": "Nigeria"}}, {"pk": 20, "model": "scorecard_processor.dataseries", "fields": {"group": "Country", "name": "Nigeria"}}, {"pk": 2, "model": "scorecard_processor.dataseries", "fields": {"group": "Country", "name": "Somalia"}}, {"pk": 1, "model": "scorecard_processor.dataseries", "fields": {"group": "Country", "name": "South Africa"}}, {"pk": "agency", "model": "scorecard_processor.entitytype", "fields": {"project": 1, "plural": "agencies"}}, {"pk": "government", "model": "scorecard_processor.entitytype", "fields": {"project": 1, "plural": "Governments"}}, {"pk": 1, "model": "scorecard_processor.entity", "fields": {"abbreviation": "AusAID", "project": 1, "name": "AUSAID", "entity_type": "agency"}}, {"pk": 2, "model": "scorecard_processor.entity", "fields": {"abbreviation": "Belgium", "project": 1, "name": "BELGIUM", "entity_type": "agency"}}, {"pk": 3, "model": "scorecard_processor.entity", "fields": {"abbreviation": "EC", "project": 1, "name": "THE EUROPEAN COMMISSION", "entity_type": "agency"}}, {"pk": 4, "model": "scorecard_processor.entity", "fields": {"abbreviation": "GAVI", "project": 1, "name": "THE GAVI ALLIANCE", "entity_type": "agency"}}, {"pk": 5, "model": "scorecard_processor.entity", "fields": {"abbreviation": "GFATM", "project": 1, "name": "THE GLOBAL FUND TO FIGHT AIDS, TB & MALARIA", "entity_type": "agency"}}, {"pk": 6, "model": "scorecard_processor.entity", "fields": {"abbreviation": "Netherlands", "project": 1, "name": "THE NETHERLANDS", "entity_type": "agency"}}, {"pk": 7, "model": "scorecard_processor.entity", "fields": {"abbreviation": "Norway", "project": 1, "name": "NORWAY", "entity_type": "agency"}}, {"pk": 8, "model": "scorecard_processor.entity", "fields": {"abbreviation": "Spain", "project": 1, "name": "SPAIN", "entity_type": "agency"}}, {"pk": 9, "model": "scorecard_processor.entity", "fields": {"abbreviation": "Sweden", "project": 1, "name": "SWEDEN", "entity_type": "agency"}}, {"pk": 10, "model": "scorecard_processor.entity", "fields": {"abbreviation": "UK", "project": 1, "name": "THE UNITED KINGDOM", "entity_type": "agency"}}, {"pk": 11, "model": "scorecard_processor.entity", "fields": {"abbreviation": "UNAIDS", "project": 1, "name": "UNAIDS", "entity_type": "agency"}}, {"pk": 12, "model": "scorecard_processor.entity", "fields": {"abbreviation": "UNFPA", "project": 1, "name": "UNFPA", "entity_type": "agency"}}, {"pk": 13, "model": "scorecard_processor.entity", "fields": {"abbreviation": "UNICEF", "project": 1, "name": "UNICEF", "entity_type": "agency"}}, {"pk": 14, "model": "scorecard_processor.entity", "fields": {"abbreviation": "WHO", "project": 1, "name": "THE WORLD HEALTH ORGANIZATION", "entity_type": "agency"}}, {"pk": 15, "model": "scorecard_processor.entity", "fields": {"abbreviation": "World Bank", "project": 1, "name": "THE WORLD BANK", "entity_type": "agency"}}, {"pk": 16, "model": "scorecard_processor.entity", "fields": {"abbreviation": null, "project": 1, "name": "Government of Burkina Faso", "entity_type": "government"}}, {"pk": 17, "model": "scorecard_processor.entity", "fields": {"abbreviation": null, "project": 1, "name": "Government of Burundi", "entity_type": "government"}}, {"pk": 18, "model": "scorecard_processor.entity", "fields": {"abbreviation": null, "project": 1, "name": "Government of Djibouti", "entity_type": "government"}}, {"pk": 19, "model": "scorecard_processor.entity", "fields": {"abbreviation": null, "project": 1, "name": "Government of DRC", "entity_type": "government"}}, {"pk": 20, "model": "scorecard_processor.entity", "fields": {"abbreviation": null, "project": 1, "name": "Government of Ethiopia", "entity_type": "government"}}, {"pk": 21, "model": "scorecard_processor.entity", "fields": {"abbreviation": null, "project": 1, "name": "Government of Mali", "entity_type": "government"}}, {"pk": 22, "model": "scorecard_processor.entity", "fields": {"abbreviation": null, "project": 1, "name": "Government of Mozambique", "entity_type": "government"}}, {"pk": 23, "model": "scorecard_processor.entity", "fields": {"abbreviation": null, "project": 1, "name": "Government of Nepal", "entity_type": "government"}}, {"pk": 24, "model": "scorecard_processor.entity", "fields": {"abbreviation": null, "project": 1, "name": "Government of Niger", "entity_type": "government"}}, {"pk": 25, "model": "scorecard_processor.entity", "fields": {"abbreviation": null, "project": 1, "name": "Government of Nigeria", "entity_type": "government"}}, {"pk": 1, "model": "scorecard_processor.survey", "fields": {"project": 1, "name": "Survey for Government", "data_series_groups": []}}, {"pk": 2, "model": "scorecard_processor.survey", "fields": {"project": 1, "name": "Survey for Agencies", "data_series_groups": []}}, {"pk": 1, "model": "scorecard_processor.questiongroup", "fields": {"ordering": 0, "help_text": "An IHP+ Compact or equivalent mutual agreement is in place", "survey": 1, "name": "IHP+ Compact"}}, {"pk": 19, "model": "scorecard_processor.questiongroup", "fields": {"ordering": 0, "help_text": "100% of IHP+ countries\nwhere the signatory operates\nhave support for/commitment\nto the IHP+ compact (or\nequivalent) mutually agreed\nand documented.", "survey": 2, "name": "Proportion of IHP+"}}, {"pk": 2, "model": "scorecard_processor.questiongroup", "fields": {"ordering": 1, "help_text": "A National Health Sector Plan/Strategy is in place with current targets & budgets that have been jointly assessed.", "survey": 1, "name": "National Health Sector"}}, {"pk": 20, "model": "scorecard_processor.questiongroup", "fields": {"ordering": 1, "help_text": "Halve the proportion of aid flows to the health sector are not reported on government's budget(s) (with at least 85% reported on budget)", "survey": 2, "name": "Percent of aid"}}, {"pk": 3, "model": "scorecard_processor.questiongroup", "fields": {"ordering": 2, "help_text": "A costed, comprehensive national HRH plan (integrated with the health plan) is being implemented or developed", "survey": 1, "name": "Costed, evidence-based HRH"}}, {"pk": 21, "model": "scorecard_processor.questiongroup", "fields": {"ordering": 2, "help_text": "50% or more of technical cooperation flows to each IHP+ country in which the signatory operates are implemented through  coordinated programmes that are consistent with national plans/strategies for the health sector ", "survey": 2, "name": "Percent of current"}}, {"pk": 22, "model": "scorecard_processor.questiongroup", "fields": {"ordering": 3, "help_text": "66% of aid flows are provided in the context of programme based approaches", "survey": 2, "name": ""}}, {"pk": 4, "model": "scorecard_processor.questiongroup", "fields": {"ordering": 3, "help_text": "15% (or an equivalent published target) of the national budget is allocated to health", "survey": 1, "name": "Proportion of public"}}, {"pk": 23, "model": "scorecard_processor.questiongroup", "fields": {"ordering": 4, "help_text": "90% (or an equivalent published target) of health sector funding provided through multi-year commitments [min. 3 years] ", "survey": 2, "name": ""}}, {"pk": 5, "model": "scorecard_processor.questiongroup", "fields": {"ordering": 4, "help_text": "Halve the proportion of health sector funding not disbursed against the approved annual budget", "survey": 1, "name": "Proportion of health"}}, {"pk": 6, "model": "scorecard_processor.questiongroup", "fields": {"ordering": 5, "help_text": "Improvement of at least one measure (ie 0.5 points) on the PFM/CPIA scale of performance.", "survey": 1, "name": "Country procurement"}}, {"pk": 24, "model": "scorecard_processor.questiongroup", "fields": {"ordering": 5, "help_text": "Halve the proportion of health sector aid not disbursed within the year for which it was scheduled ", "survey": 2, "name": "Percent of health"}}, {"pk": 7, "model": "scorecard_processor.questiongroup", "fields": {"ordering": 6, "help_text": "Improvement of at least one measure on the four-point scale used to assess performance for this sector", "survey": 1, "name": ""}}, {"pk": 25, "model": "scorecard_processor.questiongroup", "fields": {"ordering": 6, "help_text": "One-third reduction in the % of health sector aid to the public sector not using partner countries' procurement systems", "survey": 2, "name": "Percent of health"}}, {"pk": 8, "model": "scorecard_processor.questiongroup", "fields": {"ordering": 7, "help_text": "A transparent and monitorable performance assessment framework is in place to assess progress against (a) the national development strategies relevant to health and (b) health sector programmes", "survey": 1, "name": "An agreed, transparent"}}, {"pk": 26, "model": "scorecard_processor.questiongroup", "fields": {"ordering": 7, "help_text": "One-third reduction in the % of health sector aid to the public sector not using partner countries' PFM systems", "survey": 2, "name": "Percent of aid"}}, {"pk": 9, "model": "scorecard_processor.questiongroup", "fields": {"ordering": 8, "help_text": "Mutual assessments (such as a joint Annual Health Sector Review) are being made of progress implementing commitments in the health sector, including on aid effectiveness.", "survey": 1, "name": "Mutual Assessments, such"}}, {"pk": 27, "model": "scorecard_processor.questiongroup", "fields": {"ordering": 8, "help_text": "Reduce by two-thirds the stock of parallel project implementation units (PIUs)", "survey": 2, "name": "Parallel Project Implementation"}}, {"pk": 10, "model": "scorecard_processor.questiongroup", "fields": {"ordering": 9, "help_text": "At least 10% of seats in the country's Health Sector Coordination mechanisms are allocated to Civil Society representatives.", "survey": 1, "name": "Evidence that Civil"}}, {"pk": 28, "model": "scorecard_processor.questiongroup", "fields": {"ordering": 9, "help_text": "Single national performance assessment frameworks are used, where they exist, as the primary basis to assess progress in all IHP+ countries where the signatory operates", "survey": 2, "name": "Proportion of IHP+"}}, {"pk": 11, "model": "scorecard_processor.questiongroup", "fields": {"ordering": 10, "help_text": "None", "survey": 1, "name": "DP missions"}}, {"pk": 29, "model": "scorecard_processor.questiongroup", "fields": {"ordering": 10, "help_text": "Annual mutual assessment of progress in implementing health sector commitments & agreements (such as the IHP+ country compact and on aid effectiveness in the health sector), is being made in all the countries where the signatory operates", "survey": 2, "name": "Proportion of IHP+"}}, {"pk": 12, "model": "scorecard_processor.questiongroup", "fields": {"ordering": 11, "help_text": "None", "survey": 1, "name": "DPs using pooled"}}, {"pk": 30, "model": "scorecard_processor.questiongroup", "fields": {"ordering": 11, "help_text": "Development Partner can provide some evidence of supporting active civil society engagement.", "survey": 2, "name": "Evidence of support"}}, {"pk": 31, "model": "scorecard_processor.questiongroup", "fields": {"ordering": 12, "help_text": "N/A", "survey": 2, "name": ""}}, {"pk": 13, "model": "scorecard_processor.questiongroup", "fields": {"ordering": 12, "help_text": "None", "survey": 1, "name": "Skilled medical personnel"}}, {"pk": 32, "model": "scorecard_processor.questiongroup", "fields": {"ordering": 13, "help_text": "N/A", "survey": 2, "name": ""}}, {"pk": 14, "model": "scorecard_processor.questiongroup", "fields": {"ordering": 13, "help_text": "None", "survey": 1, "name": "Outpatient dept visits"}}, {"pk": 15, "model": "scorecard_processor.questiongroup", "fields": {"ordering": 14, "help_text": "None", "survey": 1, "name": "Health workforce spend"}}, {"pk": 16, "model": "scorecard_processor.questiongroup", "fields": {"ordering": 15, "help_text": "None", "survey": 1, "name": "Existence of HMIS"}}, {"pk": 17, "model": "scorecard_processor.questiongroup", "fields": {"ordering": 16, "help_text": "None", "survey": 1, "name": "Indicators in Nartional"}}, {"pk": 18, "model": "scorecard_processor.questiongroup", "fields": {"ordering": 17, "help_text": "None", "survey": 1, "name": "JAR date"}}, {"pk": 1, "model": "scorecard_processor.question", "fields": {"widget": "yes_no_na_choice", "group": 1, "request_baseline": true, "question": "Is there an IHP+ Country Compact (or equivalent agreement) in place?", "validator": "anything", "survey": 1, "help_text": null, "identifier": "1"}}, {"pk": 2, "model": "scorecard_processor.question", "fields": {"widget": "textbox", "group": 1, "request_baseline": true, "question": "Supplemental information", "validator": "anything", "survey": 1, "help_text": "<If yes, please provide details of the Compact or equivalent, including its title and the period which it covers.                                                                 <If not, please explain why, including your efforts in leading on the creation of such an agreement in the future. ", "identifier": "1_sup"}}, {"pk": 45, "model": "scorecard_processor.question", "fields": {"widget": "yes_no_na_choice", "group": 19, "request_baseline": true, "question": "Have you signed the IHP+ Country Compact (or equivalent agreement)?", "validator": "anything", "survey": 2, "help_text": null, "identifier": "1"}}, {"pk": 46, "model": "scorecard_processor.question", "fields": {"widget": "textbox", "group": 19, "request_baseline": true, "question": "Supplemental information", "validator": "anything", "survey": 2, "help_text": "< If not, please explain why. ", "identifier": "1_sup"}}, {"pk": 3, "model": "scorecard_processor.question", "fields": {"widget": "yes_no_na_choice", "group": 2, "request_baseline": true, "question": "Does the National Health Sector Strategy (or equivalent) include current targets and budgets?", "validator": "anything", "survey": 1, "help_text": null, "identifier": "2"}}, {"pk": 5, "model": "scorecard_processor.question", "fields": {"widget": "textbox", "group": 2, "request_baseline": true, "question": "Supplemental information", "validator": "anything", "survey": 1, "help_text": "<If yes, please provide details of the plan, including its title and the period which it covers.                                          <If not, please describe your efforts to ensure that such targets and budgets are included in the future.", "identifier": "2_sup"}}, {"pk": 4, "model": "scorecard_processor.question", "fields": {"widget": "yes_no_na_choice", "group": 2, "request_baseline": true, "question": "Has the National Health Sector Strategy been jointly assessed? ", "validator": "anything", "survey": 1, "help_text": null, "identifier": "3"}}, {"pk": 6, "model": "scorecard_processor.question", "fields": {"widget": "textbox", "group": 2, "request_baseline": true, "question": "Supplemental information", "validator": "anything", "survey": 1, "help_text": "<If yes, please describe any plans in place to get the plan jointly assessed, include details about timeframes.                                             <If not, please provide an explanation of the circumstances. ", "identifier": "3_sup"}}, {"pk": 47, "model": "scorecard_processor.question", "fields": {"widget": "fixed_currency", "group": 20, "request_baseline": true, "question": "How much health sector aid for the government sector ($USD) did you disburse in calendar years 2007 and 2009?  ", "validator": "anything", "survey": 2, "help_text": null, "identifier": "2"}}, {"pk": 48, "model": "scorecard_processor.question", "fields": {"widget": "fixed_currency", "group": 20, "request_baseline": true, "question": "How much of this ($USD) was reported on national health sector budgets in 2007 and 2009?", "validator": "anything", "survey": 2, "help_text": null, "identifier": "3"}}, {"pk": 49, "model": "scorecard_processor.question", "fields": {"widget": "textbox", "group": 20, "request_baseline": true, "question": "Supplemental information", "validator": "anything", "survey": 2, "help_text": "< Please provide details of the specific actions/support that you are providing in this area.                                                              < If you have not met the agreed target (see target column), please provide an explanation of the circumstances.", "identifier": "3_sup"}}, {"pk": 7, "model": "scorecard_processor.question", "fields": {"widget": "yes_no_na_choice", "group": 3, "request_baseline": true, "question": "Is there a costed, comprehensive, evidence based HRH plan (that is integrated with the national health plan) that is being implemented or developed?", "validator": "anything", "survey": 1, "help_text": null, "identifier": "4"}}, {"pk": 8, "model": "scorecard_processor.question", "fields": {"widget": "textbox", "group": 3, "request_baseline": true, "question": "Supplemental information", "validator": "anything", "survey": 1, "help_text": "<If yes, please provide details of the plan, including its title and the period which it covers, and details on how its been implemented.                             <If not, please provide an explanation of the circumstances   ", "identifier": "4_sup"}}, {"pk": 50, "model": "scorecard_processor.question", "fields": {"widget": "fixed_currency", "group": 21, "request_baseline": true, "question": "How much technical cooperation for health did you disburse ($USD) in calendar year 2007 and 2009?", "validator": "anything", "survey": 2, "help_text": null, "identifier": "4"}}, {"pk": 51, "model": "scorecard_processor.question", "fields": {"widget": "fixed_currency", "group": 21, "request_baseline": true, "question": "How much technical cooperation for health did you disburse through coordinated programmes that are consistent with national plans/strategies for the health sector?", "validator": "anything", "survey": 2, "help_text": null, "identifier": "5"}}, {"pk": 52, "model": "scorecard_processor.question", "fields": {"widget": "textbox", "group": 21, "request_baseline": true, "question": "Supplemental information", "validator": "anything", "survey": 2, "help_text": "< Please provide details of the specific actions/support that you are providing in this area.                                                              < If you have not met the agreed target (see target column), please provide an explanation of the circumstances.", "identifier": "5_sup"}}, {"pk": 53, "model": "scorecard_processor.question", "fields": {"widget": "fixed_currency", "group": 22, "request_baseline": true, "question": "How much health sector aid ($USD) did you disburse at country level in calendar years 2007 and 2009? ", "validator": "anything", "survey": 2, "help_text": null, "identifier": "6"}}, {"pk": 54, "model": "scorecard_processor.question", "fields": {"widget": "fixed_currency", "group": 22, "request_baseline": true, "question": "How much health sector aid did you disburse in support of initiatives adopting programme-based aproaches in calendar years 2007 and 2009?", "validator": "anything", "survey": 2, "help_text": null, "identifier": "7"}}, {"pk": 55, "model": "scorecard_processor.question", "fields": {"widget": "textbox", "group": 22, "request_baseline": true, "question": "Supplemental information", "validator": "anything", "survey": 2, "help_text": "< Please provide details of the specific actions/support that you are providing in this area.                                                              < If you have not met the agreed target (see target column), please provide an explanation of the circumstances.", "identifier": "7_sup"}}, {"pk": 9, "model": "scorecard_processor.question", "fields": {"widget": "fixed_currency", "group": 4, "request_baseline": true, "question": "What was the total amount of public funding/national budget in $USD?", "validator": "anything", "survey": 1, "help_text": null, "identifier": "5"}}, {"pk": 10, "model": "scorecard_processor.question", "fields": {"widget": "fixed_currency", "group": 4, "request_baseline": true, "question": "What was the total amount of public funding allocated to health in $USD?", "validator": "anything", "survey": 1, "help_text": null, "identifier": "6"}}, {"pk": 11, "model": "scorecard_processor.question", "fields": {"widget": "textbox", "group": 4, "request_baseline": true, "question": "Supplemental information", "validator": "anything", "survey": 1, "help_text": "<Please provide details of the specific actions/support that you are providing in this area;                                                              < If you have not met the agreed target (see target column), please provide an explanation of the circumstances.", "identifier": "6_sup"}}, {"pk": 56, "model": "scorecard_processor.question", "fields": {"widget": "fixed_currency", "group": 23, "request_baseline": true, "question": "How much health sector aid ($USD) did you disburse at country level in calendar years 2007 and 2009?", "validator": "anything", "survey": 2, "help_text": null, "identifier": "8"}}, {"pk": 57, "model": "scorecard_processor.question", "fields": {"widget": "fixed_currency", "group": 23, "request_baseline": true, "question": "How much of this was provided through multi-year commitments (at least 3 years)? ", "validator": "anything", "survey": 2, "help_text": null, "identifier": "9"}}, {"pk": 58, "model": "scorecard_processor.question", "fields": {"widget": "textbox", "group": 23, "request_baseline": true, "question": "Supplemental information", "validator": "anything", "survey": 2, "help_text": "< Has your agency published a target (that differs from 90%) for the percent of health sector aid provided through multi-year commitments?  If so, please confirm that target and show where it was published.                                                                  < Please provide details of the specific actions/support that you are providing in this area.                                                              < If you have not met the agreed target (see target column), please provide an explanation of the circumstances.", "identifier": "9_sup"}}, {"pk": 12, "model": "scorecard_processor.question", "fields": {"widget": "fixed_currency", "group": 5, "request_baseline": true, "question": "What was the total amount ($USD) of the approved annual budget for the health sector? ", "validator": "anything", "survey": 1, "help_text": null, "identifier": "7"}}, {"pk": 13, "model": "scorecard_processor.question", "fields": {"widget": "fixed_currency", "group": 5, "request_baseline": true, "question": "What was the total amount ($USD) of funding disbursed against the approved annual budget for the health sector?", "validator": "anything", "survey": 1, "help_text": null, "identifier": "8"}}, {"pk": 14, "model": "scorecard_processor.question", "fields": {"widget": "textbox", "group": 5, "request_baseline": true, "question": "Supplemental information", "validator": "anything", "survey": 1, "help_text": "<Please provide details of the specific actions/support that you are providing in this area;                                                              < If you have not met the agreed target (see target column), please provide an explanation of the circumstances.", "identifier": "8_sup"}}, {"pk": 15, "model": "scorecard_processor.question", "fields": {"widget": "rating_0_5_half", "group": 6, "request_baseline": true, "question": "Please provide scores against the PFM/CPIA scale of performance. ", "validator": "anything", "survey": 1, "help_text": null, "identifier": "9"}}, {"pk": 16, "model": "scorecard_processor.question", "fields": {"widget": "textbox", "group": 6, "request_baseline": true, "question": "Supplemental information", "validator": "anything", "survey": 1, "help_text": "NB:  The \"Guide to Key Terms & Definitions\" provides data for PFM/CPIA scores.  IHP+Results will use this data.  Please include any comments on those scores, with answers to the following questsions, in the column \"Answers & additional information\":                  <If PFM/CPIA score is below 3.5, are there reform programmes in place to strengthen thes?                                                                       <Please provide details of the specific actions/support that you are providing in this area.                                                              < If you have not met the agreed target (see target column), please provide an explanation of the circumstances.", "identifier": "9_sup"}}, {"pk": 59, "model": "scorecard_processor.question", "fields": {"widget": "integer", "group": 24, "request_baseline": true, "question": "In calendar years 2007 and 2009, how much health sector aid did you disburse at the country level?", "validator": "anything", "survey": 2, "help_text": null, "identifier": "10"}}, {"pk": 60, "model": "scorecard_processor.question", "fields": {"widget": "fixed_currency", "group": 24, "request_baseline": true, "question": "How much health sector aid did you disburse within the year for which it was scheduled?", "validator": "anything", "survey": 2, "help_text": null, "identifier": "11"}}, {"pk": 61, "model": "scorecard_processor.question", "fields": {"widget": "textbox", "group": 24, "request_baseline": true, "question": "Supplemental information", "validator": "anything", "survey": 2, "help_text": "< Please provide details of the specific actions/support that you are providing in this area.                                                              < If you have not met the agreed target (see target column), please provide an explanation of the circumstances.", "identifier": "11_sup"}}, {"pk": 17, "model": "scorecard_processor.question", "fields": {"widget": "rating_0_5_half", "group": 7, "request_baseline": true, "question": "Please provide the scores for the four point scale used to assess performance in the procurement sector for 2007 and 2009.", "validator": "anything", "survey": 1, "help_text": null, "identifier": "10"}}, {"pk": 18, "model": "scorecard_processor.question", "fields": {"widget": "textbox", "group": 7, "request_baseline": true, "question": "Supplemental information", "validator": "anything", "survey": 1, "help_text": "NB:  The \"Guide to Key Terms & Definitions\" provides available data for \"four point scale\".  IHP+Results will use this data.  Please include any comments on this data, with answers to the following questsions, in the column \"Answers & additional information\":<If this data is not available, please provide details on how procurement systems adhere to broadly accepted good practices.                                                           <If procurement systems do not adhere to broadly accepted good practices, are there reform programmes in place to strengthen these?                                                                <Please provide details of the specific actions/support that you are providing in this area;                                                              < If you have not met the agreed target (see target column), please provide an explanation of the circumstances.", "identifier": "10_sup"}}, {"pk": 62, "model": "scorecard_processor.question", "fields": {"widget": "fixed_currency", "group": 25, "request_baseline": true, "question": "How much health sector aid for procurement was disbursed in 2007 and 2009? ", "validator": "anything", "survey": 2, "help_text": null, "identifier": "12"}}, {"pk": 63, "model": "scorecard_processor.question", "fields": {"widget": "integer", "group": 25, "request_baseline": true, "question": "In calendar years 2007 and 2009, how much of this used national procurement systems ?", "validator": "anything", "survey": 2, "help_text": null, "identifier": "13"}}, {"pk": 64, "model": "scorecard_processor.question", "fields": {"widget": "textbox", "group": 25, "request_baseline": true, "question": "Supplemental information", "validator": "anything", "survey": 2, "help_text": "<Please provide details of the specific actions/support that you are providing in this area.                                                              <If you have not met the agreed target (see target column), please provide an explanation of the circumstances.                                    <If you are not using national procurement systems, please explain why and what you are doing to strengthen them?", "identifier": "13_sup"}}, {"pk": 19, "model": "scorecard_processor.question", "fields": {"widget": "yes_no_na_choice", "group": 8, "request_baseline": true, "question": "Is there a transparent and monitorable performance assessment framework which is in place to assess progress in the health sector", "validator": "anything", "survey": 1, "help_text": null, "identifier": "11"}}, {"pk": 20, "model": "scorecard_processor.question", "fields": {"widget": "textbox", "group": 8, "request_baseline": true, "question": "Supplemental information", "validator": "anything", "survey": 1, "help_text": "<Please provide details of the specific actions/support that you are providing in this area.                                                            < If you have not met the agreed target (see target column), please provide an explanation about the circumstances.", "identifier": "11_sup"}}, {"pk": 65, "model": "scorecard_processor.question", "fields": {"widget": "fixed_currency", "group": 26, "request_baseline": true, "question": "How much health sector aid for the government sector  was disbursed in 2007 and 2009? ", "validator": "anything", "survey": 2, "help_text": null, "identifier": "14"}}, {"pk": 66, "model": "scorecard_processor.question", "fields": {"widget": "fixed_currency", "group": 26, "request_baseline": true, "question": "How much of this used national public financial management systems in 2007 and 2009? ", "validator": "anything", "survey": 2, "help_text": null, "identifier": "15"}}, {"pk": 67, "model": "scorecard_processor.question", "fields": {"widget": "textbox", "group": 26, "request_baseline": true, "question": "Supplemental information", "validator": "anything", "survey": 2, "help_text": "< Please provide details of the specific actions/support that you are providing in this area.                                                              < If you have not met the agreed target (see target column), please provide an explanation of the circumstances.                                   >If you are not using national PFM systems (budget execution, financial reporting procedures, national auditing procedures), please explain why and what you are doing to help strengthen them?", "identifier": "15_sup"}}, {"pk": 21, "model": "scorecard_processor.question", "fields": {"widget": "yes_no_na_choice", "group": 9, "request_baseline": true, "question": "Did you undertake a mutual assessment[s] of progress in implementing health sector commitments including on aid effectiveness?", "validator": "anything", "survey": 1, "help_text": null, "identifier": "12"}}, {"pk": 22, "model": "scorecard_processor.question", "fields": {"widget": "textbox", "group": 9, "request_baseline": true, "question": "Supplemental information", "validator": "anything", "survey": 1, "help_text": "<If such a mechanism is not in place please provide details on your efforts to ensure such mechanisms are being introduced in the future, including how it will monitor aid effectiveness.                                                                     <Please provide details of the specific actions/support that you are providing in this area.                                                              < If you have not met the agreed target (see target column), please provide an explanation of the circumstances.", "identifier": "12_sup"}}, {"pk": 68, "model": "scorecard_processor.question", "fields": {"widget": "integer", "group": 27, "request_baseline": true, "question": "How many parallel project implementation units did you make use of in the provision of health sector aid for the government sector 2007 and 2009?", "validator": "anything", "survey": 2, "help_text": null, "identifier": "16"}}, {"pk": 69, "model": "scorecard_processor.question", "fields": {"widget": "textbox", "group": 27, "request_baseline": true, "question": "Supplemental information", "validator": "anything", "survey": 2, "help_text": "< If you have not met the agreed target (see target column), please provide an explanation of the circumstances.                                                   < If you are using PIUs please comment on the trend in use, and plans to reduce the stock of PIUs.  ", "identifier": "16_sup"}}, {"pk": 23, "model": "scorecard_processor.question", "fields": {"widget": "integer", "group": 10, "request_baseline": true, "question": "How many seats were allocated to civil society representatives on the health sector coordination mechanism? ", "validator": "anything", "survey": 1, "help_text": null, "identifier": "13"}}, {"pk": 24, "model": "scorecard_processor.question", "fields": {"widget": "integer", "group": 10, "request_baseline": true, "question": "What is the total number of seats on the health sector coordination mechanism?", "validator": "anything", "survey": 1, "help_text": null, "identifier": "14"}}, {"pk": 25, "model": "scorecard_processor.question", "fields": {"widget": "textbox", "group": 10, "request_baseline": true, "question": "Supplemental information", "validator": "anything", "survey": 1, "help_text": "<Please provide any additional details relating to this.                                                                        <If you wish, please provide details of the specific actions/support that you are providing in this area.                                                              < If you have not met the agreed target (see target column), please provide an explanation of the circumstances.", "identifier": "14_sup"}}, {"pk": 70, "model": "scorecard_processor.question", "fields": {"widget": "yes_no_na_choice", "group": 28, "request_baseline": true, "question": "Did you routinely use a single national performance assessment framework as the primary basis to assess progress in your country? ", "validator": "anything", "survey": 2, "help_text": null, "identifier": "17"}}, {"pk": 71, "model": "scorecard_processor.question", "fields": {"widget": "textbox", "group": 28, "request_baseline": true, "question": "Supplemental information", "validator": "anything", "survey": 2, "help_text": "< If you do not use a single national performance assessment framework please provide details on why, including details on your efforts to use such a framework in the future.", "identifier": "17_sup"}}, {"pk": 26, "model": "scorecard_processor.question", "fields": {"widget": "integer", "group": 11, "request_baseline": true, "question": "What were the total number of Development Partner / Donor missions in 2007 and 2009?", "validator": "anything", "survey": 1, "help_text": null, "identifier": "15"}}, {"pk": 27, "model": "scorecard_processor.question", "fields": {"widget": "textbox", "group": 11, "request_baseline": true, "question": "Supplemental information", "validator": "anything", "survey": 1, "help_text": "<Please comment on the extent to which these have been conducted jointly by Development Partners.", "identifier": "15_sup"}}, {"pk": 72, "model": "scorecard_processor.question", "fields": {"widget": "yes_no_na_choice", "group": 29, "request_baseline": true, "question": "Did you undertake a mutual assessment(s) of progress in implementing health sector commitments, including on aid effectiveness? ", "validator": "anything", "survey": 2, "help_text": null, "identifier": "18"}}, {"pk": 74, "model": "scorecard_processor.question", "fields": {"widget": "textbox", "group": 29, "request_baseline": true, "question": "Supplemental information", "validator": "anything", "survey": 2, "help_text": "< If such a mechanism is not in place please provide details on your efforts to ensure such a mechanism is in place in the future, including how it will monitor aid effectiveness.          <If you have undertaken a mutual assessment, please provide details on how you participated in this mechanism.", "identifier": "18_sup"}}, {"pk": 73, "model": "scorecard_processor.question", "fields": {"widget": "text", "group": 29, "request_baseline": true, "question": "Please comment on the effectiveness of the JAR as an accountability mechanism. ", "validator": "anything", "survey": 2, "help_text": null, "identifier": "19"}}, {"pk": 75, "model": "scorecard_processor.question", "fields": {"widget": "textbox", "group": 29, "request_baseline": true, "question": "Supplemental information", "validator": "anything", "survey": 2, "help_text": "< Please provide an assessment of the strengths and weaknesses of the JAR to to monitor health sector aid effectiveness commitments.                                                              < What needs to be done to strengthen the JAR as an accountability mechanism?", "identifier": "19_sup"}}, {"pk": 28, "model": "scorecard_processor.question", "fields": {"widget": "integer", "group": 12, "request_baseline": true, "question": "How many development partners used a pooled funding mechanism (if it exists)? ", "validator": "anything", "survey": 1, "help_text": null, "identifier": "16"}}, {"pk": 29, "model": "scorecard_processor.question", "fields": {"widget": "textbox", "group": 12, "request_baseline": true, "question": "Supplemental information", "validator": "anything", "survey": 1, "help_text": "<Please name the development partner(s) who used a pooled funding mechanism.", "identifier": "16_sup"}}, {"pk": 76, "model": "scorecard_processor.question", "fields": {"widget": "integer", "group": 30, "request_baseline": true, "question": "What support, if any, did you provide to civil society organisations to enable them to participate in health sector policy processes - including health sector planning, coordination and review mechanisms? ", "validator": "anything", "survey": 2, "help_text": null, "identifier": "20"}}, {"pk": 77, "model": "scorecard_processor.question", "fields": {"widget": "fixed_currency", "group": 31, "request_baseline": true, "question": "How much health sector aid ($USD) did you disburse through other donors (ie. health sector aid that is not captured in your response to Q2 above) at country level in 2007 and 2009?", "validator": "anything", "survey": 2, "help_text": null, "identifier": "21"}}, {"pk": 78, "model": "scorecard_processor.question", "fields": {"widget": "textbox", "group": 31, "request_baseline": true, "question": "Supplemental information", "validator": "anything", "survey": 2, "help_text": "<If you provided this kind of support, please provide further details, including amounts and donors that you disbursed to.", "identifier": "21_sup"}}, {"pk": 30, "model": "scorecard_processor.question", "fields": {"widget": "integer", "group": 13, "request_baseline": true, "question": "How many skilled medical personnel were there in 2007 and 2009?", "validator": "anything", "survey": 1, "help_text": null, "identifier": "17"}}, {"pk": 31, "model": "scorecard_processor.question", "fields": {"widget": "integer", "group": 13, "request_baseline": true, "question": "What was the total population in 2007 and 2009?", "validator": "anything", "survey": 1, "help_text": null, "identifier": "18"}}, {"pk": 32, "model": "scorecard_processor.question", "fields": {"widget": "textbox", "group": 13, "request_baseline": true, "question": "Supplemental information", "validator": "anything", "survey": 1, "help_text": "<Is the availability of skilled medical personnel sufficient?                                   <Does it meet national targets, if these exist?                                       <What are the obstacles to improving the availability of skiller health workers?", "identifier": "18_sup"}}, {"pk": 79, "model": "scorecard_processor.question", "fields": {"widget": "fixed_currency", "group": 32, "request_baseline": true, "question": "How much general budget support ($USD) did you disburse in 2007 and 2009?", "validator": "anything", "survey": 2, "help_text": null, "identifier": "22"}}, {"pk": 80, "model": "scorecard_processor.question", "fields": {"widget": "fixed_currency", "group": 32, "request_baseline": true, "question": "How much sector budget support did you disburse in 2007 and 2009?", "validator": "anything", "survey": 2, "help_text": null, "identifier": "23"}}, {"pk": 33, "model": "scorecard_processor.question", "fields": {"widget": "integer", "group": 14, "request_baseline": true, "question": "How many total outpatient department visits were there in 2007 and 2009?", "validator": "anything", "survey": 1, "help_text": null, "identifier": "19"}}, {"pk": 34, "model": "scorecard_processor.question", "fields": {"widget": "textbox", "group": 14, "request_baseline": true, "question": "Supplemental information", "validator": "anything", "survey": 1, "help_text": "<How does this relate to national targets, if these exist?", "identifier": "19_sup"}}, {"pk": 35, "model": "scorecard_processor.question", "fields": {"widget": "fixed_currency", "group": 15, "request_baseline": true, "question": "What was the total amount ($USD) spent on the health workforce in 2007 and 2009?", "validator": "anything", "survey": 1, "help_text": null, "identifier": "20"}}, {"pk": 36, "model": "scorecard_processor.question", "fields": {"widget": "textbox", "group": 15, "request_baseline": true, "question": "Supplemental information", "validator": "anything", "survey": 1, "help_text": "<How does this relate to national targets (if these exist), or projected need?", "identifier": "20_sup"}}, {"pk": 37, "model": "scorecard_processor.question", "fields": {"widget": "yes_no_na_choice", "group": 16, "request_baseline": true, "question": "Does the HMIS provides timely, relevant and robust data on results (see supplementary questions)? ", "validator": "anything", "survey": 1, "help_text": null, "identifier": "21"}}, {"pk": 38, "model": "scorecard_processor.question", "fields": {"widget": "textbox", "group": 16, "request_baseline": true, "question": "Supplemental information", "validator": "anything", "survey": 1, "help_text": "<What year is the latest available  data from?                                           <By what date (year and month) was the data available?                                            <What % of hospitals and health centres provided data?", "identifier": "21_sup"}}, {"pk": 39, "model": "scorecard_processor.question", "fields": {"widget": "integer", "group": 17, "request_baseline": true, "question": "How many Indicators are there in the National Results Framework?", "validator": "anything", "survey": 1, "help_text": null, "identifier": "22"}}, {"pk": 40, "model": "scorecard_processor.question", "fields": {"widget": "integer", "group": 17, "request_baseline": true, "question": "How many Indicators were actually tracked (eg to respond to requests from DPs for additional reporting)?", "validator": "anything", "survey": 1, "help_text": null, "identifier": "23"}}, {"pk": 41, "model": "scorecard_processor.question", "fields": {"widget": "textbox", "group": 17, "request_baseline": true, "question": "Supplemental information", "validator": "anything", "survey": 1, "help_text": "<Did development partners request that additional indicators were tracked (in addition to those included in the national results framework)?                                              <If so, which development partners and how many indicators?", "identifier": "23_sup"}}, {"pk": 42, "model": "scorecard_processor.question", "fields": {"widget": "date", "group": 18, "request_baseline": true, "question": "When was the date of the last Joint Annual Health Sector Review (JAR)? ", "validator": "anything", "survey": 1, "help_text": null, "identifier": "24"}}, {"pk": 43, "model": "scorecard_processor.question", "fields": {"widget": "text", "group": 18, "request_baseline": true, "question": "Please comment on the level of representation at the JAR?  ", "validator": "anything", "survey": 1, "help_text": null, "identifier": "25"}}, {"pk": 44, "model": "scorecard_processor.question", "fields": {"widget": "text", "group": 18, "request_baseline": true, "question": "Please comment on the effectiveness of the JAR as an accountability mechanism ", "validator": "anything", "survey": 1, "help_text": null, "identifier": "26"}}, {"pk": 1, "model": "scorecard_processor.responseset", "fields": {"submission_date": "2011-11-25 15:03:01", "respondant": 1, "data_series": [5, 16], "entity": 2, "survey": 2, "last_update": "2011-11-25 15:03:01"}}, {"pk": 1, "model": "scorecard_processor.scorecard", "fields": {"project": 1, "name": "Example scorecard"}}, {"pk": 1, "model": "scorecard_processor.operation", "fields": {"indicator": true, "configuration": "", "description": "Unweighted aid spend (%)", "scorecard": 1, "operation": "num_denom", "identifier": "U1"}}, {"pk": 1, "model": "scorecard_processor.operationargument", "fields": {"instance_id": 1, "position": 0, "operation": 1, "instance_content_type": 15, "argument_extractor": "value"}}, {"pk": 2, "model": "scorecard_processor.operationargument", "fields": {"instance_id": 2, "position": 1, "operation": 1, "instance_content_type": 15, "argument_extractor": "value"}}]